solid csg.js
facet normal 0 0 -1
outer loop
vertex 116.46254511517792 -53.12300963044697 0
vertex 117.4561315241081 -53.13017121361884 0
vertex 118.44970039343781 -53.139452494751126 0
endloop
endfacet
facet normal 0 0 -1
outer loop
vertex 116.46254511517792 -53.12300963044697 0
vertex 118.44970039343781 -53.139452494751126 0
vertex 119.44324720105827 -53.15085343160115 0
endloop
endfacet
facet normal 0 0 -1
outer loop
vertex 116.46254511517792 -53.12300963044697 0
vertex 119.44324720105827 -53.15085343160115 0
vertex 120.43676742493778 -53.16437397227857 0
endloop
endfacet
facet normal 0 0 -1
outer loop
vertex 116.46254511517792 -53.12300963044697 0
vertex 120.43676742493778 -53.16437397227857 0
vertex 121.43025654318673 -53.180014055246374 0
endloop
endfacet
facet normal 0 0 -1
outer loop
vertex 116.46254511517792 -53.12300963044697 0
vertex 121.43025654318673 -53.180014055246374 0
vertex 122.42371003406251 -53.197773609320606 0
endloop
endfacet
facet normal 0 0 -1
outer loop
vertex 116.46254511517792 -53.12300963044697 0
vertex 122.42371003406251 -53.197773609320606 0
vertex 123.41712337595548 -53.21765255367029 0
endloop
endfacet
facet normal 0 0 -1
outer loop
vertex 116.46254511517792 -53.12300963044697 0
vertex 123.41712337595548 -53.21765255367029 0
vertex 124.41049204746699 -53.23965079781895 0
endloop
endfacet
facet normal 0 0 -1
outer loop
vertex 116.46254511517792 -53.12300963044697 0
vertex 124.41049204746699 -53.23965079781895 0
vertex 125.40381152738307 -53.26376824164382 0
endloop
endfacet
facet normal 0 0 -1
outer loop
vertex 116.46254511517792 -53.12300963044697 0
vertex 125.40381152738307 -53.26376824164382 0
vertex 126.39707729472737 -53.290004775377156 0
endloop
endfacet
facet normal 0 0 -1
outer loop
vertex 116.46254511517792 -53.12300963044697 0
vertex 126.39707729472737 -53.290004775377156 0
vertex 127.39028482876436 -53.31836027960645 0
endloop
endfacet
facet normal 0 0 -1
outer loop
vertex 116.46254511517792 -53.12300963044697 0
vertex 127.39028482876436 -53.31836027960645 0
vertex 128.38342960901844 -53.34883462527465 0
endloop
endfacet
facet normal 0 0 -1
outer loop
vertex 116.46254511517792 -53.12300963044697 0
vertex 128.38342960901844 -53.34883462527465 0
vertex 129.37650711529702 -53.38142767368117 0
endloop
endfacet
facet normal 0 0 -1
outer loop
vertex 116.46254511517792 -53.12300963044697 0
vertex 129.37650711529702 -53.38142767368117 0
vertex 130.3695128277207 -53.41613927648227 0
endloop
endfacet
facet normal 0 0 -1
outer loop
vertex 116.46254511517792 -53.12300963044697 0
vertex 130.3695128277207 -53.41613927648227 0
vertex 131.3624422267425 -53.45296927569234 0
endloop
endfacet
facet normal 0 0 -1
outer loop
vertex 116.46254511517792 -53.12300963044697 0
vertex 131.3624422267425 -53.45296927569234 0
vertex 132.35529079315265 -53.49191750368357 0
endloop
endfacet
facet normal 0 0 -1
outer loop
vertex 116.46254511517792 -53.12300963044697 0
vertex 132.35529079315265 -53.49191750368357 0
vertex 133.3480540081079 -53.532983783187376 0
endloop
endfacet
facet normal 0 0 -1
outer loop
vertex 116.46254511517792 -53.12300963044697 0
vertex 133.3480540081079 -53.532983783187376 0
vertex 134.34072735316525 -53.57616792729553 0
endloop
endfacet
facet normal 0 0 -1
outer loop
vertex 116.46254511517792 -53.12300963044697 0
vertex 134.34072735316525 -53.57616792729553 0
vertex 135.33330631027283 -53.621469739459684 0
endloop
endfacet
facet normal 0 0 -1
outer loop
vertex 116.46254511517792 -53.12300963044697 0
vertex 135.33330631027283 -53.621469739459684 0
vertex 136.32578636182808 -53.66888901349424 0
endloop
endfacet
facet normal 0 0 -1
outer loop
vertex 116.46254511517792 -53.12300963044697 0
vertex 136.32578636182808 -53.66888901349424 0
vertex 137.3181629906657 -53.7184255335755 0
endloop
endfacet
facet normal 0 0 -1
outer loop
vertex 116.46254511517792 -53.12300963044697 0
vertex 137.3181629906657 -53.7184255335755 0
vertex 138.31043168009498 -53.77007907424348 0
endloop
endfacet
facet normal 0 0 -1
outer loop
vertex 116.46254511517792 -53.12300963044697 0
vertex 138.31043168009498 -53.77007907424348 0
vertex 139.30258791391046 -53.82384940040265 0
endloop
endfacet
facet normal 0 0 -1
outer loop
vertex 116.46254511517792 -53.12300963044697 0
vertex 139.30258791391046 -53.82384940040265 0
vertex 140.29462717643838 -53.879736267324176 0
endloop
endfacet
facet normal 0 0 -1
outer loop
vertex 116.46254511517792 -53.12300963044697 0
vertex 140.29462717643838 -53.879736267324176 0
vertex 141.2865449525059 -53.937739420644164 0
endloop
endfacet
facet normal 0 0 -1
outer loop
vertex 116.46254511517792 -53.12300963044697 0
vertex 141.2865449525059 -53.937739420644164 0
vertex 142.27833672752843 -53.997858596368985 0
endloop
endfacet
facet normal 0 0 -1
outer loop
vertex 116.46254511517792 -53.12300963044697 0
vertex 142.27833672752843 -53.997858596368985 0
vertex 143.2699979874618 -54.0600935208719 0
endloop
endfacet
facet normal 0 0 -1
outer loop
vertex 116.46254511517792 -53.12300963044697 0
vertex 143.2699979874618 -54.0600935208719 0
vertex 144.26152421887758 -54.12444391089808 0
endloop
endfacet
facet normal 0 0 -1
outer loop
vertex 116.46254511517792 -53.12300963044697 0
vertex 144.26152421887758 -54.12444391089808 0
vertex 145.25291090895846 -54.19090947356415 0
endloop
endfacet
facet normal 0 0 -1
outer loop
vertex 116.46254511517792 -53.12300963044697 0
vertex 145.25291090895846 -54.19090947356415 0
vertex 146.24415354550624 -54.25948990635871 0
endloop
endfacet
facet normal 0 0 -1
outer loop
vertex 116.46254511517792 -53.12300963044697 0
vertex 146.24415354550624 -54.25948990635871 0
vertex 147.23524761700708 -54.330184897146665 0
endloop
endfacet
facet normal 0 0 -1
outer loop
vertex 116.46254511517792 -53.12300963044697 0
vertex 147.23524761700708 -54.330184897146665 0
vertex 148.2261886126017 -54.40299412416735 0
endloop
endfacet
facet normal 0 0 -1
outer loop
vertex 116.46254511517792 -53.12300963044697 0
vertex 148.2261886126017 -54.40299412416735 0
vertex 149.21697202212374 -54.477917256036974 0
endloop
endfacet
facet normal 0 0 -1
outer loop
vertex 116.46254511517792 -53.12300963044697 0
vertex 149.21697202212374 -54.477917256036974 0
vertex 150.2075933361492 -54.55495395175254 0
endloop
endfacet
facet normal 0 0 -1
outer loop
vertex 116.46254511517792 -53.12300963044697 0
vertex 150.2075933361492 -54.55495395175254 0
vertex 151.19804804596868 -54.63410386068945 0
endloop
endfacet
facet normal 0 0 -1
outer loop
vertex 116.46254511517792 -53.12300963044697 0
vertex 151.19804804596868 -54.63410386068945 0
vertex 152.18833164363198 -54.71536662260539 0
endloop
endfacet
facet normal 0 0 -1
outer loop
vertex 116.46254511517792 -53.12300963044697 0
vertex 152.18833164363198 -54.71536662260539 0
vertex 153.17843962198342 -54.79874186764263 0
endloop
endfacet
facet normal 0 0 -1
outer loop
vertex 116.46254511517792 -53.12300963044697 0
vertex 153.17843962198342 -54.79874186764263 0
vertex 154.16836747465663 -54.88422921632812 0
endloop
endfacet
facet normal 0 0 -1
outer loop
vertex 116.46254511517792 -53.12300963044697 0
vertex 154.16836747465663 -54.88422921632812 0
vertex 155.1581106961107 -54.9718282795761 0
endloop
endfacet
facet normal 0 0 -1
outer loop
vertex 116.46254511517792 -53.12300963044697 0
vertex 155.1581106961107 -54.9718282795761 0
vertex 156.14766478161903 -55.061538658687454 0
endloop
endfacet
facet normal 0 0 -1
outer loop
vertex 116.46254511517792 -53.12300963044697 0
vertex 156.14766478161903 -55.061538658687454 0
vertex 157.13702522736688 -55.15335994535809 0
endloop
endfacet
facet normal 0 0 -1
outer loop
vertex 116.46254511517792 -53.12300963044697 0
vertex 157.13702522736688 -55.15335994535809 0
vertex 158.1261875303619 -55.24729172167093 0
endloop
endfacet
facet normal 0 0 -1
outer loop
vertex 116.46254511517792 -53.12300963044697 0
vertex 158.1261875303619 -55.24729172167093 0
vertex 159.11514718857435 -55.34333356010919 0
endloop
endfacet
facet normal 0 0 -1
outer loop
vertex 116.46254511517792 -53.12300963044697 0
vertex 159.11514718857435 -55.34333356010919 0
vertex 160.10389970082974 -55.44148502354571 0
endloop
endfacet
facet normal 0 0 -1
outer loop
vertex 116.46254511517792 -53.12300963044697 0
vertex 160.10389970082974 -55.44148502354571 0
vertex 161.09244056696718 -55.54174566525853 0
endloop
endfacet
facet normal 0 0 -1
outer loop
vertex 116.46254511517792 -53.12300963044697 0
vertex 161.09244056696718 -55.54174566525853 0
vertex 162.08076528772324 -55.64411502891963 0
endloop
endfacet
facet normal 0 0 -1
outer loop
vertex 116.46254511517792 -53.12300963044697 0
vertex 162.08076528772324 -55.64411502891963 0
vertex 163.0688693648659 -55.74859264860795 0
endloop
endfacet
facet normal 0 0 -1
outer loop
vertex 116.46254511517792 -53.12300963044697 0
vertex 163.0688693648659 -55.74859264860795 0
vertex 164.05674830114864 -55.85517804880517 0
endloop
endfacet
facet normal 0 0 -1
outer loop
vertex 116.46254511517792 -53.12300963044697 0
vertex 164.05674830114864 -55.85517804880517 0
vertex 165.04439760034685 -55.96387074439943 0
endloop
endfacet
facet normal 0 0 -1
outer loop
vertex 116.46254511517792 -53.12300963044697 0
vertex 165.04439760034685 -55.96387074439943 0
vertex 166.03181276728577 -56.07467024068808 0
endloop
endfacet
facet normal 0 0 -1
outer loop
vertex 116.46254511517792 -53.12300963044697 0
vertex 166.03181276728577 -56.07467024068808 0
vertex 167.01898930786297 -56.187576033380395 0
endloop
endfacet
facet normal 0 0 -1
outer loop
vertex 116.46254511517792 -53.12300963044697 0
vertex 167.01898930786297 -56.187576033380395 0
vertex 168.00592272904694 -56.302587608597435 0
endloop
endfacet
facet normal 0 0 -1
outer loop
vertex 116.46254511517792 -53.12300963044697 0
vertex 168.00592272904694 -56.302587608597435 0
vertex 168.99260853892014 -56.41970444287679 0
endloop
endfacet
facet normal 0 0 -1
outer loop
vertex 116.46254511517792 -53.12300963044697 0
vertex 168.99260853892014 -56.41970444287679 0
vertex 169.9790422467058 -56.5389260031759 0
endloop
endfacet
facet normal 0 0 -1
outer loop
vertex 116.46254511517792 -53.12300963044697 0
vertex 169.9790422467058 -56.5389260031759 0
vertex 170.96521936273373 -56.660251746867715 0
endloop
endfacet
facet normal 0 0 -1
outer loop
vertex 116.46254511517792 -53.12300963044697 0
vertex 170.96521936273373 -56.660251746867715 0
vertex 171.9511353985701 -56.783681121756956 0
endloop
endfacet
facet normal 0 0 -1
outer loop
vertex 116.46254511517792 -53.12300963044697 0
vertex 171.9511353985701 -56.783681121756956 0
vertex 172.93678586689305 -56.90921356606404 0
endloop
endfacet
facet normal 0 0 -1
outer loop
vertex 116.46254511517792 -53.12300963044697 0
vertex 172.93678586689305 -56.90921356606404 0
vertex 173.92216628163564 -57.03684850844357 0
endloop
endfacet
facet normal 0 0 -1
outer loop
vertex 116.46254511517792 -53.12300963044697 0
vertex 173.92216628163564 -57.03684850844357 0
vertex 174.90727215796122 -57.166585367980815 0
endloop
endfacet
facet normal 0 0 -1
outer loop
vertex 116.46254511517792 -53.12300963044697 0
vertex 174.90727215796122 -57.166585367980815 0
vertex 175.892099012252 -57.29842355419072 0
endloop
endfacet
facet normal 0 0 -1
outer loop
vertex 116.46254511517792 -53.12300963044697 0
vertex 175.892099012252 -57.29842355419072 0
vertex 176.8766423622042 -57.432362467029805 0
endloop
endfacet
facet normal 0 0 -1
outer loop
vertex 116.46254511517792 -53.12300963044697 0
vertex 176.8766423622042 -57.432362467029805 0
vertex 177.86089780000034 -57.56840140000001 0
endloop
endfacet
facet normal 0 0 -1
outer loop
vertex 116.46254511517792 -53.12300963044697 0
vertex 177.86089780000034 -57.56840140000001 0
vertex 49.34542206871624 -57.56840140000001 0
endloop
endfacet
facet normal 0 0 -1
outer loop
vertex 116.46254511517792 -53.12300963044697 0
vertex 49.34542206871624 -57.56840140000001 0
vertex 50.08905649195987 -57.46522693020103 0
endloop
endfacet
facet normal 0 0 -1
outer loop
vertex 116.46254511517792 -53.12300963044697 0
vertex 50.08905649195987 -57.46522693020103 0
vertex 51.07353027330457 -57.33077763071509 0
endloop
endfacet
facet normal 0 0 -1
outer loop
vertex 116.46254511517792 -53.12300963044697 0
vertex 51.07353027330457 -57.33077763071509 0
vertex 52.05828864801619 -57.198428910600626 0
endloop
endfacet
facet normal 0 0 -1
outer loop
vertex 116.46254511517792 -53.12300963044697 0
vertex 52.05828864801619 -57.198428910600626 0
vertex 53.04332713408201 -57.06818137222743 0
endloop
endfacet
facet normal 0 0 -1
outer loop
vertex 116.46254511517792 -53.12300963044697 0
vertex 53.04332713408201 -57.06818137222743 0
vertex 54.02864124821453 -56.94003560840207 0
endloop
endfacet
facet normal 0 0 -1
outer loop
vertex 116.46254511517792 -53.12300963044697 0
vertex 54.02864124821453 -56.94003560840207 0
vertex 55.014226505847006 -56.81399220236807 0
endloop
endfacet
facet normal 0 0 -1
outer loop
vertex 116.46254511517792 -53.12300963044697 0
vertex 55.014226505847006 -56.81399220236807 0
vertex 56.00007842122174 -56.69005172779495 0
endloop
endfacet
facet normal 0 0 -1
outer loop
vertex 116.46254511517792 -53.12300963044697 0
vertex 56.00007842122174 -56.69005172779495 0
vertex 56.98619250733255 -56.56821474878535 0
endloop
endfacet
facet normal 0 0 -1
outer loop
vertex 116.46254511517792 -53.12300963044697 0
vertex 56.98619250733255 -56.56821474878535 0
vertex 57.972564275998934 -56.44848181986575 0
endloop
endfacet
facet normal 0 0 -1
outer loop
vertex 116.46254511517792 -53.12300963044697 0
vertex 57.972564275998934 -56.44848181986575 0
vertex 58.95918923785558 -56.3308534859878 0
endloop
endfacet
facet normal 0 0 -1
outer loop
vertex 116.46254511517792 -53.12300963044697 0
vertex 58.95918923785558 -56.3308534859878 0
vertex 59.94606290238463 -56.21533028252421 0
endloop
endfacet
facet normal 0 0 -1
outer loop
vertex 116.46254511517792 -53.12300963044697 0
vertex 59.94606290238463 -56.21533028252421 0
vertex 60.93318077794654 -56.10191273526526 0
endloop
endfacet
facet normal 0 0 -1
outer loop
vertex 116.46254511517792 -53.12300963044697 0
vertex 60.93318077794654 -56.10191273526526 0
vertex 61.92053837178812 -55.990601360417884 0
endloop
endfacet
facet normal 0 0 -1
outer loop
vertex 116.46254511517792 -53.12300963044697 0
vertex 61.92053837178812 -55.990601360417884 0
vertex 62.90813119005396 -55.8813966646041 0
endloop
endfacet
facet normal 0 0 -1
outer loop
vertex 116.46254511517792 -53.12300963044697 0
vertex 62.90813119005396 -55.8813966646041 0
vertex 63.895954737835716 -55.77429914485589 0
endloop
endfacet
facet normal 0 0 -1
outer loop
vertex 116.46254511517792 -53.12300963044697 0
vertex 63.895954737835716 -55.77429914485589 0
vertex 64.88400451915025 -55.6693092886172 0
endloop
endfacet
facet normal 0 0 -1
outer loop
vertex 116.46254511517792 -53.12300963044697 0
vertex 64.88400451915025 -55.6693092886172 0
vertex 65.87227603702817 -55.56642757373456 0
endloop
endfacet
facet normal 0 0 -1
outer loop
vertex 116.46254511517792 -53.12300963044697 0
vertex 65.87227603702817 -55.56642757373456 0
vertex 66.86076479342009 -55.46565446846691 0
endloop
endfacet
facet normal 0 0 -1
outer loop
vertex 116.46254511517792 -53.12300963044697 0
vertex 66.86076479342009 -55.46565446846691 0
vertex 67.84946628937563 -55.3669904314673 0
endloop
endfacet
facet normal 0 0 -1
outer loop
vertex 116.46254511517792 -53.12300963044697 0
vertex 67.84946628937563 -55.3669904314673 0
vertex 68.83837602489812 -55.270435911797165 0
endloop
endfacet
facet normal 0 0 -1
outer loop
vertex 116.46254511517792 -53.12300963044697 0
vertex 68.83837602489812 -55.270435911797165 0
vertex 69.82748949908456 -55.17599134891273 0
endloop
endfacet
facet normal 0 0 -1
outer loop
vertex 116.46254511517792 -53.12300963044697 0
vertex 69.82748949908456 -55.17599134891273 0
vertex 70.81680221010424 -55.083657172667046 0
endloop
endfacet
facet normal 0 0 -1
outer loop
vertex 116.46254511517792 -53.12300963044697 0
vertex 70.81680221010424 -55.083657172667046 0
vertex 71.80630965520834 -54.99343380330902 0
endloop
endfacet
facet normal 0 0 -1
outer loop
vertex 116.46254511517792 -53.12300963044697 0
vertex 71.80630965520834 -54.99343380330902 0
vertex 72.79600733074535 -54.905321651481984 0
endloop
endfacet
facet normal 0 0 -1
outer loop
vertex 116.46254511517792 -53.12300963044697 0
vertex 72.79600733074535 -54.905321651481984 0
vertex 73.78589073224988 -54.819321118215555 0
endloop
endfacet
facet normal 0 0 -1
outer loop
vertex 116.46254511517792 -53.12300963044697 0
vertex 73.78589073224988 -54.819321118215555 0
vertex 74.7759553543529 -54.73543259493388 0
endloop
endfacet
facet normal 0 0 -1
outer loop
vertex 116.46254511517792 -53.12300963044697 0
vertex 74.7759553543529 -54.73543259493388 0
vertex 75.76619669090148 -54.65365646344475 0
endloop
endfacet
facet normal 0 0 -1
outer loop
vertex 116.46254511517792 -53.12300963044697 0
vertex 75.76619669090148 -54.65365646344475 0
vertex 76.75661023490645 -54.573993095944445 0
endloop
endfacet
facet normal 0 0 -1
outer loop
vertex 116.46254511517792 -53.12300963044697 0
vertex 76.75661023490645 -54.573993095944445 0
vertex 77.74719147863095 -54.4964428550104 0
endloop
endfacet
facet normal 0 0 -1
outer loop
vertex 116.46254511517792 -53.12300963044697 0
vertex 77.74719147863095 -54.4964428550104 0
vertex 78.73793591354617 -54.421006093604575 0
endloop
endfacet
facet normal 0 0 -1
outer loop
vertex 116.46254511517792 -53.12300963044697 0
vertex 78.73793591354617 -54.421006093604575 0
vertex 79.72883903038571 -54.34768315506909 0
endloop
endfacet
facet normal 0 0 -1
outer loop
vertex 116.46254511517792 -53.12300963044697 0
vertex 79.72883903038571 -54.34768315506909 0
vertex 80.71989631917826 -54.27647437312427 0
endloop
endfacet
facet normal 0 0 -1
outer loop
vertex 116.46254511517792 -53.12300963044697 0
vertex 80.71989631917826 -54.27647437312427 0
vertex 81.71110326921414 -54.207380071870475 0
endloop
endfacet
facet normal 0 0 -1
outer loop
vertex 116.46254511517792 -53.12300963044697 0
vertex 81.71110326921414 -54.207380071870475 0
vertex 82.70245536915822 -54.14040056578057 0
endloop
endfacet
facet normal 0 0 -1
outer loop
vertex 116.46254511517792 -53.12300963044697 0
vertex 82.70245536915822 -54.14040056578057 0
vertex 83.69394810695272 -54.07553615970613 0
endloop
endfacet
facet normal 0 0 -1
outer loop
vertex 116.46254511517792 -53.12300963044697 0
vertex 83.69394810695272 -54.07553615970613 0
vertex 84.6855769699469 -54.012787148869236 0
endloop
endfacet
facet normal 0 0 -1
outer loop
vertex 116.46254511517792 -53.12300963044697 0
vertex 84.6855769699469 -54.012787148869236 0
vertex 85.67733744484852 -53.95215381886513 0
endloop
endfacet
facet normal 0 0 -1
outer loop
vertex 116.46254511517792 -53.12300963044697 0
vertex 85.67733744484852 -53.95215381886513 0
vertex 86.66922501776489 -53.89363644566009 0
endloop
endfacet
facet normal 0 0 -1
outer loop
vertex 116.46254511517792 -53.12300963044697 0
vertex 86.66922501776489 -53.89363644566009 0
vertex 87.66123517425127 -53.837235295588115 0
endloop
endfacet
facet normal 0 0 -1
outer loop
vertex 116.46254511517792 -53.12300963044697 0
vertex 87.66123517425127 -53.837235295588115 0
vertex 88.6533633992501 -53.782950625354715 0
endloop
endfacet
facet normal 0 0 -1
outer loop
vertex 116.46254511517792 -53.12300963044697 0
vertex 88.6533633992501 -53.782950625354715 0
vertex 89.645605177246 -53.73078268202801 0
endloop
endfacet
facet normal 0 0 -1
outer loop
vertex 116.46254511517792 -53.12300963044697 0
vertex 89.645605177246 -53.73078268202801 0
vertex 90.63795599211093 -53.6807317030473 0
endloop
endfacet
facet normal 0 0 -1
outer loop
vertex 116.46254511517792 -53.12300963044697 0
vertex 90.63795599211093 -53.6807317030473 0
vertex 91.6304113273177 -53.6327979162115 0
endloop
endfacet
facet normal 0 0 -1
outer loop
vertex 116.46254511517792 -53.12300963044697 0
vertex 91.6304113273177 -53.6327979162115 0
vertex 92.62296666578402 -53.586981539687585 0
endloop
endfacet
facet normal 0 0 -1
outer loop
vertex 116.46254511517792 -53.12300963044697 0
vertex 92.62296666578402 -53.586981539687585 0
vertex 93.61561749001855 -53.54328278200309 0
endloop
endfacet
facet normal 0 0 -1
outer loop
vertex 116.46254511517792 -53.12300963044697 0
vertex 93.61561749001855 -53.54328278200309 0
vertex 94.60835928208526 -53.501701842047694 0
endloop
endfacet
facet normal 0 0 -1
outer loop
vertex 116.46254511517792 -53.12300963044697 0
vertex 94.60835928208526 -53.501701842047694 0
vertex 95.60118752363444 -53.462238909072454 0
endloop
endfacet
facet normal 0 0 -1
outer loop
vertex 116.46254511517792 -53.12300963044697 0
vertex 95.60118752363444 -53.462238909072454 0
vertex 96.59409769590118 -53.42489416268921 0
endloop
endfacet
facet normal 0 0 -1
outer loop
vertex 116.46254511517792 -53.12300963044697 0
vertex 96.59409769590118 -53.42489416268921 0
vertex 97.58708527978042 -53.389667772867625 0
endloop
endfacet
facet normal 0 0 -1
outer loop
vertex 116.46254511517792 -53.12300963044697 0
vertex 97.58708527978042 -53.389667772867625 0
vertex 98.58014575580125 -53.35655989993694 0
endloop
endfacet
facet normal 0 0 -1
outer loop
vertex 116.46254511517792 -53.12300963044697 0
vertex 98.58014575580125 -53.35655989993694 0
vertex 99.57327460415625 -53.3255706945838 0
endloop
endfacet
facet normal 0 0 -1
outer loop
vertex 116.46254511517792 -53.12300963044697 0
vertex 99.57327460415625 -53.3255706945838 0
vertex 100.56646730473695 -53.296700297852055 0
endloop
endfacet
facet normal 0 0 -1
outer loop
vertex 116.46254511517792 -53.12300963044697 0
vertex 100.56646730473695 -53.296700297852055 0
vertex 101.55971933712155 -53.26994884114258 0
endloop
endfacet
facet normal 0 0 -1
outer loop
vertex 116.46254511517792 -53.12300963044697 0
vertex 101.55971933712155 -53.26994884114258 0
vertex 102.55302618065724 -53.24531644621089 0
endloop
endfacet
facet normal 0 0 -1
outer loop
vertex 116.46254511517792 -53.12300963044697 0
vertex 102.55302618065724 -53.24531644621089 0
vertex 103.5463833143916 -53.222803225169415 0
endloop
endfacet
facet normal 0 0 -1
outer loop
vertex 116.46254511517792 -53.12300963044697 0
vertex 103.5463833143916 -53.222803225169415 0
vertex 104.53978621720846 -53.20240928048358 0
endloop
endfacet
facet normal 0 0 -1
outer loop
vertex 116.46254511517792 -53.12300963044697 0
vertex 104.53978621720846 -53.20240928048358 0
vertex 105.5332303677077 -53.184134704974966 0
endloop
endfacet
facet normal 0 0 -1
outer loop
vertex 116.46254511517792 -53.12300963044697 0
vertex 105.5332303677077 -53.184134704974966 0
vertex 106.52671124436931 -53.167979581817775 0
endloop
endfacet
facet normal 0 0 -1
outer loop
vertex 116.46254511517792 -53.12300963044697 0
vertex 106.52671124436931 -53.167979581817775 0
vertex 107.52022432544247 -53.15394398454066 0
endloop
endfacet
facet normal 0 0 -1
outer loop
vertex 116.46254511517792 -53.12300963044697 0
vertex 107.52022432544247 -53.15394398454066 0
vertex 108.51376508911379 -53.14202797702444 0
endloop
endfacet
facet normal 0 0 -1
outer loop
vertex 116.46254511517792 -53.12300963044697 0
vertex 108.51376508911379 -53.14202797702444 0
vertex 109.50732901334435 -53.13223161350413 0
endloop
endfacet
facet normal 0 0 -1
outer loop
vertex 116.46254511517792 -53.12300963044697 0
vertex 109.50732901334435 -53.13223161350413 0
vertex 110.50091157606253 -53.12455493856643 0
endloop
endfacet
facet normal 0 0 -1
outer loop
vertex 116.46254511517792 -53.12300963044697 0
vertex 110.50091157606253 -53.12455493856643 0
vertex 113.4817258730435 -53.11424334640611 0
endloop
endfacet
facet normal 0 0 -1
outer loop
vertex 177.86089780000034 -57.56840140000001 0
vertex 194.36325090000003 -58.4332531 0
vertex 194.35365432035854 -58.616366745327014 0
endloop
endfacet
facet normal 0 0 -1
outer loop
vertex 177.86089780000034 -57.56840140000001 0
vertex 194.35365432035854 -58.616366745327014 0
vertex 42.22404900776987 -58.616366745327014 0
endloop
endfacet
facet normal 0 0 -1
outer loop
vertex 177.86089780000034 -57.56840140000001 0
vertex 42.22404900776987 -58.616366745327014 0
vertex 43.20608484924237 -58.465135642875936 0
endloop
endfacet
facet normal 0 0 -1
outer loop
vertex 177.86089780000034 -57.56840140000001 0
vertex 43.20608484924237 -58.465135642875936 0
vertex 44.188441091878644 -58.31599995689291 0
endloop
endfacet
facet normal 0 0 -1
outer loop
vertex 177.86089780000034 -57.56840140000001 0
vertex 44.188441091878644 -58.31599995689291 0
vertex 45.17111326459832 -58.16896036615174 0
endloop
endfacet
facet normal 0 0 -1
outer loop
vertex 177.86089780000034 -57.56840140000001 0
vertex 45.17111326459832 -58.16896036615174 0
vertex 46.154096894878826 -58.024017539886756 0
endloop
endfacet
facet normal 0 0 -1
outer loop
vertex 177.86089780000034 -57.56840140000001 0
vertex 46.154096894878826 -58.024017539886756 0
vertex 47.13738750877572 -57.88117213778972 0
endloop
endfacet
facet normal 0 0 -1
outer loop
vertex 177.86089780000034 -57.56840140000001 0
vertex 47.13738750877572 -57.88117213778972 0
vertex 48.12098063096255 -57.74042481000376 0
endloop
endfacet
facet normal 0 0 -1
outer loop
vertex 177.86089780000034 -57.56840140000001 0
vertex 48.12098063096255 -57.74042481000376 0
vertex 49.10487178471017 -57.601776197126895 0
endloop
endfacet
facet normal 0 0 -1
outer loop
vertex 177.86089780000034 -57.56840140000001 0
vertex 49.10487178471017 -57.601776197126895 0
vertex 49.34542206871624 -57.56840140000001 0
endloop
endfacet
facet normal 0 0 -1
outer loop
vertex 194.35365432035854 -58.616366745327014 0
vertex 188.7665745 -165.224199 0
vertex 31.263451065097406 -165.224199 0
endloop
endfacet
facet normal 0 0 -1
outer loop
vertex 194.35365432035854 -58.616366745327014 0
vertex 31.263451065097406 -165.224199 0
vertex 25.721696199999997 -59.4812184 0
endloop
endfacet
facet normal 0 0 -1
outer loop
vertex 194.35365432035854 -58.616366745327014 0
vertex 25.721696199999997 -59.4812184 0
vertex 42.22404900776987 -58.616366745327014 0
endloop
endfacet
facet normal 0 0 -1
outer loop
vertex 188.7665745 -165.224199 0
vertex 189.1032243600414 -166.27216429999996 0
vertex 31.318372600000007 -166.27216429999996 0
endloop
endfacet
facet normal 0 0 -1
outer loop
vertex 188.7665745 -165.224199 0
vertex 31.318372600000007 -166.27216429999996 0
vertex 31.263451065097406 -165.224199 0
endloop
endfacet
facet normal 0 0 -1
outer loop
vertex 189.1032243600414 -166.27216429999996 0
vertex 195.65393890000004 -186.66403830000007 0
vertex 193.80533710000003 -211.3368145 0
endloop
endfacet
facet normal 0 0 -1
outer loop
vertex 189.1032243600414 -166.27216429999996 0
vertex 193.80533710000003 -211.3368145 0
vertex 179.01809893261859 -223.40657228853217 0
endloop
endfacet
facet normal 0 0 -1
outer loop
vertex 189.1032243600414 -166.27216429999996 0
vertex 179.01809893261859 -223.40657228853217 0
vertex 115.45642835580718 -223.40657228853217 0
endloop
endfacet
facet normal 0 0 -1
outer loop
vertex 189.1032243600414 -166.27216429999996 0
vertex 115.45642835580718 -223.40657228853217 0
vertex 39.78294049567506 -223.40657228853217 0
endloop
endfacet
facet normal 0 0 -1
outer loop
vertex 189.1032243600414 -166.27216429999996 0
vertex 39.78294049567506 -223.40657228853217 0
vertex 26.279610000000005 -212.3847798 0
endloop
endfacet
facet normal 0 0 -1
outer loop
vertex 189.1032243600414 -166.27216429999996 0
vertex 26.279610000000005 -212.3847798 0
vertex 24.431008200000008 -187.7120036 0
endloop
endfacet
facet normal 0 0 -1
outer loop
vertex 189.1032243600414 -166.27216429999996 0
vertex 24.431008200000008 -187.7120036 0
vertex 31.318372600000007 -166.27216429999996 0
endloop
endfacet
facet normal 0 0 -1
outer loop
vertex 115.45642835580718 -223.40657228853217 0
vertex 110.51138524678616 -223.42426384083996 0
vertex 39.80461527117478 -223.42426384083996 0
endloop
endfacet
facet normal 0 0 -1
outer loop
vertex 115.45642835580718 -223.40657228853217 0
vertex 39.80461527117478 -223.42426384083996 0
vertex 39.78294049567506 -223.40657228853217 0
endloop
endfacet
facet normal 0 0 -1
outer loop
vertex 179.01809893261859 -223.40657228853217 0
vertex 178.9953247779122 -223.42516119120847 0
vertex 120.40146817309342 -223.42516119120847 0
endloop
endfacet
facet normal 0 0 -1
outer loop
vertex 179.01809893261859 -223.40657228853217 0
vertex 120.40146817309342 -223.42516119120847 0
vertex 115.45642835580718 -223.40657228853217 0
endloop
endfacet
facet normal 0 0 -1
outer loop
vertex 110.51138524678616 -223.42426384083996 0
vertex 109.5223996536261 -223.43215575646926 0
vertex 39.81428403831019 -223.43215575646926 0
endloop
endfacet
facet normal 0 0 -1
outer loop
vertex 110.51138524678616 -223.42426384083996 0
vertex 39.81428403831019 -223.43215575646926 0
vertex 39.80461527117478 -223.42426384083996 0
endloop
endfacet
facet normal 0 0 -1
outer loop
vertex 178.9953247779122 -223.42516119120847 0
vertex 178.98543614203743 -223.43323257266027 0
vertex 121.39045231780965 -223.43323257266027 0
endloop
endfacet
facet normal 0 0 -1
outer loop
vertex 178.9953247779122 -223.42516119120847 0
vertex 121.39045231780965 -223.43323257266027 0
vertex 120.40146817309342 -223.42516119120847 0
endloop
endfacet
facet normal 0 0 -1
outer loop
vertex 109.5223996536261 -223.43215575646926 0
vertex 108.53342670528076 -223.44149884146358 0
vertex 39.825730703147954 -223.44149884146358 0
endloop
endfacet
facet normal 0 0 -1
outer loop
vertex 109.5223996536261 -223.43215575646926 0
vertex 39.825730703147954 -223.44149884146358 0
vertex 39.81428403831019 -223.43215575646926 0
endloop
endfacet
facet normal 0 0 -1
outer loop
vertex 178.98543614203743 -223.43323257266027 0
vertex 178.9737696119317 -223.44275512115885 0
vertex 122.3794235543902 -223.44275512115885 0
endloop
endfacet
facet normal 0 0 -1
outer loop
vertex 178.98543614203743 -223.43323257266027 0
vertex 122.3794235543902 -223.44275512115885 0
vertex 121.39045231780965 -223.43323257266027 0
endloop
endfacet
facet normal 0 0 -1
outer loop
vertex 108.53342670528076 -223.44149884146358 0
vertex 107.54446853110518 -223.4522930757064 0
vertex 39.838955241042314 -223.4522930757064 0
endloop
endfacet
facet normal 0 0 -1
outer loop
vertex 108.53342670528076 -223.44149884146358 0
vertex 39.838955241042314 -223.4522930757064 0
vertex 39.825730703147954 -223.44149884146358 0
endloop
endfacet
facet normal 0 0 -1
outer loop
vertex 178.9737696119317 -223.44275512115885 0
vertex 178.96032521271334 -223.4537288162019 0
vertex 123.36837975356049 -223.4537288162019 0
endloop
endfacet
facet normal 0 0 -1
outer loop
vertex 178.9737696119317 -223.44275512115885 0
vertex 123.36837975356049 -223.4537288162019 0
vertex 122.3794235543902 -223.44275512115885 0
endloop
endfacet
facet normal 0 0 -1
outer loop
vertex 107.54446853110518 -223.4522930757064 0
vertex 106.55552726044368 -223.46453843595634 0
vertex 39.853957623519186 -223.46453843595634 0
endloop
endfacet
facet normal 0 0 -1
outer loop
vertex 107.54446853110518 -223.4522930757064 0
vertex 39.853957623519186 -223.46453843595634 0
vertex 39.838955241042314 -223.4522930757064 0
endloop
endfacet
facet normal 0 0 -1
outer loop
vertex 178.96032521271334 -223.4537288162019 0
vertex 178.94510297333122 -223.46615363416052 0
vertex 124.35731878584961 -223.46615363416052 0
endloop
endfacet
facet normal 0 0 -1
outer loop
vertex 178.96032521271334 -223.4537288162019 0
vertex 124.35731878584961 -223.46615363416052 0
vertex 123.36837975356049 -223.4537288162019 0
endloop
endfacet
facet normal 0 0 -1
outer loop
vertex 106.55552726044368 -223.46453843595634 0
vertex 105.56660502242184 -223.47823489585014 0
vertex 39.870737818279615 -223.47823489585014 0
endloop
endfacet
facet normal 0 0 -1
outer loop
vertex 106.55552726044368 -223.46453843595634 0
vertex 39.870737818279615 -223.47823489585014 0
vertex 39.853957623519186 -223.46453843595634 0
endloop
endfacet
facet normal 0 0 -1
outer loop
vertex 178.94510297333122 -223.46615363416052 0
vertex 178.928102926558 -223.48002954828485 0
vertex 125.34623852214894 -223.48002954828485 0
endloop
endfacet
facet normal 0 0 -1
outer loop
vertex 178.94510297333122 -223.46615363416052 0
vertex 125.34623852214894 -223.48002954828485 0
vertex 124.35731878584961 -223.46615363416052 0
endloop
endfacet
facet normal 0 0 -1
outer loop
vertex 105.56660502242184 -223.47823489585014 0
vertex 104.57770394646698 -223.49338242589536 0
vertex 39.88929578919103 -223.49338242589536 0
endloop
endfacet
facet normal 0 0 -1
outer loop
vertex 105.56660502242184 -223.47823489585014 0
vertex 39.88929578919103 -223.49338242589536 0
vertex 39.870737818279615 -223.47823489585014 0
endloop
endfacet
facet normal 0 0 -1
outer loop
vertex 178.928102926558 -223.48002954828485 0
vertex 178.90932510899896 -223.4953565286966 0
vertex 126.33513683307261 -223.4953565286966 0
endloop
endfacet
facet normal 0 0 -1
outer loop
vertex 178.928102926558 -223.48002954828485 0
vertex 126.33513683307261 -223.4953565286966 0
vertex 125.34623852214894 -223.48002954828485 0
endloop
endfacet
facet normal 0 0 -1
outer loop
vertex 104.57770394646698 -223.49338242589536 0
vertex 103.58882616162477 -223.50998099348027 0
vertex 39.909631496299205 -223.50998099348027 0
endloop
endfacet
facet normal 0 0 -1
outer loop
vertex 104.57770394646698 -223.49338242589536 0
vertex 39.909631496299205 -223.50998099348027 0
vertex 39.88929578919103 -223.49338242589536 0
endloop
endfacet
facet normal 0 0 -1
outer loop
vertex 178.90932510899896 -223.4953565286966 0
vertex 178.88876956108146 -223.51213454239777 0
vertex 127.32401158958098 -223.51213454239777 0
endloop
endfacet
facet normal 0 0 -1
outer loop
vertex 178.90932510899896 -223.4953565286966 0
vertex 127.32401158958098 -223.51213454239777 0
vertex 126.33513683307261 -223.4953565286966 0
endloop
endfacet
facet normal 0 0 -1
outer loop
vertex 103.58882616162477 -223.50998099348027 0
vertex 102.59997379713877 -223.52803056286498 0
vertex 39.931744895817474 -223.52803056286498 0
endloop
endfacet
facet normal 0 0 -1
outer loop
vertex 103.58882616162477 -223.50998099348027 0
vertex 39.931744895817474 -223.52803056286498 0
vertex 39.909631496299205 -223.50998099348027 0
endloop
endfacet
facet normal 0 0 -1
outer loop
vertex 178.88876956108146 -223.51213454239777 0
vertex 178.86643632706563 -223.53036355326205 0
vertex 128.31286066242916 -223.53036355326205 0
endloop
endfacet
facet normal 0 0 -1
outer loop
vertex 178.88876956108146 -223.51213454239777 0
vertex 128.31286066242916 -223.53036355326205 0
vertex 127.32401158958098 -223.51213454239777 0
endloop
endfacet
facet normal 0 0 -1
outer loop
vertex 102.59997379713877 -223.52803056286498 0
vertex 101.6111489820248 -223.54753109518836 0
vertex 39.95563594013519 -223.54753109518836 0
endloop
endfacet
facet normal 0 0 -1
outer loop
vertex 102.59997379713877 -223.52803056286498 0
vertex 39.95563594013519 -223.54753109518836 0
vertex 39.931744895817474 -223.52803056286498 0
endloop
endfacet
facet normal 0 0 -1
outer loop
vertex 178.86643632706563 -223.53036355326205 0
vertex 178.84232545503494 -223.55004352204236 0
vertex 129.30168192263164 -223.55004352204236 0
endloop
endfacet
facet normal 0 0 -1
outer loop
vertex 178.86643632706563 -223.53036355326205 0
vertex 129.30168192263164 -223.55004352204236 0
vertex 128.31286066242916 -223.53036355326205 0
endloop
endfacet
facet normal 0 0 -1
outer loop
vertex 101.6111489820248 -223.54753109518836 0
vertex 100.62235384531886 -223.5684825484639 0
vertex 39.98130457781264 -223.5684825484639 0
endloop
endfacet
facet normal 0 0 -1
outer loop
vertex 101.6111489820248 -223.54753109518836 0
vertex 39.98130457781264 -223.5684825484639 0
vertex 39.95563594013519 -223.54753109518836 0
endloop
endfacet
facet normal 0 0 -1
outer loop
vertex 178.84232545503494 -223.55004352204236 0
vertex 178.81643699690338 -223.571174406365 0
vertex 130.29047324111747 -223.571174406365 0
endloop
endfacet
facet normal 0 0 -1
outer loop
vertex 178.84232545503494 -223.55004352204236 0
vertex 130.29047324111747 -223.571174406365 0
vertex 129.30168192263164 -223.55004352204236 0
endloop
endfacet
facet normal 0 0 -1
outer loop
vertex 100.62235384531886 -223.5684825484639 0
vertex 99.633590515998 -223.5908848775811 0
vertex 40.008750753582795 -223.5908848775811 0
endloop
endfacet
facet normal 0 0 -1
outer loop
vertex 100.62235384531886 -223.5684825484639 0
vertex 40.008750753582795 -223.5908848775811 0
vertex 39.98130457781264 -223.5684825484639 0
endloop
endfacet
facet normal 0 0 -1
outer loop
vertex 178.81643699690338 -223.571174406365 0
vertex 178.78877100841183 -223.59375616073277 0
vertex 131.27923248889957 -223.59375616073277 0
endloop
endfacet
facet normal 0 0 -1
outer loop
vertex 178.81643699690338 -223.571174406365 0
vertex 131.27923248889957 -223.59375616073277 0
vertex 130.29047324111747 -223.571174406365 0
endloop
endfacet
facet normal 0 0 -1
outer loop
vertex 99.633590515998 -223.5908848775811 0
vertex 98.64486112293768 -223.61473803430604 0
vertex 40.03797440835196 -223.61473803430604 0
endloop
endfacet
facet normal 0 0 -1
outer loop
vertex 99.633590515998 -223.5908848775811 0
vertex 40.03797440835196 -223.61473803430604 0
vertex 40.008750753582795 -223.5908848775811 0
endloop
endfacet
facet normal 0 0 -1
outer loop
vertex 178.78877100841183 -223.59375616073277 0
vertex 178.75932754912512 -223.61778873652713 0
vertex 132.26795753719125 -223.61778873652713 0
endloop
endfacet
facet normal 0 0 -1
outer loop
vertex 178.78877100841183 -223.59375616073277 0
vertex 132.26795753719125 -223.61778873652713 0
vertex 131.27923248889957 -223.59375616073277 0
endloop
endfacet
facet normal 0 0 -1
outer loop
vertex 98.64486112293768 -223.61473803430604 0
vertex 97.65616779495903 -223.6400419672811 0
vertex 40.068975479199366 -223.6400419672811 0
endloop
endfacet
facet normal 0 0 -1
outer loop
vertex 98.64486112293768 -223.61473803430604 0
vertex 40.068975479199366 -223.6400419672811 0
vertex 40.03797440835196 -223.61473803430604 0
endloop
endfacet
facet normal 0 0 -1
outer loop
vertex 178.75932754912512 -223.61778873652713 0
vertex 178.7281066824411 -223.64327208200103 0
vertex 133.25664625705562 -223.64327208200103 0
endloop
endfacet
facet normal 0 0 -1
outer loop
vertex 178.75932754912512 -223.61778873652713 0
vertex 133.25664625705562 -223.64327208200103 0
vertex 132.26795753719125 -223.61778873652713 0
endloop
endfacet
facet normal 0 0 -1
outer loop
vertex 97.65616779495903 -223.6400419672811 0
vertex 96.6675126608871 -223.66679662202236 0
vertex 40.10175389937421 -223.66679662202236 0
endloop
endfacet
facet normal 0 0 -1
outer loop
vertex 97.65616779495903 -223.6400419672811 0
vertex 40.10175389937421 -223.66679662202236 0
vertex 40.068975479199366 -223.6400419672811 0
endloop
endfacet
facet normal 0 0 -1
outer loop
vertex 178.7281066824411 -223.64327208200103 0
vertex 178.6951084755766 -223.6702061422902 0
vertex 134.24529651990034 -223.6702061422902 0
endloop
endfacet
facet normal 0 0 -1
outer loop
vertex 178.7281066824411 -223.64327208200103 0
vertex 134.24529651990034 -223.6702061422902 0
vertex 133.25664625705562 -223.64327208200103 0
endloop
endfacet
facet normal 0 0 -1
outer loop
vertex 96.6675126608871 -223.66679662202236 0
vertex 95.67889784925912 -223.69500194092794 0
vertex 40.136309598305594 -223.69500194092794 0
endloop
endfacet
facet normal 0 0 -1
outer loop
vertex 96.6675126608871 -223.66679662202236 0
vertex 40.136309598305594 -223.69500194092794 0
vertex 40.10175389937421 -223.66679662202236 0
endloop
endfacet
facet normal 0 0 -1
outer loop
vertex 178.6951084755766 -223.6702061422902 0
vertex 178.66033299958505 -223.69859085939885 0
vertex 135.23390619692034 -223.69859085939885 0
endloop
endfacet
facet normal 0 0 -1
outer loop
vertex 178.6951084755766 -223.6702061422902 0
vertex 135.23390619692034 -223.69859085939885 0
vertex 134.24529651990034 -223.6702061422902 0
endloop
endfacet
facet normal 0 0 -1
outer loop
vertex 95.67889784925912 -223.69500194092794 0
vertex 94.69032548872516 -223.72465786326745 0
vertex 40.17264250158981 -223.72465786326745 0
endloop
endfacet
facet normal 0 0 -1
outer loop
vertex 95.67889784925912 -223.69500194092794 0
vertex 40.17264250158981 -223.72465786326745 0
vertex 40.136309598305594 -223.69500194092794 0
endloop
endfacet
facet normal 0 0 -1
outer loop
vertex 178.66033299958505 -223.69859085939885 0
vertex 178.6237803293343 -223.72842617221767 0
vertex 136.2224731597368 -223.72842617221767 0
endloop
endfacet
facet normal 0 0 -1
outer loop
vertex 178.66033299958505 -223.69859085939885 0
vertex 136.2224731597368 -223.72842617221767 0
vertex 135.23390619692034 -223.69859085939885 0
endloop
endfacet
facet normal 0 0 -1
outer loop
vertex 94.69032548872516 -223.72465786326745 0
vertex 93.70179770774041 -223.75576432518963 0
vertex 40.21075253099958 -223.75576432518963 0
endloop
endfacet
facet normal 0 0 -1
outer loop
vertex 94.69032548872516 -223.72465786326745 0
vertex 40.21075253099958 -223.75576432518963 0
vertex 40.17264250158981 -223.72465786326745 0
endloop
endfacet
facet normal 0 0 -1
outer loop
vertex 178.6237803293343 -223.72842617221767 0
vertex 178.58545054353237 -223.75971201650304 0
vertex 137.21099527969025 -223.75971201650304 0
endloop
endfacet
facet normal 0 0 -1
outer loop
vertex 178.6237803293343 -223.72842617221767 0
vertex 137.21099527969025 -223.75971201650304 0
vertex 136.2224731597368 -223.72842617221767 0
endloop
endfacet
facet normal 0 0 -1
outer loop
vertex 93.70179770774041 -223.75576432518963 0
vertex 92.71331663470086 -223.7883212597194 0
vertex 40.2506396044805 -223.7883212597194 0
endloop
endfacet
facet normal 0 0 -1
outer loop
vertex 93.70179770774041 -223.75576432518963 0
vertex 40.2506396044805 -223.7883212597194 0
vertex 40.21075253099958 -223.75576432518963 0
endloop
endfacet
facet normal 0 0 -1
outer loop
vertex 178.58545054353237 -223.75971201650304 0
vertex 178.54534372470147 -223.792448324898 0
vertex 138.19947042854463 -223.792448324898 0
endloop
endfacet
facet normal 0 0 -1
outer loop
vertex 178.58545054353237 -223.75971201650304 0
vertex 138.19947042854463 -223.792448324898 0
vertex 137.21099527969025 -223.75971201650304 0
endloop
endfacet
facet normal 0 0 -1
outer loop
vertex 92.71331663470086 -223.7883212597194 0
vertex 91.72488439786714 -223.8223285967597 0
vertex 40.292303636153264 -223.8223285967597 0
endloop
endfacet
facet normal 0 0 -1
outer loop
vertex 92.71331663470086 -223.7883212597194 0
vertex 40.292303636153264 -223.8223285967597 0
vertex 40.2506396044805 -223.7883212597194 0
endloop
endfacet
facet normal 0 0 -1
outer loop
vertex 178.54534372470147 -223.792448324898 0
vertex 178.50345995919707 -223.82663502691688 0
vertex 139.18789647797828 -223.82663502691688 0
endloop
endfacet
facet normal 0 0 -1
outer loop
vertex 178.54534372470147 -223.792448324898 0
vertex 139.18789647797828 -223.82663502691688 0
vertex 138.19947042854463 -223.792448324898 0
endloop
endfacet
facet normal 0 0 -1
outer loop
vertex 91.72488439786714 -223.8223285967597 0
vertex 90.73650312543674 -223.85778626308905 0
vertex 40.33574453631074 -223.85778626308905 0
endloop
endfacet
facet normal 0 0 -1
outer loop
vertex 91.72488439786714 -223.8223285967597 0
vertex 40.33574453631074 -223.85778626308905 0
vertex 40.292303636153264 -223.8223285967597 0
endloop
endfacet
facet normal 0 0 -1
outer loop
vertex 178.50345995919707 -223.82663502691688 0
vertex 178.45979933720076 -223.8622720489508 0
vertex 140.17627129976935 -223.8622720489508 0
endloop
endfacet
facet normal 0 0 -1
outer loop
vertex 178.50345995919707 -223.82663502691688 0
vertex 140.17627129976935 -223.8622720489508 0
vertex 139.18789647797828 -223.82663502691688 0
endloop
endfacet
facet normal 0 0 -1
outer loop
vertex 90.73650312543674 -223.85778626308905 0
vertex 89.74817494551739 -223.89469418236303 0
vertex 40.38096221141964 -223.89469418236303 0
endloop
endfacet
facet normal 0 0 -1
outer loop
vertex 90.73650312543674 -223.85778626308905 0
vertex 40.38096221141964 -223.89469418236303 0
vertex 40.33574453631074 -223.85778626308905 0
endloop
endfacet
facet normal 0 0 -1
outer loop
vertex 178.45979933720076 -223.8622720489508 0
vertex 178.41436195271405 -223.8993593142732 0
vertex 141.16459276594176 -223.8993593142732 0
endloop
endfacet
facet normal 0 0 -1
outer loop
vertex 178.45979933720076 -223.8622720489508 0
vertex 141.16459276594176 -223.8993593142732 0
vertex 140.17627129976935 -223.8622720489508 0
endloop
endfacet
facet normal 0 0 -1
outer loop
vertex 89.74817494551739 -223.89469418236303 0
vertex 88.75990198602186 -223.9330522751169 0
vertex 40.427956564123896 -223.9330522751169 0
endloop
endfacet
facet normal 0 0 -1
outer loop
vertex 89.74817494551739 -223.89469418236303 0
vertex 40.427956564123896 -223.9330522751169 0
vertex 40.38096221141964 -223.89469418236303 0
endloop
endfacet
facet normal 0 0 -1
outer loop
vertex 178.41436195271405 -223.8993593142732 0
vertex 178.3671479035672 -223.93789674303224 0
vertex 142.1528587485666 -223.93789674303224 0
endloop
endfacet
facet normal 0 0 -1
outer loop
vertex 178.41436195271405 -223.8993593142732 0
vertex 142.1528587485666 -223.93789674303224 0
vertex 141.16459276594176 -223.8993593142732 0
endloop
endfacet
facet normal 0 0 -1
outer loop
vertex 88.75990198602186 -223.9330522751169 0
vertex 87.77168637478186 -223.9728604587629 0
vertex 40.47672749324128 -223.9728604587629 0
endloop
endfacet
facet normal 0 0 -1
outer loop
vertex 88.75990198602186 -223.9330522751169 0
vertex 40.47672749324128 -223.9728604587629 0
vertex 40.427956564123896 -223.9330522751169 0
endloop
endfacet
facet normal 0 0 -1
outer loop
vertex 178.3671479035672 -223.93789674303224 0
vertex 178.31815729142053 -223.9778842522499 0
vertex 143.14106711972386 -223.9778842522499 0
endloop
endfacet
facet normal 0 0 -1
outer loop
vertex 178.3671479035672 -223.93789674303224 0
vertex 143.14106711972386 -223.9778842522499 0
vertex 142.1528587485666 -223.93789674303224 0
endloop
endfacet
facet normal 0 0 -1
outer loop
vertex 87.77168637478186 -223.9728604587629 0
vertex 86.783530239565 -224.01411864758825 0
vertex 40.52727489376086 -224.01411864758825 0
endloop
endfacet
facet normal 0 0 -1
outer loop
vertex 87.77168637478186 -223.9728604587629 0
vertex 40.52727489376086 -224.01411864758825 0
vertex 40.47672749324128 -223.9728604587629 0
endloop
endfacet
facet normal 0 0 -1
outer loop
vertex 178.31815729142053 -223.9778842522499 0
vertex 178.26739022175104 -224.01932175583295 0
vertex 144.12921575179962 -224.01932175583295 0
endloop
endfacet
facet normal 0 0 -1
outer loop
vertex 178.31815729142053 -223.9778842522499 0
vertex 144.12921575179962 -224.01932175583295 0
vertex 143.14106711972386 -223.9778842522499 0
endloop
endfacet
facet normal 0 0 -1
outer loop
vertex 86.783530239565 -224.01411864758825 0
vertex 85.7954357078727 -224.05682675276393 0
vertex 40.57959865685395 -224.05682675276393 0
endloop
endfacet
facet normal 0 0 -1
outer loop
vertex 86.783530239565 -224.01411864758825 0
vertex 40.57959865685395 -224.05682675276393 0
vertex 40.52727489376086 -224.01411864758825 0
endloop
endfacet
facet normal 0 0 -1
outer loop
vertex 178.26739022175104 -224.01932175583295 0
vertex 178.21484680386516 -224.06220916456243 0
vertex 145.11730251721153 -224.06220916456243 0
endloop
endfacet
facet normal 0 0 -1
outer loop
vertex 178.26739022175104 -224.01932175583295 0
vertex 145.11730251721153 -224.06220916456243 0
vertex 144.12921575179962 -224.01932175583295 0
endloop
endfacet
facet normal 0 0 -1
outer loop
vertex 85.7954357078727 -224.05682675276393 0
vertex 84.8074049072444 -224.10098468233204 0
vertex 40.633698669858504 -224.10098468233204 0
endloop
endfacet
facet normal 0 0 -1
outer loop
vertex 85.7954357078727 -224.05682675276393 0
vertex 40.633698669858504 -224.10098468233204 0
vertex 40.57959865685395 -224.05682675276393 0
endloop
endfacet
facet normal 0 0 -1
outer loop
vertex 178.21484680386516 -224.06220916456243 0
vertex 178.16052715089825 -224.10654638609404 0
vertex 146.10532528843763 -224.10654638609404 0
endloop
endfacet
facet normal 0 0 -1
outer loop
vertex 178.21484680386516 -224.06220916456243 0
vertex 146.10532528843763 -224.10654638609404 0
vertex 145.11730251721153 -224.06220916456243 0
endloop
endfacet
facet normal 0 0 -1
outer loop
vertex 84.8074049072444 -224.10098468233204 0
vertex 83.81943996495178 -224.1465923412188 0
vertex 40.68957481629499 -224.1465923412188 0
endloop
endfacet
facet normal 0 0 -1
outer loop
vertex 84.8074049072444 -224.10098468233204 0
vertex 40.68957481629499 -224.1465923412188 0
vertex 40.633698669858504 -224.10098468233204 0
endloop
endfacet
facet normal 0 0 -1
outer loop
vertex 178.16052715089825 -224.10654638609404 0
vertex 178.10443137979783 -224.1523333249719 0
vertex 147.09328193830817 -224.1523333249719 0
endloop
endfacet
facet normal 0 0 -1
outer loop
vertex 178.16052715089825 -224.10654638609404 0
vertex 147.09328193830817 -224.1523333249719 0
vertex 146.10532528843763 -224.10654638609404 0
endloop
endfacet
facet normal 0 0 -1
outer loop
vertex 83.81943996495178 -224.1465923412188 0
vertex 82.83154300818848 -224.19364963122595 0
vertex 40.74722697585603 -224.19364963122595 0
endloop
endfacet
facet normal 0 0 -1
outer loop
vertex 83.81943996495178 -224.1465923412188 0
vertex 40.74722697585603 -224.19364963122595 0
vertex 40.68957481629499 -224.1465923412188 0
endloop
endfacet
facet normal 0 0 -1
outer loop
vertex 178.10443137979783 -224.1523333249719 0
vertex 178.04655961134813 -224.19956988260867 0
vertex 148.0811703395793 -224.19956988260867 0
endloop
endfacet
facet normal 0 0 -1
outer loop
vertex 178.10443137979783 -224.1523333249719 0
vertex 148.0811703395793 -224.19956988260867 0
vertex 147.09328193830817 -224.1523333249719 0
endloop
endfacet
facet normal 0 0 -1
outer loop
vertex 82.83154300818848 -224.19364963122595 0
vertex 81.84371616391918 -224.24215645103808 0
vertex 40.80665502441518 -224.24215645103808 0
endloop
endfacet
facet normal 0 0 -1
outer loop
vertex 82.83154300818848 -224.19364963122595 0
vertex 40.80665502441518 -224.24215645103808 0
vertex 40.74722697585603 -224.19364963122595 0
endloop
endfacet
facet normal 0 0 -1
outer loop
vertex 178.04655961134813 -224.19956988260867 0
vertex 177.98691197014955 -224.24825595730195 0
vertex 149.0689883652849 -224.24825595730195 0
endloop
endfacet
facet normal 0 0 -1
outer loop
vertex 178.04655961134813 -224.19956988260867 0
vertex 149.0689883652849 -224.24825595730195 0
vertex 148.0811703395793 -224.19956988260867 0
endloop
endfacet
facet normal 0 0 -1
outer loop
vertex 81.84371616391918 -224.24215645103808 0
vertex 80.85596155910824 -224.29211269621175 0
vertex 40.86785883401374 -224.29211269621175 0
endloop
endfacet
facet normal 0 0 -1
outer loop
vertex 81.84371616391918 -224.24215645103808 0
vertex 40.86785883401374 -224.29211269621175 0
vertex 40.80665502441518 -224.24215645103808 0
endloop
endfacet
facet normal 0 0 -1
outer loop
vertex 177.98691197014955 -224.24825595730195 0
vertex 177.92548858463098 -224.29839144422448 0
vertex 150.0567338885266 -224.29839144422448 0
endloop
endfacet
facet normal 0 0 -1
outer loop
vertex 177.98691197014955 -224.24825595730195 0
vertex 150.0567338885266 -224.29839144422448 0
vertex 149.0689883652849 -224.24825595730195 0
endloop
endfacet
facet normal 0 0 -1
outer loop
vertex 80.85596155910824 -224.29211269621175 0
vertex 79.86828132045045 -224.34351825918773 0
vertex 40.93083827287572 -224.34351825918773 0
endloop
endfacet
facet normal 0 0 -1
outer loop
vertex 80.85596155910824 -224.29211269621175 0
vertex 40.93083827287572 -224.34351825918773 0
vertex 40.86785883401374 -224.29211269621175 0
endloop
endfacet
facet normal 0 0 -1
outer loop
vertex 177.92548858463098 -224.29839144422448 0
vertex 177.86228958704055 -224.3499762354316 0
vertex 151.04440478263348 -224.3499762354316 0
endloop
endfacet
facet normal 0 0 -1
outer loop
vertex 177.92548858463098 -224.29839144422448 0
vertex 151.04440478263348 -224.3499762354316 0
vertex 150.0567338885266 -224.29839144422448 0
endloop
endfacet
facet normal 0 0 -1
outer loop
vertex 79.86828132045045 -224.34351825918773 0
vertex 78.88067757451145 -224.39637302928543 0
vertex 40.99559320540096 -224.39637302928543 0
endloop
endfacet
facet normal 0 0 -1
outer loop
vertex 79.86828132045045 -224.34351825918773 0
vertex 40.99559320540096 -224.39637302928543 0
vertex 40.93083827287572 -224.34351825918773 0
endloop
endfacet
facet normal 0 0 -1
outer loop
vertex 177.86228958704055 -224.3499762354316 0
vertex 177.79731511345202 -224.40301021985613 0
vertex 152.03199892104615 -224.40301021985613 0
endloop
endfacet
facet normal 0 0 -1
outer loop
vertex 177.86228958704055 -224.3499762354316 0
vertex 152.03199892104615 -224.40301021985613 0
vertex 151.04440478263348 -224.3499762354316 0
endloop
endfacet
facet normal 0 0 -1
outer loop
vertex 78.88067757451145 -224.39637302928543 0
vertex 77.8931524476266 -224.45067689270718 0
vertex 41.06212349217046 -224.45067689270718 0
endloop
endfacet
facet normal 0 0 -1
outer loop
vertex 78.88067757451145 -224.39637302928543 0
vertex 41.06212349217046 -224.45067689270718 0
vertex 40.99559320540096 -224.39637302928543 0
endloop
endfacet
facet normal 0 0 -1
outer loop
vertex 177.79731511345202 -224.40301021985613 0
vertex 177.73056530375686 -224.45749328331476 0
vertex 153.0195141774567 -224.45749328331476 0
endloop
endfacet
facet normal 0 0 -1
outer loop
vertex 177.79731511345202 -224.40301021985613 0
vertex 153.0195141774567 -224.45749328331476 0
vertex 152.03199892104615 -224.40301021985613 0
endloop
endfacet
facet normal 0 0 -1
outer loop
vertex 77.8931524476266 -224.45067689270718 0
vertex 76.90570806609445 -224.50642973252823 0
vertex 41.13042898993404 -224.50642973252823 0
endloop
endfacet
facet normal 0 0 -1
outer loop
vertex 77.8931524476266 -224.45067689270718 0
vertex 41.13042898993404 -224.50642973252823 0
vertex 41.06212349217046 -224.45067689270718 0
endloop
endfacet
facet normal 0 0 -1
outer loop
vertex 177.73056530375686 -224.45749328331476 0
vertex 177.66204030168123 -224.51342530849416 0
vertex 154.00694842553983 -224.51342530849416 0
endloop
endfacet
facet normal 0 0 -1
outer loop
vertex 177.73056530375686 -224.45749328331476 0
vertex 154.00694842553983 -224.51342530849416 0
vertex 153.0195141774567 -224.45749328331476 0
endloop
endfacet
facet normal 0 0 -1
outer loop
vertex 76.90570806609445 -224.50642973252823 0
vertex 75.91834655596115 -224.5636314287082 0
vertex 41.20050955162442 -224.5636314287082 0
endloop
endfacet
facet normal 0 0 -1
outer loop
vertex 76.90570806609445 -224.50642973252823 0
vertex 41.20050955162442 -224.5636314287082 0
vertex 41.13042898993404 -224.50642973252823 0
endloop
endfacet
facet normal 0 0 -1
outer loop
vertex 177.66204030168123 -224.51342530849416 0
vertex 177.59174025476042 -224.57080617497184 0
vertex 154.99429953933412 -224.57080617497184 0
endloop
endfacet
facet normal 0 0 -1
outer loop
vertex 177.66204030168123 -224.51342530849416 0
vertex 154.99429953933412 -224.57080617497184 0
vertex 154.00694842553983 -224.51342530849416 0
endloop
endfacet
facet normal 0 0 -1
outer loop
vertex 75.91834655596115 -224.5636314287082 0
vertex 74.9310700430881 -224.62228185808746 0
vertex 41.27236502635284 -224.62228185808746 0
endloop
endfacet
facet normal 0 0 -1
outer loop
vertex 75.91834655596115 -224.5636314287082 0
vertex 41.27236502635284 -224.62228185808746 0
vertex 41.20050955162442 -224.5636314287082 0
endloop
endfacet
facet normal 0 0 -1
outer loop
vertex 177.59174025476042 -224.57080617497184 0
vertex 177.51966531435806 -224.62963575920068 0
vertex 155.9815653929672 -224.62963575920068 0
endloop
endfacet
facet normal 0 0 -1
outer loop
vertex 177.59174025476042 -224.57080617497184 0
vertex 155.9815653929672 -224.62963575920068 0
vertex 154.99429953933412 -224.57080617497184 0
endloop
endfacet
facet normal 0 0 -1
outer loop
vertex 74.9310700430881 -224.62228185808746 0
vertex 73.94388065315732 -224.68238089438742 0
vertex 41.345995259409236 -224.68238089438742 0
endloop
endfacet
facet normal 0 0 -1
outer loop
vertex 74.9310700430881 -224.62228185808746 0
vertex 41.345995259409236 -224.68238089438742 0
vertex 41.27236502635284 -224.62228185808746 0
endloop
endfacet
facet normal 0 0 -1
outer loop
vertex 177.51966531435806 -224.62963575920068 0
vertex 177.44581563565364 -224.68991393451873 0
vertex 156.96874386082536 -224.68991393451873 0
endloop
endfacet
facet normal 0 0 -1
outer loop
vertex 177.51966531435806 -224.62963575920068 0
vertex 156.96874386082536 -224.68991393451873 0
vertex 155.9815653929672 -224.62963575920068 0
endloop
endfacet
facet normal 0 0 -1
outer loop
vertex 73.94388065315732 -224.68238089438742 0
vertex 72.95678051164597 -224.74392840821122 0
vertex 41.42140009226329 -224.74392840821122 0
endloop
endfacet
facet normal 0 0 -1
outer loop
vertex 73.94388065315732 -224.68238089438742 0
vertex 41.42140009226329 -224.74392840821122 0
vertex 41.345995259409236 -224.68238089438742 0
endloop
endfacet
facet normal 0 0 -1
outer loop
vertex 177.44581563565364 -224.68991393451873 0
vertex 177.3701913776596 -224.75164057113557 0
vertex 157.9558328173243 -224.75164057113557 0
endloop
endfacet
facet normal 0 0 -1
outer loop
vertex 177.44581563565364 -224.68991393451873 0
vertex 157.9558328173243 -224.75164057113557 0
vertex 156.96874386082536 -224.68991393451873 0
endloop
endfacet
facet normal 0 0 -1
outer loop
vertex 72.95678051164597 -224.74392840821122 0
vertex 71.96977174400499 -224.80692426703303 0
vertex 41.49857936255121 -224.80692426703303 0
endloop
endfacet
facet normal 0 0 -1
outer loop
vertex 72.95678051164597 -224.74392840821122 0
vertex 41.49857936255121 -224.80692426703303 0
vertex 41.42140009226329 -224.74392840821122 0
endloop
endfacet
facet normal 0 0 -1
outer loop
vertex 177.3701913776596 -224.75164057113557 0
vertex 177.29279270319608 -224.81481553615302 0
vertex 158.94283013725183 -224.81481553615302 0
endloop
endfacet
facet normal 0 0 -1
outer loop
vertex 177.3701913776596 -224.75164057113557 0
vertex 158.94283013725183 -224.81481553615302 0
vertex 157.9558328173243 -224.75164057113557 0
endloop
endfacet
facet normal 0 0 -1
outer loop
vertex 71.96977174400499 -224.80692426703303 0
vertex 70.98285647511888 -224.87136833523215 0
vertex 41.57753290411752 -224.87136833523215 0
endloop
endfacet
facet normal 0 0 -1
outer loop
vertex 71.96977174400499 -224.80692426703303 0
vertex 41.57753290411752 -224.87136833523215 0
vertex 41.49857936255121 -224.80692426703303 0
endloop
endfacet
facet normal 0 0 -1
outer loop
vertex 177.29279270319608 -224.81481553615302 0
vertex 177.21361977890945 -224.8794386935495 0
vertex 159.92973369550717 -224.8794386935495 0
endloop
endfacet
facet normal 0 0 -1
outer loop
vertex 177.29279270319608 -224.81481553615302 0
vertex 159.92973369550717 -224.8794386935495 0
vertex 158.94283013725183 -224.81481553615302 0
endloop
endfacet
facet normal 0 0 -1
outer loop
vertex 70.98285647511888 -224.87136833523215 0
vertex 69.99603683013576 -224.93726047403956 0
vertex 41.65826054694959 -224.93726047403956 0
endloop
endfacet
facet normal 0 0 -1
outer loop
vertex 70.98285647511888 -224.87136833523215 0
vertex 41.65826054694959 -224.93726047403956 0
vertex 41.57753290411752 -224.87136833523215 0
endloop
endfacet
facet normal 0 0 -1
outer loop
vertex 177.21361977890945 -224.8794386935495 0
vertex 177.1326727752673 -224.9455099041845 0
vertex 160.91654136718597 -224.9455099041845 0
endloop
endfacet
facet normal 0 0 -1
outer loop
vertex 177.21361977890945 -224.8794386935495 0
vertex 160.91654136718597 -224.9455099041845 0
vertex 159.92973369550717 -224.8794386935495 0
endloop
endfacet
facet normal 0 0 -1
outer loop
vertex 69.99603683013576 -224.93726047403956 0
vertex 69.00931493363885 -225.00460054159197 0
vertex 41.74076211724384 -225.00460054159197 0
endloop
endfacet
facet normal 0 0 -1
outer loop
vertex 69.99603683013576 -224.93726047403956 0
vertex 41.74076211724384 -225.00460054159197 0
vertex 41.65826054694959 -224.93726047403956 0
endloop
endfacet
facet normal 0 0 -1
outer loop
vertex 177.1326727752673 -224.9455099041845 0
vertex 177.04995186655677 -225.01302902580022 0
vertex 161.90325102759306 -225.01302902580022 0
endloop
endfacet
facet normal 0 0 -1
outer loop
vertex 177.1326727752673 -224.9455099041845 0
vertex 161.90325102759306 -225.01302902580022 0
vertex 160.91654136718597 -224.9455099041845 0
endloop
endfacet
facet normal 0 0 -1
outer loop
vertex 69.00931493363885 -225.00460054159197 0
vertex 68.02269291007391 -225.07338839290418 0
vertex 41.8250374373719 -225.07338839290418 0
endloop
endfacet
facet normal 0 0 -1
outer loop
vertex 69.00931493363885 -225.00460054159197 0
vertex 41.8250374373719 -225.07338839290418 0
vertex 41.74076211724384 -225.00460054159197 0
endloop
endfacet
facet normal 0 0 -1
outer loop
vertex 177.04995186655677 -225.01302902580022 0
vertex 176.96545723087542 -225.08199591302827 0
vertex 162.88986055234616 -225.08199591302827 0
endloop
endfacet
facet normal 0 0 -1
outer loop
vertex 177.04995186655677 -225.01302902580022 0
vertex 162.88986055234616 -225.08199591302827 0
vertex 161.90325102759306 -225.01302902580022 0
endloop
endfacet
facet normal 0 0 -1
outer loop
vertex 68.02269291007391 -225.07338839290418 0
vertex 67.03617288388801 -225.1436238798584 0
vertex 41.91108632586753 -225.1436238798584 0
endloop
endfacet
facet normal 0 0 -1
outer loop
vertex 68.02269291007391 -225.07338839290418 0
vertex 41.91108632586753 -225.1436238798584 0
vertex 41.8250374373719 -225.07338839290418 0
endloop
endfacet
facet normal 0 0 -1
outer loop
vertex 176.96545723087542 -225.08199591302827 0
vertex 176.87918905016116 -225.15241041736587 0
vertex 163.8763678170288 -225.15241041736587 0
endloop
endfacet
facet normal 0 0 -1
outer loop
vertex 176.96545723087542 -225.08199591302827 0
vertex 163.8763678170288 -225.15241041736587 0
vertex 162.88986055234616 -225.08199591302827 0
endloop
endfacet
facet normal 0 0 -1
outer loop
vertex 67.03617288388801 -225.1436238798584 0
vertex 66.04975697901531 -225.21530685124077 0
vertex 41.99890859747127 -225.21530685124077 0
endloop
endfacet
facet normal 0 0 -1
outer loop
vertex 67.03617288388801 -225.1436238798584 0
vertex 41.99890859747127 -225.21530685124077 0
vertex 41.91108632586753 -225.1436238798584 0
endloop
endfacet
facet normal 0 0 -1
outer loop
vertex 176.87918905016116 -225.15241041736587 0
vertex 176.79114751014706 -225.22427238721252 0
vertex 164.86277069772163 -225.22427238721252 0
endloop
endfacet
facet normal 0 0 -1
outer loop
vertex 176.87918905016116 -225.15241041736587 0
vertex 164.86277069772163 -225.22427238721252 0
vertex 163.8763678170288 -225.15241041736587 0
endloop
endfacet
facet normal 0 0 -1
outer loop
vertex 66.04975697901531 -225.21530685124077 0
vertex 65.06344731934325 -225.28843715270813 0
vertex 42.088504063089914 -225.28843715270813 0
endloop
endfacet
facet normal 0 0 -1
outer loop
vertex 66.04975697901531 -225.21530685124077 0
vertex 42.088504063089914 -225.28843715270813 0
vertex 41.99890859747127 -225.21530685124077 0
endloop
endfacet
facet normal 0 0 -1
outer loop
vertex 176.79114751014706 -225.22427238721252 0
vertex 176.70133280039522 -225.29758166784228 0
vertex 165.84906707059918 -225.29758166784228 0
endloop
endfacet
facet normal 0 0 -1
outer loop
vertex 176.79114751014706 -225.22427238721252 0
vertex 165.84906707059918 -225.29758166784228 0
vertex 164.86277069772163 -225.22427238721252 0
endloop
endfacet
facet normal 0 0 -1
outer loop
vertex 65.06344731934325 -225.28843715270813 0
vertex 64.0772460284717 -225.36301462680524 0
vertex 42.17987252981742 -225.36301462680524 0
endloop
endfacet
facet normal 0 0 -1
outer loop
vertex 65.06344731934325 -225.28843715270813 0
vertex 42.17987252981742 -225.36301462680524 0
vertex 42.088504063089914 -225.28843715270813 0
endloop
endfacet
facet normal 0 0 -1
outer loop
vertex 176.70133280039522 -225.29758166784228 0
vertex 176.6097451142888 -225.37233810141046 0
vertex 166.83525481203603 -225.37233810141046 0
endloop
endfacet
facet normal 0 0 -1
outer loop
vertex 176.70133280039522 -225.29758166784228 0
vertex 166.83525481203603 -225.37233810141046 0
vertex 165.84906707059918 -225.29758166784228 0
endloop
endfacet
facet normal 0 0 -1
outer loop
vertex 64.0772460284717 -225.36301462680524 0
vertex 63.091155229790246 -225.4390391129595 0
vertex 42.27301380092855 -225.4390391129595 0
endloop
endfacet
facet normal 0 0 -1
outer loop
vertex 64.0772460284717 -225.36301462680524 0
vertex 42.27301380092855 -225.4390391129595 0
vertex 42.17987252981742 -225.36301462680524 0
endloop
endfacet
facet normal 0 0 -1
outer loop
vertex 176.6097451142888 -225.37233810141046 0
vertex 176.51638464901896 -225.44854152696414 0
vertex 167.8213317987366 -225.44854152696414 0
endloop
endfacet
facet normal 0 0 -1
outer loop
vertex 176.6097451142888 -225.37233810141046 0
vertex 167.8213317987366 -225.44854152696414 0
vertex 166.83525481203603 -225.37233810141046 0
endloop
endfacet
facet normal 0 0 -1
outer loop
vertex 63.091155229790246 -225.4390391129595 0
vertex 62.105177046418476 -225.51651044748513 0
vertex 42.36792767588392 -225.51651044748513 0
endloop
endfacet
facet normal 0 0 -1
outer loop
vertex 63.091155229790246 -225.4390391129595 0
vertex 42.36792767588392 -225.51651044748513 0
vertex 42.27301380092855 -225.4390391129595 0
endloop
endfacet
facet normal 0 0 -1
outer loop
vertex 176.51638464901896 -225.44854152696414 0
vertex 176.42125160560002 -225.52619178042963 0
vertex 168.8072959075774 -225.52619178042963 0
endloop
endfacet
facet normal 0 0 -1
outer loop
vertex 176.51638464901896 -225.44854152696414 0
vertex 168.8072959075774 -225.52619178042963 0
vertex 167.8213317987366 -225.44854152696414 0
endloop
endfacet
facet normal 0 0 -1
outer loop
vertex 62.105177046418476 -225.51651044748513 0
vertex 61.119313601255385 -225.59542846357928 0
vertex 42.46461395032531 -225.59542846357928 0
endloop
endfacet
facet normal 0 0 -1
outer loop
vertex 62.105177046418476 -225.51651044748513 0
vertex 42.46461395032531 -225.59542846357928 0
vertex 42.36792767588392 -225.51651044748513 0
endloop
endfacet
facet normal 0 0 -1
outer loop
vertex 176.42125160560002 -225.52619178042963 0
vertex 176.32434618886404 -225.60528869461743 0
vertex 169.79314501567077 -225.60528869461743 0
endloop
endfacet
facet normal 0 0 -1
outer loop
vertex 176.42125160560002 -225.52619178042963 0
vertex 169.79314501567077 -225.60528869461743 0
vertex 168.8072959075774 -225.52619178042963 0
endloop
endfacet
facet normal 0 0 -1
outer loop
vertex 61.119313601255385 -225.59542846357928 0
vertex 60.13356701694411 -225.67579299132527 0
vertex 42.563072416079585 -225.67579299132527 0
endloop
endfacet
facet normal 0 0 -1
outer loop
vertex 61.119313601255385 -225.59542846357928 0
vertex 42.563072416079585 -225.67579299132527 0
vertex 42.46461395032531 -225.59542846357928 0
endloop
endfacet
facet normal 0 0 -1
outer loop
vertex 176.32434618886404 -225.60528869461743 0
vertex 176.22566860745744 -225.68583209922448 0
vertex 170.77887700039187 -225.68583209922448 0
endloop
endfacet
facet normal 0 0 -1
outer loop
vertex 176.32434618886404 -225.60528869461743 0
vertex 170.77887700039187 -225.68583209922448 0
vertex 169.79314501567077 -225.60528869461743 0
endloop
endfacet
facet normal 0 0 -1
outer loop
vertex 60.13356701694411 -225.67579299132527 0
vertex 59.14793941595744 -225.757603857685 0
vertex 42.66330286114944 -225.757603857685 0
endloop
endfacet
facet normal 0 0 -1
outer loop
vertex 60.13356701694411 -225.67579299132527 0
vertex 42.66330286114944 -225.757603857685 0
vertex 42.563072416079585 -225.67579299132527 0
endloop
endfacet
facet normal 0 0 -1
outer loop
vertex 176.22566860745744 -225.68583209922448 0
vertex 176.12521907384001 -225.76782182083508 0
vertex 171.76448973938847 -225.76782182083508 0
endloop
endfacet
facet normal 0 0 -1
outer loop
vertex 176.22566860745744 -225.68583209922448 0
vertex 171.76448973938847 -225.76782182083508 0
vertex 170.77887700039187 -225.68583209922448 0
endloop
endfacet
facet normal 0 0 -1
outer loop
vertex 59.14793941595744 -225.757603857685 0
vertex 58.16243292029361 -225.84086088652478 0
vertex 42.76530506974492 -225.84086088652478 0
endloop
endfacet
facet normal 0 0 -1
outer loop
vertex 59.14793941595744 -225.757603857685 0
vertex 42.76530506974492 -225.84086088652478 0
vertex 42.66330286114944 -225.757603857685 0
endloop
endfacet
facet normal 0 0 -1
outer loop
vertex 176.12521907384001 -225.76782182083508 0
vertex 176.02299780428416 -225.8512576829217 0
vertex 172.7499811105931 -225.8512576829217 0
endloop
endfacet
facet normal 0 0 -1
outer loop
vertex 176.12521907384001 -225.76782182083508 0
vertex 172.7499811105931 -225.8512576829217 0
vertex 171.76448973938847 -225.76782182083508 0
endloop
endfacet
facet normal 0 0 -1
outer loop
vertex 58.16243292029361 -225.84086088652478 0
vertex 57.177049651997805 -225.92556389857103 0
vertex 42.86907882222934 -225.92556389857103 0
endloop
endfacet
facet normal 0 0 -1
outer loop
vertex 58.16243292029361 -225.84086088652478 0
vertex 42.86907882222934 -225.92556389857103 0
vertex 42.76530506974492 -225.84086088652478 0
endloop
endfacet
facet normal 0 0 -1
outer loop
vertex 176.02299780428416 -225.8512576829217 0
vertex 175.91900501888654 -225.9361395058352 0
vertex 173.7353489921022 -225.9361395058352 0
endloop
endfacet
facet normal 0 0 -1
outer loop
vertex 176.02299780428416 -225.8512576829217 0
vertex 173.7353489921022 -225.9361395058352 0
vertex 172.7499811105931 -225.8512576829217 0
endloop
endfacet
facet normal 0 0 -1
outer loop
vertex 57.177049651997805 -225.92556389857103 0
vertex 56.19179173259309 -226.0117127114585 0
vertex 42.974623895178226 -226.0117127114585 0
endloop
endfacet
facet normal 0 0 -1
outer loop
vertex 57.177049651997805 -225.92556389857103 0
vertex 42.974623895178226 -226.0117127114585 0
vertex 42.86907882222934 -225.92556389857103 0
endloop
endfacet
facet normal 0 0 -1
outer loop
vertex 175.91900501888654 -225.9361395058352 0
vertex 175.81324094155116 -226.02246710681897 0
vertex 174.720591262351 -226.02246710681897 0
endloop
endfacet
facet normal 0 0 -1
outer loop
vertex 175.91900501888654 -225.9361395058352 0
vertex 174.720591262351 -226.02246710681897 0
vertex 173.7353489921022 -225.9361395058352 0
endloop
endfacet
facet normal 0 0 -1
outer loop
vertex 56.19179173259309 -226.0117127114585 0
vertex 55.206661283345824 -226.09930713970857 0
vertex 43.081940061352746 -226.09930713970857 0
endloop
endfacet
facet normal 0 0 -1
outer loop
vertex 56.19179173259309 -226.0117127114585 0
vertex 43.081940061352746 -226.09930713970857 0
vertex 42.974623895178226 -226.0117127114585 0
endloop
endfacet
facet normal 0 0 -1
outer loop
vertex 175.81324094155116 -226.02246710681897 0
vertex 175.70570579999992 -226.11024029999996 0
vertex 174.720591262351 -226.02246710681897 0
endloop
endfacet
facet normal 0 0 -1
outer loop
vertex 55.206661283345824 -226.09930713970857 0
vertex 54.221660425508645 -226.18834699470676 0
vertex 43.1910270896722 -226.18834699470676 0
endloop
endfacet
facet normal 0 0 -1
outer loop
vertex 55.206661283345824 -226.09930713970857 0
vertex 43.1910270896722 -226.18834699470676 0
vertex 43.081940061352746 -226.09930713970857 0
endloop
endfacet
facet normal 0 0 -1
outer loop
vertex 54.221660425508645 -226.18834699470676 0
vertex 53.236791279797984 -226.27883208474913 0
vertex 43.3018847452708 -226.27883208474913 0
endloop
endfacet
facet normal 0 0 -1
outer loop
vertex 54.221660425508645 -226.18834699470676 0
vertex 43.3018847452708 -226.27883208474913 0
vertex 43.1910270896722 -226.18834699470676 0
endloop
endfacet
facet normal 0 0 -1
outer loop
vertex 53.236791279797984 -226.27883208474913 0
vertex 52.25205596666305 -226.37076221501903 0
vertex 43.414512789469285 -226.37076221501903 0
endloop
endfacet
facet normal 0 0 -1
outer loop
vertex 53.236791279797984 -226.27883208474913 0
vertex 43.414512789469285 -226.37076221501903 0
vertex 43.3018847452708 -226.27883208474913 0
endloop
endfacet
facet normal 0 0 -1
outer loop
vertex 52.25205596666305 -226.37076221501903 0
vertex 51.26745660637775 -226.464137187578 0
vertex 43.52891097976366 -226.464137187578 0
endloop
endfacet
facet normal 0 0 -1
outer loop
vertex 52.25205596666305 -226.37076221501903 0
vertex 43.52891097976366 -226.464137187578 0
vertex 43.414512789469285 -226.37076221501903 0
endloop
endfacet
facet normal 0 0 -1
outer loop
vertex 51.26745660637775 -226.464137187578 0
vertex 50.28299531887623 -226.55895680138087 0
vertex 43.64507906984382 -226.55895680138087 0
endloop
endfacet
facet normal 0 0 -1
outer loop
vertex 51.26745660637775 -226.464137187578 0
vertex 43.64507906984382 -226.55895680138087 0
vertex 43.52891097976366 -226.464137187578 0
endloop
endfacet
facet normal 0 0 -1
outer loop
vertex 50.28299531887623 -226.55895680138087 0
vertex 49.2986742237712 -226.65522085227465 0
vertex 43.76301680959202 -226.65522085227465 0
endloop
endfacet
facet normal 0 0 -1
outer loop
vertex 50.28299531887623 -226.55895680138087 0
vertex 43.76301680959202 -226.65522085227465 0
vertex 43.64507906984382 -226.55895680138087 0
endloop
endfacet
facet normal 0 0 -1
outer loop
vertex 49.2986742237712 -226.65522085227465 0
vertex 48.31449544039711 -226.75292913299396 0
vertex 43.882723945077444 -226.75292913299396 0
endloop
endfacet
facet normal 0 0 -1
outer loop
vertex 49.2986742237712 -226.65522085227465 0
vertex 43.882723945077444 -226.75292913299396 0
vertex 43.76301680959202 -226.65522085227465 0
endloop
endfacet
facet normal 0 0 -1
outer loop
vertex 48.31449544039711 -226.75292913299396 0
vertex 47.33046108777776 -226.85208143316402 0
vertex 44.0042002185598 -226.85208143316402 0
endloop
endfacet
facet normal 0 0 -1
outer loop
vertex 48.31449544039711 -226.75292913299396 0
vertex 44.0042002185598 -226.85208143316402 0
vertex 43.882723945077444 -226.75292913299396 0
endloop
endfacet
facet normal 0 0 -1
outer loop
vertex 47.33046108777776 -226.85208143316402 0
vertex 46.3465732846459 -226.95267753929946 0
vertex 44.12744536848784 -226.95267753929946 0
endloop
endfacet
facet normal 0 0 -1
outer loop
vertex 47.33046108777776 -226.85208143316402 0
vertex 44.12744536848784 -226.95267753929946 0
vertex 44.0042002185598 -226.85208143316402 0
endloop
endfacet
facet normal 0 0 -1
outer loop
vertex 46.3465732846459 -226.95267753929946 0
vertex 45.362834149358065 -227.05471723481182 0
vertex 44.252459129508566 -227.05471723481182 0
endloop
endfacet
facet normal 0 0 -1
outer loop
vertex 46.3465732846459 -226.95267753929946 0
vertex 44.252459129508566 -227.05471723481182 0
vertex 44.12744536848784 -226.95267753929946 0
endloop
endfacet
facet normal 0 0 -1
outer loop
vertex 45.362834149358065 -227.05471723481182 0
vertex 44.37924160000004 -227.1582006 0
vertex 44.252459129508566 -227.05471723481182 0
endloop
endfacet
facet normal 0 0 1
outer loop
vertex 107.54031135757779 -221.45297569723334 4
vertex 107.1525666 -221.45297569723334 4
vertex 107.1525666 -221.45789495591546 4
endloop
endfacet
facet normal 0 0 1
outer loop
vertex 107.54031135757779 -221.45297569723334 4
vertex 108.53107555184623 -221.44188395190227 4
vertex 107.1525666 -221.44188395190227 4
endloop
endfacet
facet normal 0 0 1
outer loop
vertex 107.54031135757779 -221.45297569723334 4
vertex 107.1525666 -221.44188395190227 4
vertex 107.1525666 -221.45297569723334 4
endloop
endfacet
facet normal 0 0 1
outer loop
vertex 108.53107555184623 -221.44188395190227 4
vertex 109.52185519149721 -221.43226993644112 4
vertex 107.1525666 -221.43226993644112 4
endloop
endfacet
facet normal 0 0 1
outer loop
vertex 108.53107555184623 -221.44188395190227 4
vertex 107.1525666 -221.43226993644112 4
vertex 107.1525666 -221.44188395190227 4
endloop
endfacet
facet normal 0 0 1
outer loop
vertex 109.52185519149721 -221.43226993644112 4
vertex 110.51264806658172 -221.42413367229764 4
vertex 107.1525666 -221.42413367229764 4
endloop
endfacet
facet normal 0 0 1
outer loop
vertex 109.52185519149721 -221.43226993644112 4
vertex 107.1525666 -221.42413367229764 4
vertex 107.1525666 -221.43226993644112 4
endloop
endfacet
facet normal 0 0 1
outer loop
vertex 38.7923500063507 -218.6114904960848 4
vertex 39.722452700000005 -218.27296080078565 4
vertex 40.48067936288909 -217.63673308760661 4
endloop
endfacet
facet normal 0 0 1
outer loop
vertex 38.7923500063507 -218.6114904960848 4
vertex 40.48067936288909 -217.63673308760661 4
vertex 40.71471401787418 -217.23137317444062 4
endloop
endfacet
facet normal 0 0 1
outer loop
vertex 38.7923500063507 -218.6114904960848 4
vertex 40.71471401787418 -217.23137317444062 4
vertex 38.76097819156446 -217.23137317444062 4
endloop
endfacet
facet normal 0 0 1
outer loop
vertex 38.7923500063507 -218.6114904960848 4
vertex 38.76097819156446 -217.23137317444062 4
vertex 37.833927208437146 -217.23137317444062 4
endloop
endfacet
facet normal 0 0 1
outer loop
vertex 38.7923500063507 -218.6114904960848 4
vertex 37.833927208437146 -217.23137317444062 4
vertex 35.88019138212582 -217.23137317444062 4
endloop
endfacet
facet normal 0 0 1
outer loop
vertex 38.7923500063507 -218.6114904960848 4
vertex 35.88019138212582 -217.23137317444062 4
vertex 36.114226037110896 -217.63673308760661 4
endloop
endfacet
facet normal 0 0 1
outer loop
vertex 38.7923500063507 -218.6114904960848 4
vertex 36.114226037110896 -217.63673308760661 4
vertex 36.872452700000025 -218.27296080078565 4
endloop
endfacet
facet normal 0 0 1
outer loop
vertex 38.7923500063507 -218.6114904960848 4
vertex 36.872452700000025 -218.27296080078565 4
vertex 37.802555393649286 -218.6114904960848 4
endloop
endfacet
facet normal 0 0 1
outer loop
vertex 37.833927208437146 -217.23137317444062 4
vertex 37.08392720844235 -216.68646627844043 4
vertex 35.602916298262855 -216.68646627844043 4
endloop
endfacet
facet normal 0 0 1
outer loop
vertex 37.833927208437146 -217.23137317444062 4
vertex 35.602916298262855 -216.68646627844043 4
vertex 35.619328730760174 -216.7795458084782 4
endloop
endfacet
facet normal 0 0 1
outer loop
vertex 37.833927208437146 -217.23137317444062 4
vertex 35.619328730760174 -216.7795458084782 4
vertex 35.88019138212582 -217.23137317444062 4
endloop
endfacet
facet normal 0 0 1
outer loop
vertex 40.71471401787418 -217.23137317444062 4
vertex 40.97557666923984 -216.7795458084782 4
vertex 40.99198910173716 -216.68646627844043 4
endloop
endfacet
facet normal 0 0 1
outer loop
vertex 40.71471401787418 -217.23137317444062 4
vertex 40.99198910173716 -216.68646627844043 4
vertex 39.51097819156079 -216.68646627844043 4
endloop
endfacet
facet normal 0 0 1
outer loop
vertex 40.71471401787418 -217.23137317444062 4
vertex 39.51097819156079 -216.68646627844043 4
vertex 38.76097819156446 -217.23137317444062 4
endloop
endfacet
facet normal 0 0 1
outer loop
vertex 182.2823917063508 -217.56352519608478 4
vertex 183.2124944 -217.22499550078567 4
vertex 183.97072106288914 -216.58876778760663 4
endloop
endfacet
facet normal 0 0 1
outer loop
vertex 182.2823917063508 -217.56352519608478 4
vertex 183.97072106288914 -216.58876778760663 4
vertex 184.20475571787298 -216.1834078744427 4
endloop
endfacet
facet normal 0 0 1
outer loop
vertex 182.2823917063508 -217.56352519608478 4
vertex 184.20475571787298 -216.1834078744427 4
vertex 182.25101989156212 -216.1834078744427 4
endloop
endfacet
facet normal 0 0 1
outer loop
vertex 182.2823917063508 -217.56352519608478 4
vertex 182.25101989156212 -216.1834078744427 4
vertex 181.32396890844825 -216.1834078744427 4
endloop
endfacet
facet normal 0 0 1
outer loop
vertex 182.2823917063508 -217.56352519608478 4
vertex 181.32396890844825 -216.1834078744427 4
vertex 179.3702330821271 -216.1834078744427 4
endloop
endfacet
facet normal 0 0 1
outer loop
vertex 182.2823917063508 -217.56352519608478 4
vertex 179.3702330821271 -216.1834078744427 4
vertex 179.6042677371109 -216.58876778760663 4
endloop
endfacet
facet normal 0 0 1
outer loop
vertex 182.2823917063508 -217.56352519608478 4
vertex 179.6042677371109 -216.58876778760663 4
vertex 180.36249439999997 -217.22499550078567 4
endloop
endfacet
facet normal 0 0 1
outer loop
vertex 182.2823917063508 -217.56352519608478 4
vertex 180.36249439999997 -217.22499550078567 4
vertex 181.29259709364928 -217.56352519608478 4
endloop
endfacet
facet normal 0 0 1
outer loop
vertex 37.08392720844235 -216.68646627844043 4
vertex 36.79745270000129 -215.80478840000004 4
vertex 35.4474527 -215.80478840000004 4
endloop
endfacet
facet normal 0 0 1
outer loop
vertex 37.08392720844235 -216.68646627844043 4
vertex 35.4474527 -215.80478840000004 4
vertex 35.602916298262855 -216.68646627844043 4
endloop
endfacet
facet normal 0 0 1
outer loop
vertex 40.99198910173716 -216.68646627844043 4
vertex 41.1474527 -215.80478840000004 4
vertex 39.79745269999855 -215.80478840000004 4
endloop
endfacet
facet normal 0 0 1
outer loop
vertex 40.99198910173716 -216.68646627844043 4
vertex 39.79745269999855 -215.80478840000004 4
vertex 39.51097819156079 -216.68646627844043 4
endloop
endfacet
facet normal 0 0 1
outer loop
vertex 181.32396890844825 -216.1834078744427 4
vertex 180.57396890844146 -215.63850097843383 4
vertex 179.09295799826177 -215.63850097843383 4
endloop
endfacet
facet normal 0 0 1
outer loop
vertex 181.32396890844825 -216.1834078744427 4
vertex 179.09295799826177 -215.63850097843383 4
vertex 179.10937043076024 -215.73158050847803 4
endloop
endfacet
facet normal 0 0 1
outer loop
vertex 181.32396890844825 -216.1834078744427 4
vertex 179.10937043076024 -215.73158050847803 4
vertex 179.3702330821271 -216.1834078744427 4
endloop
endfacet
facet normal 0 0 1
outer loop
vertex 184.20475571787298 -216.1834078744427 4
vertex 184.46561836923988 -215.73158050847803 4
vertex 184.48203080173835 -215.63850097843383 4
endloop
endfacet
facet normal 0 0 1
outer loop
vertex 184.20475571787298 -216.1834078744427 4
vertex 184.48203080173835 -215.63850097843383 4
vertex 183.00101989156417 -215.63850097843383 4
endloop
endfacet
facet normal 0 0 1
outer loop
vertex 184.20475571787298 -216.1834078744427 4
vertex 183.00101989156417 -215.63850097843383 4
vertex 182.25101989156212 -216.1834078744427 4
endloop
endfacet
facet normal 0 0 1
outer loop
vertex 36.79745270000129 -215.80478840000004 4
vertex 37.08392720843628 -214.923110521564 4
vertex 35.602916298262066 -214.923110521564 4
endloop
endfacet
facet normal 0 0 1
outer loop
vertex 36.79745270000129 -215.80478840000004 4
vertex 35.602916298262066 -214.923110521564 4
vertex 35.4474527 -215.80478840000004 4
endloop
endfacet
facet normal 0 0 1
outer loop
vertex 41.1474527 -215.80478840000004 4
vertex 40.99198910173793 -214.923110521564 4
vertex 39.51097819156168 -214.923110521564 4
endloop
endfacet
facet normal 0 0 1
outer loop
vertex 41.1474527 -215.80478840000004 4
vertex 39.51097819156168 -214.923110521564 4
vertex 39.79745269999855 -215.80478840000004 4
endloop
endfacet
facet normal 0 0 1
outer loop
vertex 180.57396890844146 -215.63850097843383 4
vertex 180.28749440000368 -214.75682310000002 4
vertex 178.93749440000005 -214.75682310000002 4
endloop
endfacet
facet normal 0 0 1
outer loop
vertex 180.57396890844146 -215.63850097843383 4
vertex 178.93749440000005 -214.75682310000002 4
vertex 179.09295799826177 -215.63850097843383 4
endloop
endfacet
facet normal 0 0 1
outer loop
vertex 184.48203080173835 -215.63850097843383 4
vertex 184.6374944 -214.75682310000002 4
vertex 183.28749440000124 -214.75682310000002 4
endloop
endfacet
facet normal 0 0 1
outer loop
vertex 184.48203080173835 -215.63850097843383 4
vertex 183.28749440000124 -214.75682310000002 4
vertex 183.00101989156417 -215.63850097843383 4
endloop
endfacet
facet normal 0 0 1
outer loop
vertex 110.51264806658172 -221.42413367229764 4
vertex 112.8525666 -221.41095541228853 4
vertex 112.8525666 -214.4859750744427 4
endloop
endfacet
facet normal 0 0 1
outer loop
vertex 110.51264806658172 -221.42413367229764 4
vertex 112.8525666 -214.4859750744427 4
vertex 110.46609209156321 -214.4859750744427 4
endloop
endfacet
facet normal 0 0 1
outer loop
vertex 110.51264806658172 -221.42413367229764 4
vertex 110.46609209156321 -214.4859750744427 4
vertex 109.53904110844465 -214.4859750744427 4
endloop
endfacet
facet normal 0 0 1
outer loop
vertex 110.51264806658172 -221.42413367229764 4
vertex 109.53904110844465 -214.4859750744427 4
vertex 107.1525666 -214.4859750744427 4
endloop
endfacet
facet normal 0 0 1
outer loop
vertex 110.51264806658172 -221.42413367229764 4
vertex 107.1525666 -214.4859750744427 4
vertex 107.1525666 -221.42413367229764 4
endloop
endfacet
facet normal 0 0 1
outer loop
vertex 37.08392720843628 -214.923110521564 4
vertex 37.83392720843793 -214.37820362555502 4
vertex 35.880191382128366 -214.37820362555502 4
endloop
endfacet
facet normal 0 0 1
outer loop
vertex 37.08392720843628 -214.923110521564 4
vertex 35.880191382128366 -214.37820362555502 4
vertex 35.61932873076016 -214.83003099152185 4
endloop
endfacet
facet normal 0 0 1
outer loop
vertex 37.08392720843628 -214.923110521564 4
vertex 35.61932873076016 -214.83003099152185 4
vertex 35.602916298262066 -214.923110521564 4
endloop
endfacet
facet normal 0 0 1
outer loop
vertex 40.99198910173793 -214.923110521564 4
vertex 40.97557666923983 -214.83003099152185 4
vertex 40.71471401787165 -214.37820362555502 4
endloop
endfacet
facet normal 0 0 1
outer loop
vertex 40.99198910173793 -214.923110521564 4
vertex 40.71471401787165 -214.37820362555502 4
vertex 38.760978191554756 -214.37820362555502 4
endloop
endfacet
facet normal 0 0 1
outer loop
vertex 40.99198910173793 -214.923110521564 4
vertex 38.760978191554756 -214.37820362555502 4
vertex 39.51097819156168 -214.923110521564 4
endloop
endfacet
facet normal 0 0 1
outer loop
vertex 109.53904110844465 -214.4859750744427 4
vertex 108.78904110843727 -213.94106817843337 4
vertex 107.1525666 -213.94106817843337 4
endloop
endfacet
facet normal 0 0 1
outer loop
vertex 109.53904110844465 -214.4859750744427 4
vertex 107.1525666 -213.94106817843337 4
vertex 107.1525666 -214.4859750744427 4
endloop
endfacet
facet normal 0 0 1
outer loop
vertex 112.8525666 -214.4859750744427 4
vertex 112.8525666 -213.94106817843337 4
vertex 111.21609209156513 -213.94106817843337 4
endloop
endfacet
facet normal 0 0 1
outer loop
vertex 112.8525666 -214.4859750744427 4
vertex 111.21609209156513 -213.94106817843337 4
vertex 110.46609209156321 -214.4859750744427 4
endloop
endfacet
facet normal 0 0 1
outer loop
vertex 180.28749440000368 -214.75682310000002 4
vertex 180.57396890843995 -213.87514522155018 4
vertex 179.09295799826452 -213.87514522155018 4
endloop
endfacet
facet normal 0 0 1
outer loop
vertex 180.28749440000368 -214.75682310000002 4
vertex 179.09295799826452 -213.87514522155018 4
vertex 178.93749440000005 -214.75682310000002 4
endloop
endfacet
facet normal 0 0 1
outer loop
vertex 184.6374944 -214.75682310000002 4
vertex 184.4820308017355 -213.87514522155018 4
vertex 183.0010198915576 -213.87514522155018 4
endloop
endfacet
facet normal 0 0 1
outer loop
vertex 184.6374944 -214.75682310000002 4
vertex 183.0010198915576 -213.87514522155018 4
vertex 183.28749440000124 -214.75682310000002 4
endloop
endfacet
facet normal 0 0 1
outer loop
vertex 180.57396890843995 -213.87514522155018 4
vertex 181.3239689084381 -213.33023832555727 4
vertex 179.3702330821271 -213.33023832555727 4
endloop
endfacet
facet normal 0 0 1
outer loop
vertex 180.57396890843995 -213.87514522155018 4
vertex 179.3702330821271 -213.33023832555727 4
vertex 179.10937043076018 -213.78206569152184 4
endloop
endfacet
facet normal 0 0 1
outer loop
vertex 180.57396890843995 -213.87514522155018 4
vertex 179.10937043076018 -213.78206569152184 4
vertex 179.09295799826452 -213.87514522155018 4
endloop
endfacet
facet normal 0 0 1
outer loop
vertex 184.4820308017355 -213.87514522155018 4
vertex 184.46561836923985 -213.78206569152184 4
vertex 184.20475571787298 -213.33023832555727 4
endloop
endfacet
facet normal 0 0 1
outer loop
vertex 184.4820308017355 -213.87514522155018 4
vertex 184.20475571787298 -213.33023832555727 4
vertex 182.25101989157153 -213.33023832555727 4
endloop
endfacet
facet normal 0 0 1
outer loop
vertex 184.4820308017355 -213.87514522155018 4
vertex 182.25101989157153 -213.33023832555727 4
vertex 183.0010198915576 -213.87514522155018 4
endloop
endfacet
facet normal 0 0 1
outer loop
vertex 108.78904110843727 -213.94106817843337 4
vertex 108.50256660000083 -213.0593903000001 4
vertex 107.1525666 -213.0593903000001 4
endloop
endfacet
facet normal 0 0 1
outer loop
vertex 108.78904110843727 -213.94106817843337 4
vertex 107.1525666 -213.0593903000001 4
vertex 107.1525666 -213.94106817843337 4
endloop
endfacet
facet normal 0 0 1
outer loop
vertex 112.8525666 -213.94106817843337 4
vertex 112.8525666 -213.0593903000001 4
vertex 111.5025666000022 -213.0593903000001 4
endloop
endfacet
facet normal 0 0 1
outer loop
vertex 112.8525666 -213.94106817843337 4
vertex 111.5025666000022 -213.0593903000001 4
vertex 111.21609209156513 -213.94106817843337 4
endloop
endfacet
facet normal 0 0 1
outer loop
vertex 37.83392720843793 -214.37820362555502 4
vertex 38.760978191554756 -214.37820362555502 4
vertex 40.71471401787165 -214.37820362555502 4
endloop
endfacet
facet normal 0 0 1
outer loop
vertex 37.83392720843793 -214.37820362555502 4
vertex 40.71471401787165 -214.37820362555502 4
vertex 40.48067936288906 -213.9728437123933 4
endloop
endfacet
facet normal 0 0 1
outer loop
vertex 37.83392720843793 -214.37820362555502 4
vertex 40.48067936288906 -213.9728437123933 4
vertex 39.72245270000005 -213.3366159992144 4
endloop
endfacet
facet normal 0 0 1
outer loop
vertex 37.83392720843793 -214.37820362555502 4
vertex 39.72245270000005 -213.3366159992144 4
vertex 38.79235000635073 -212.99808630391522 4
endloop
endfacet
facet normal 0 0 1
outer loop
vertex 37.83392720843793 -214.37820362555502 4
vertex 38.79235000635073 -212.99808630391522 4
vertex 37.8025553936492 -212.99808630391522 4
endloop
endfacet
facet normal 0 0 1
outer loop
vertex 37.83392720843793 -214.37820362555502 4
vertex 37.8025553936492 -212.99808630391522 4
vertex 36.87245270000004 -213.3366159992144 4
endloop
endfacet
facet normal 0 0 1
outer loop
vertex 37.83392720843793 -214.37820362555502 4
vertex 36.87245270000004 -213.3366159992144 4
vertex 36.114226037110924 -213.9728437123933 4
endloop
endfacet
facet normal 0 0 1
outer loop
vertex 37.83392720843793 -214.37820362555502 4
vertex 36.114226037110924 -213.9728437123933 4
vertex 35.880191382128366 -214.37820362555502 4
endloop
endfacet
facet normal 0 0 1
outer loop
vertex 108.50256660000083 -213.0593903000001 4
vertex 108.78904110843771 -212.17771242155433 4
vertex 107.29255458044621 -212.17771242155433 4
endloop
endfacet
facet normal 0 0 1
outer loop
vertex 108.50256660000083 -213.0593903000001 4
vertex 107.29255458044621 -212.17771242155433 4
vertex 107.2920555285588 -212.17869186603133 4
endloop
endfacet
facet normal 0 0 1
outer loop
vertex 108.50256660000083 -213.0593903000001 4
vertex 107.2920555285588 -212.17869186603133 4
vertex 107.1525666 -213.0593903000001 4
endloop
endfacet
facet normal 0 0 1
outer loop
vertex 112.8525666 -213.0593903000001 4
vertex 112.71307767144116 -212.17869186603133 4
vertex 112.71257861955375 -212.17771242155433 4
endloop
endfacet
facet normal 0 0 1
outer loop
vertex 112.8525666 -213.0593903000001 4
vertex 112.71257861955375 -212.17771242155433 4
vertex 111.21609209155908 -212.17771242155433 4
endloop
endfacet
facet normal 0 0 1
outer loop
vertex 112.8525666 -213.0593903000001 4
vertex 111.21609209155908 -212.17771242155433 4
vertex 111.5025666000022 -213.0593903000001 4
endloop
endfacet
facet normal 0 0 1
outer loop
vertex 181.3239689084381 -213.33023832555727 4
vertex 182.25101989157153 -213.33023832555727 4
vertex 184.20475571787298 -213.33023832555727 4
endloop
endfacet
facet normal 0 0 1
outer loop
vertex 181.3239689084381 -213.33023832555727 4
vertex 184.20475571787298 -213.33023832555727 4
vertex 183.9707210628891 -212.92487841239335 4
endloop
endfacet
facet normal 0 0 1
outer loop
vertex 181.3239689084381 -213.33023832555727 4
vertex 183.9707210628891 -212.92487841239335 4
vertex 183.21249439999997 -212.28865069921432 4
endloop
endfacet
facet normal 0 0 1
outer loop
vertex 181.3239689084381 -213.33023832555727 4
vertex 183.21249439999997 -212.28865069921432 4
vertex 182.2823917063508 -211.9501210039152 4
endloop
endfacet
facet normal 0 0 1
outer loop
vertex 181.3239689084381 -213.33023832555727 4
vertex 182.2823917063508 -211.9501210039152 4
vertex 181.29259709364925 -211.9501210039152 4
endloop
endfacet
facet normal 0 0 1
outer loop
vertex 181.3239689084381 -213.33023832555727 4
vertex 181.29259709364925 -211.9501210039152 4
vertex 180.36249440000006 -212.28865069921432 4
endloop
endfacet
facet normal 0 0 1
outer loop
vertex 181.3239689084381 -213.33023832555727 4
vertex 180.36249440000006 -212.28865069921432 4
vertex 179.60426773711097 -212.92487841239335 4
endloop
endfacet
facet normal 0 0 1
outer loop
vertex 181.3239689084381 -213.33023832555727 4
vertex 179.60426773711097 -212.92487841239335 4
vertex 179.3702330821271 -213.33023832555727 4
endloop
endfacet
facet normal 0 0 1
outer loop
vertex 108.78904110843771 -212.17771242155433 4
vertex 109.53904110843827 -211.63280552555727 4
vertex 107.57019851156171 -211.63280552555727 4
endloop
endfacet
facet normal 0 0 1
outer loop
vertex 108.78904110843771 -212.17771242155433 4
vertex 107.57019851156171 -211.63280552555727 4
vertex 107.29255458044621 -212.17771242155433 4
endloop
endfacet
facet normal 0 0 1
outer loop
vertex 112.71257861955375 -212.17771242155433 4
vertex 112.43493468843825 -211.63280552555727 4
vertex 110.4660920915669 -211.63280552555727 4
endloop
endfacet
facet normal 0 0 1
outer loop
vertex 112.71257861955375 -212.17771242155433 4
vertex 110.4660920915669 -211.63280552555727 4
vertex 111.21609209155908 -212.17771242155433 4
endloop
endfacet
facet normal 0 0 1
outer loop
vertex 109.53904110843827 -211.63280552555727 4
vertex 110.4660920915669 -211.63280552555727 4
vertex 112.43493468843825 -211.63280552555727 4
endloop
endfacet
facet normal 0 0 1
outer loop
vertex 109.53904110843827 -211.63280552555727 4
vertex 112.43493468843825 -211.63280552555727 4
vertex 112.30826503396857 -211.3842023309664 4
endloop
endfacet
facet normal 0 0 1
outer loop
vertex 109.53904110843827 -211.63280552555727 4
vertex 112.30826503396857 -211.3842023309664 4
vertex 111.67775456903364 -210.7536918660315 4
endloop
endfacet
facet normal 0 0 1
outer loop
vertex 109.53904110843827 -211.63280552555727 4
vertex 111.67775456903364 -210.7536918660315 4
vertex 110.88326503396857 -210.34887922855884 4
endloop
endfacet
facet normal 0 0 1
outer loop
vertex 109.53904110843827 -211.63280552555727 4
vertex 110.88326503396857 -210.34887922855884 4
vertex 110.00256659999982 -210.2093903 4
endloop
endfacet
facet normal 0 0 1
outer loop
vertex 109.53904110843827 -211.63280552555727 4
vertex 110.00256659999982 -210.2093903 4
vertex 109.12186816603136 -210.34887922855884 4
endloop
endfacet
facet normal 0 0 1
outer loop
vertex 109.53904110843827 -211.63280552555727 4
vertex 109.12186816603136 -210.34887922855884 4
vertex 108.32737863096659 -210.7536918660315 4
endloop
endfacet
facet normal 0 0 1
outer loop
vertex 109.53904110843827 -211.63280552555727 4
vertex 108.32737863096659 -210.7536918660315 4
vertex 107.69686816603128 -211.3842023309664 4
endloop
endfacet
facet normal 0 0 1
outer loop
vertex 109.53904110843827 -211.63280552555727 4
vertex 107.69686816603128 -211.3842023309664 4
vertex 107.57019851156171 -211.63280552555727 4
endloop
endfacet
facet normal 0 0 1
outer loop
vertex 191.51441674919343 -74.57760117444273 4
vertex 189.04858929155978 -74.57760117444273 4
vertex 188.121538308434 -74.57760117444273 4
endloop
endfacet
facet normal 0 0 1
outer loop
vertex 191.51441674919343 -74.57760117444273 4
vertex 188.121538308434 -74.57760117444273 4
vertex 186.13891572417262 -74.57760117444273 4
endloop
endfacet
facet normal 0 0 1
outer loop
vertex 191.51441674919343 -74.57760117444273 4
vertex 186.13891572417262 -74.57760117444273 4
vertex 186.19485270573776 -74.70323768733815 4
endloop
endfacet
facet normal 0 0 1
outer loop
vertex 191.51441674919343 -74.57760117444273 4
vertex 186.19485270573776 -74.70323768733815 4
vertex 186.79150072803031 -75.3658824245863 4
endloop
endfacet
facet normal 0 0 1
outer loop
vertex 191.51441674919343 -74.57760117444273 4
vertex 186.79150072803031 -75.3658824245863 4
vertex 187.56371520416533 -75.81172063869067 4
endloop
endfacet
facet normal 0 0 1
outer loop
vertex 191.51441674919343 -74.57760117444273 4
vertex 187.56371520416533 -75.81172063869067 4
vertex 188.43590639921823 -75.99711057795547 4
endloop
endfacet
facet normal 0 0 1
outer loop
vertex 191.51441674919343 -74.57760117444273 4
vertex 188.43590639921823 -75.99711057795547 4
vertex 191.43179497867536 -76.15411844469173 4
endloop
endfacet
facet normal 0 0 1
outer loop
vertex 188.121538308434 -74.57760117444273 4
vertex 187.37153830844036 -74.03269427844334 4
vertex 185.89630753413473 -74.03269427844334 4
endloop
endfacet
facet normal 0 0 1
outer loop
vertex 188.121538308434 -74.57760117444273 4
vertex 185.89630753413473 -74.03269427844334 4
vertex 186.13891572417262 -74.57760117444273 4
endloop
endfacet
facet normal 0 0 1
outer loop
vertex 191.51441674919343 -74.57760117444273 4
vertex 191.54297411000678 -74.03269427844334 4
vertex 189.79858929156373 -74.03269427844334 4
endloop
endfacet
facet normal 0 0 1
outer loop
vertex 191.51441674919343 -74.57760117444273 4
vertex 189.79858929156373 -74.03269427844334 4
vertex 189.04858929155978 -74.57760117444273 4
endloop
endfacet
facet normal 0 0 1
outer loop
vertex 187.37153830844036 -74.03269427844334 4
vertex 187.08506380000057 -73.15101639999824 4
vertex 185.75464670599118 -73.15101639999824 4
endloop
endfacet
facet normal 0 0 1
outer loop
vertex 187.37153830844036 -74.03269427844334 4
vertex 185.75464670599118 -73.15101639999824 4
vertex 185.83217520408812 -73.88865071217523 4
endloop
endfacet
facet normal 0 0 1
outer loop
vertex 187.37153830844036 -74.03269427844334 4
vertex 185.83217520408812 -73.88865071217523 4
vertex 185.89630753413473 -74.03269427844334 4
endloop
endfacet
facet normal 0 0 1
outer loop
vertex 191.54297411000678 -74.03269427844334 4
vertex 191.5891808904325 -73.15101639999824 4
vertex 190.08506380000094 -73.15101639999824 4
endloop
endfacet
facet normal 0 0 1
outer loop
vertex 191.54297411000678 -74.03269427844334 4
vertex 190.08506380000094 -73.15101639999824 4
vertex 189.79858929156373 -74.03269427844334 4
endloop
endfacet
facet normal 0 0 1
outer loop
vertex 187.08506380000057 -73.15101639999824 4
vertex 187.37153830843653 -72.26933852156002 4
vertex 185.8946716428282 -72.26933852156002 4
endloop
endfacet
facet normal 0 0 1
outer loop
vertex 187.08506380000057 -73.15101639999824 4
vertex 185.8946716428282 -72.26933852156002 4
vertex 185.7389696246478 -73.00185894954423 4
endloop
endfacet
facet normal 0 0 1
outer loop
vertex 187.08506380000057 -73.15101639999824 4
vertex 185.7389696246478 -73.00185894954423 4
vertex 185.75464670599118 -73.15101639999824 4
endloop
endfacet
facet normal 0 0 1
outer loop
vertex 191.5891808904325 -73.15101639999824 4
vertex 191.63538767085782 -72.26933852156002 4
vertex 189.79858929156347 -72.26933852156002 4
endloop
endfacet
facet normal 0 0 1
outer loop
vertex 191.5891808904325 -73.15101639999824 4
vertex 189.79858929156347 -72.26933852156002 4
vertex 190.08506380000094 -73.15101639999824 4
endloop
endfacet
facet normal 0 0 1
outer loop
vertex 187.37153830843653 -72.26933852156002 4
vertex 188.12153830844048 -71.72443162555727 4
vertex 186.15832276724288 -71.72443162555727 4
endloop
endfacet
facet normal 0 0 1
outer loop
vertex 187.37153830843653 -72.26933852156002 4
vertex 186.15832276724288 -71.72443162555727 4
vertex 185.92435957913514 -72.12966775772739 4
endloop
endfacet
facet normal 0 0 1
outer loop
vertex 187.37153830843653 -72.26933852156002 4
vertex 185.92435957913514 -72.12966775772739 4
vertex 185.8946716428282 -72.26933852156002 4
endloop
endfacet
facet normal 0 0 1
outer loop
vertex 191.63538767085782 -72.26933852156002 4
vertex 191.66394503167137 -71.72443162555727 4
vertex 189.0485892915652 -71.72443162555727 4
endloop
endfacet
facet normal 0 0 1
outer loop
vertex 191.63538767085782 -72.26933852156002 4
vertex 189.0485892915652 -71.72443162555727 4
vertex 189.79858929156347 -72.26933852156002 4
endloop
endfacet
facet normal 0 0 1
outer loop
vertex 188.12153830844048 -71.72443162555727 4
vertex 189.0485892915652 -71.72443162555727 4
vertex 191.66394503167137 -71.72443162555727 4
endloop
endfacet
facet normal 0 0 1
outer loop
vertex 188.12153830844048 -71.72443162555727 4
vertex 191.66394503167137 -71.72443162555727 4
vertex 191.73010993652616 -70.46193005322445 4
endloop
endfacet
facet normal 0 0 1
outer loop
vertex 188.12153830844048 -71.72443162555727 4
vertex 191.73010993652616 -70.46193005322445 4
vertex 188.73422129999997 -70.3049222 4
endloop
endfacet
facet normal 0 0 1
outer loop
vertex 188.12153830844048 -71.72443162555727 4
vertex 188.73422129999997 -70.3049222 4
vertex 187.84742953587187 -70.39812779121391 4
endloop
endfacet
facet normal 0 0 1
outer loop
vertex 188.12153830844048 -71.72443162555727 4
vertex 187.84742953587187 -70.39812779121391 4
vertex 187.0328425543789 -70.76080527864637 4
endloop
endfacet
facet normal 0 0 1
outer loop
vertex 188.12153830844048 -71.72443162555727 4
vertex 187.0328425543789 -70.76080527864637 4
vertex 186.37019780671727 -71.35745328937364 4
endloop
endfacet
facet normal 0 0 1
outer loop
vertex 188.12153830844048 -71.72443162555727 4
vertex 186.37019780671727 -71.35745328937364 4
vertex 186.15832276724288 -71.72443162555727 4
endloop
endfacet
facet normal 0 0 1
outer loop
vertex 110.49716369711331 -67.43489531451891 4
vertex 111.42677453539973 -67.09676983007218 4
vertex 112.18481322163898 -66.46125232122108 4
endloop
endfacet
facet normal 0 0 1
outer loop
vertex 110.49716369711331 -67.43489531451891 4
vertex 112.18481322163898 -66.46125232122108 4
vertex 112.41986982501597 -66.05472507444273 4
endloop
endfacet
facet normal 0 0 1
outer loop
vertex 110.49716369711331 -67.43489531451891 4
vertex 112.41986982501597 -66.05472507444273 4
vertex 110.46609209156207 -66.05472507444273 4
endloop
endfacet
facet normal 0 0 1
outer loop
vertex 110.49716369711331 -67.43489531451891 4
vertex 110.46609209156207 -66.05472507444273 4
vertex 109.53904110844105 -66.05472507444273 4
endloop
endfacet
facet normal 0 0 1
outer loop
vertex 110.49716369711331 -67.43489531451891 4
vertex 109.53904110844105 -66.05472507444273 4
vertex 107.58526337498397 -66.05472507444273 4
endloop
endfacet
facet normal 0 0 1
outer loop
vertex 110.49716369711331 -67.43489531451891 4
vertex 107.58526337498397 -66.05472507444273 4
vertex 107.82031997836093 -66.46125232122108 4
endloop
endfacet
facet normal 0 0 1
outer loop
vertex 110.49716369711331 -67.43489531451891 4
vertex 107.82031997836093 -66.46125232122108 4
vertex 108.57835866460034 -67.09676983007218 4
endloop
endfacet
facet normal 0 0 1
outer loop
vertex 110.49716369711331 -67.43489531451891 4
vertex 108.57835866460034 -67.09676983007218 4
vertex 109.50796950288661 -67.43489531451891 4
endloop
endfacet
facet normal 0 0 1
outer loop
vertex 109.53904110844105 -66.05472507444273 4
vertex 108.78904110843494 -65.50981817843429 4
vertex 107.30832335008985 -65.50981817843429 4
endloop
endfacet
facet normal 0 0 1
outer loop
vertex 109.53904110844105 -66.05472507444273 4
vertex 107.30832335008985 -65.50981817843429 4
vertex 107.3251732054903 -65.60490261040921 4
endloop
endfacet
facet normal 0 0 1
outer loop
vertex 109.53904110844105 -66.05472507444273 4
vertex 107.3251732054903 -65.60490261040921 4
vertex 107.58526337498397 -66.05472507444273 4
endloop
endfacet
facet normal 0 0 1
outer loop
vertex 112.41986982501597 -66.05472507444273 4
vertex 112.67995999450966 -65.60490261040921 4
vertex 112.69680984991011 -65.50981817843429 4
endloop
endfacet
facet normal 0 0 1
outer loop
vertex 112.41986982501597 -66.05472507444273 4
vertex 112.69680984991011 -65.50981817843429 4
vertex 111.21609209156271 -65.50981817843429 4
endloop
endfacet
facet normal 0 0 1
outer loop
vertex 112.41986982501597 -66.05472507444273 4
vertex 111.21609209156271 -65.50981817843429 4
vertex 110.46609209156207 -66.05472507444273 4
endloop
endfacet
facet normal 0 0 1
outer loop
vertex 31.20867960635077 -66.7828149960848 4
vertex 32.13878229999999 -66.44428530078565 4
vertex 32.89700896288909 -65.80805758760664 4
endloop
endfacet
facet normal 0 0 1
outer loop
vertex 31.20867960635077 -66.7828149960848 4
vertex 32.89700896288909 -65.80805758760664 4
vertex 33.13104361787296 -65.40269767444272 4
endloop
endfacet
facet normal 0 0 1
outer loop
vertex 31.20867960635077 -66.7828149960848 4
vertex 33.13104361787296 -65.40269767444272 4
vertex 31.177307791562253 -65.40269767444272 4
endloop
endfacet
facet normal 0 0 1
outer loop
vertex 31.20867960635077 -66.7828149960848 4
vertex 31.177307791562253 -65.40269767444272 4
vertex 30.25025680843792 -65.40269767444272 4
endloop
endfacet
facet normal 0 0 1
outer loop
vertex 31.20867960635077 -66.7828149960848 4
vertex 30.25025680843792 -65.40269767444272 4
vertex 28.296520982127035 -65.40269767444272 4
endloop
endfacet
facet normal 0 0 1
outer loop
vertex 31.20867960635077 -66.7828149960848 4
vertex 28.296520982127035 -65.40269767444272 4
vertex 28.530555637110908 -65.80805758760664 4
endloop
endfacet
facet normal 0 0 1
outer loop
vertex 31.20867960635077 -66.7828149960848 4
vertex 28.530555637110908 -65.80805758760664 4
vertex 29.288782300000022 -66.44428530078565 4
endloop
endfacet
facet normal 0 0 1
outer loop
vertex 31.20867960635077 -66.7828149960848 4
vertex 29.288782300000022 -66.44428530078565 4
vertex 30.218884993649226 -66.7828149960848 4
endloop
endfacet
facet normal 0 0 1
outer loop
vertex 30.25025680843792 -65.40269767444272 4
vertex 29.500256808437214 -64.8577907784382 4
vertex 28.019245898262447 -64.8577907784382 4
endloop
endfacet
facet normal 0 0 1
outer loop
vertex 30.25025680843792 -65.40269767444272 4
vertex 28.019245898262447 -64.8577907784382 4
vertex 28.035658330760157 -64.95087030847816 4
endloop
endfacet
facet normal 0 0 1
outer loop
vertex 30.25025680843792 -65.40269767444272 4
vertex 28.035658330760157 -64.95087030847816 4
vertex 28.296520982127035 -65.40269767444272 4
endloop
endfacet
facet normal 0 0 1
outer loop
vertex 33.13104361787296 -65.40269767444272 4
vertex 33.39190626923984 -64.95087030847816 4
vertex 33.40831870173755 -64.8577907784382 4
endloop
endfacet
facet normal 0 0 1
outer loop
vertex 33.13104361787296 -65.40269767444272 4
vertex 33.40831870173755 -64.8577907784382 4
vertex 31.927307791562477 -64.8577907784382 4
endloop
endfacet
facet normal 0 0 1
outer loop
vertex 33.13104361787296 -65.40269767444272 4
vertex 31.927307791562477 -64.8577907784382 4
vertex 31.177307791562253 -65.40269767444272 4
endloop
endfacet
facet normal 0 0 1
outer loop
vertex 108.78904110843494 -65.50981817843429 4
vertex 108.502566599999 -64.62814030000233 4
vertex 107.15304865508287 -64.62814030000233 4
endloop
endfacet
facet normal 0 0 1
outer loop
vertex 108.78904110843494 -65.50981817843429 4
vertex 107.15304865508287 -64.62814030000233 4
vertex 107.15256792052651 -64.63088383774904 4
endloop
endfacet
facet normal 0 0 1
outer loop
vertex 108.78904110843494 -65.50981817843429 4
vertex 107.15256792052651 -64.63088383774904 4
vertex 107.30832335008985 -65.50981817843429 4
endloop
endfacet
facet normal 0 0 1
outer loop
vertex 112.69680984991011 -65.50981817843429 4
vertex 112.85256527947348 -64.63088383774904 4
vertex 112.85208454491712 -64.62814030000233 4
endloop
endfacet
facet normal 0 0 1
outer loop
vertex 112.69680984991011 -65.50981817843429 4
vertex 112.85208454491712 -64.62814030000233 4
vertex 111.50256659999938 -64.62814030000233 4
endloop
endfacet
facet normal 0 0 1
outer loop
vertex 112.69680984991011 -65.50981817843429 4
vertex 111.50256659999938 -64.62814030000233 4
vertex 111.21609209156271 -65.50981817843429 4
endloop
endfacet
facet normal 0 0 1
outer loop
vertex 29.500256808437214 -64.8577907784382 4
vertex 29.21378229999981 -63.976112899999976 4
vertex 27.960008348887552 -63.976112899999976 4
endloop
endfacet
facet normal 0 0 1
outer loop
vertex 29.500256808437214 -64.8577907784382 4
vertex 27.960008348887552 -63.976112899999976 4
vertex 28.00070416998293 -64.7526354119423 4
endloop
endfacet
facet normal 0 0 1
outer loop
vertex 29.500256808437214 -64.8577907784382 4
vertex 28.00070416998293 -64.7526354119423 4
vertex 28.019245898262447 -64.8577907784382 4
endloop
endfacet
facet normal 0 0 1
outer loop
vertex 33.40831870173755 -64.8577907784382 4
vertex 33.5637823 -63.976112899999976 4
vertex 32.213782300000005 -63.976112899999976 4
endloop
endfacet
facet normal 0 0 1
outer loop
vertex 33.40831870173755 -64.8577907784382 4
vertex 32.213782300000005 -63.976112899999976 4
vertex 31.927307791562477 -64.8577907784382 4
endloop
endfacet
facet normal 0 0 1
outer loop
vertex 108.502566599999 -64.62814030000233 4
vertex 108.78904110843659 -63.74646242155674 4
vertex 107.30754006831656 -63.74646242155674 4
endloop
endfacet
facet normal 0 0 1
outer loop
vertex 108.502566599999 -64.62814030000233 4
vertex 107.30754006831656 -63.74646242155674 4
vertex 107.15304865508287 -64.62814030000233 4
endloop
endfacet
facet normal 0 0 1
outer loop
vertex 112.85208454491712 -64.62814030000233 4
vertex 112.69759313168343 -63.74646242155674 4
vertex 111.21609209155956 -63.74646242155674 4
endloop
endfacet
facet normal 0 0 1
outer loop
vertex 112.85208454491712 -64.62814030000233 4
vertex 111.21609209155956 -63.74646242155674 4
vertex 111.50256659999938 -64.62814030000233 4
endloop
endfacet
facet normal 0 0 1
outer loop
vertex 108.78904110843659 -63.74646242155674 4
vertex 109.53904110843723 -63.20155552555727 4
vertex 107.58520182270583 -63.20155552555727 4
endloop
endfacet
facet normal 0 0 1
outer loop
vertex 108.78904110843659 -63.74646242155674 4
vertex 107.58520182270583 -63.20155552555727 4
vertex 107.32329761819732 -63.656534555291785 4
endloop
endfacet
facet normal 0 0 1
outer loop
vertex 108.78904110843659 -63.74646242155674 4
vertex 107.32329761819732 -63.656534555291785 4
vertex 107.30754006831656 -63.74646242155674 4
endloop
endfacet
facet normal 0 0 1
outer loop
vertex 112.69759313168343 -63.74646242155674 4
vertex 112.68183558180269 -63.656534555291785 4
vertex 112.41993137729415 -63.20155552555727 4
endloop
endfacet
facet normal 0 0 1
outer loop
vertex 112.69759313168343 -63.74646242155674 4
vertex 112.41993137729415 -63.20155552555727 4
vertex 110.4660920915658 -63.20155552555727 4
endloop
endfacet
facet normal 0 0 1
outer loop
vertex 112.69759313168343 -63.74646242155674 4
vertex 110.4660920915658 -63.20155552555727 4
vertex 111.21609209155956 -63.74646242155674 4
endloop
endfacet
facet normal 0 0 1
outer loop
vertex 29.21378229999981 -63.976112899999976 4
vertex 29.5002568084375 -63.09443502156128 4
vertex 28.01924589826254 -63.09443502156128 4
endloop
endfacet
facet normal 0 0 1
outer loop
vertex 29.21378229999981 -63.976112899999976 4
vertex 28.01924589826254 -63.09443502156128 4
vertex 27.937961006382032 -63.55542455109279 4
endloop
endfacet
facet normal 0 0 1
outer loop
vertex 29.21378229999981 -63.976112899999976 4
vertex 27.937961006382032 -63.55542455109279 4
vertex 27.960008348887552 -63.976112899999976 4
endloop
endfacet
facet normal 0 0 1
outer loop
vertex 33.5637823 -63.976112899999976 4
vertex 33.40831870173746 -63.09443502156128 4
vertex 31.927307791562797 -63.09443502156128 4
endloop
endfacet
facet normal 0 0 1
outer loop
vertex 33.5637823 -63.976112899999976 4
vertex 31.927307791562797 -63.09443502156128 4
vertex 32.213782300000005 -63.976112899999976 4
endloop
endfacet
facet normal 0 0 1
outer loop
vertex 29.5002568084375 -63.09443502156128 4
vertex 30.250256808437133 -62.54952812555726 4
vertex 28.29652098212705 -62.54952812555726 4
endloop
endfacet
facet normal 0 0 1
outer loop
vertex 29.5002568084375 -63.09443502156128 4
vertex 28.29652098212705 -62.54952812555726 4
vertex 28.035658330760157 -63.00135549152185 4
endloop
endfacet
facet normal 0 0 1
outer loop
vertex 29.5002568084375 -63.09443502156128 4
vertex 28.035658330760157 -63.00135549152185 4
vertex 28.01924589826254 -63.09443502156128 4
endloop
endfacet
facet normal 0 0 1
outer loop
vertex 33.40831870173746 -63.09443502156128 4
vertex 33.39190626923984 -63.00135549152185 4
vertex 33.13104361787295 -62.54952812555726 4
endloop
endfacet
facet normal 0 0 1
outer loop
vertex 33.40831870173746 -63.09443502156128 4
vertex 33.13104361787295 -62.54952812555726 4
vertex 31.177307791562978 -62.54952812555726 4
endloop
endfacet
facet normal 0 0 1
outer loop
vertex 33.40831870173746 -63.09443502156128 4
vertex 31.177307791562978 -62.54952812555726 4
vertex 31.927307791562797 -63.09443502156128 4
endloop
endfacet
facet normal 0 0 1
outer loop
vertex 109.53904110843723 -63.20155552555727 4
vertex 110.4660920915658 -63.20155552555727 4
vertex 112.41993137729415 -63.20155552555727 4
endloop
endfacet
facet normal 0 0 1
outer loop
vertex 109.53904110843723 -63.20155552555727 4
vertex 112.41993137729415 -63.20155552555727 4
vertex 112.18833844709202 -62.79923313109833 4
endloop
endfacet
facet normal 0 0 1
outer loop
vertex 109.53904110843723 -63.20155552555727 4
vertex 112.18833844709202 -62.79923313109833 4
vertex 111.43152472049326 -62.1622573567368 4
endloop
endfacet
facet normal 0 0 1
outer loop
vertex 109.53904110843723 -63.20155552555727 4
vertex 111.43152472049326 -62.1622573567368 4
vertex 110.50256651323593 -61.82234269999999 4
endloop
endfacet
facet normal 0 0 1
outer loop
vertex 109.53904110843723 -63.20155552555727 4
vertex 110.50256651323593 -61.82234269999999 4
vertex 109.50256660000001 -61.82234269999999 4
endloop
endfacet
facet normal 0 0 1
outer loop
vertex 109.53904110843723 -63.20155552555727 4
vertex 109.50256660000001 -61.82234269999999 4
vertex 108.57360847950673 -62.1622573567368 4
endloop
endfacet
facet normal 0 0 1
outer loop
vertex 109.53904110843723 -63.20155552555727 4
vertex 108.57360847950673 -62.1622573567368 4
vertex 107.81679475290794 -62.79923313109833 4
endloop
endfacet
facet normal 0 0 1
outer loop
vertex 109.53904110843723 -63.20155552555727 4
vertex 107.81679475290794 -62.79923313109833 4
vertex 107.58520182270583 -63.20155552555727 4
endloop
endfacet
facet normal 0 0 1
outer loop
vertex 30.250256808437133 -62.54952812555726 4
vertex 31.177307791562978 -62.54952812555726 4
vertex 33.13104361787295 -62.54952812555726 4
endloop
endfacet
facet normal 0 0 1
outer loop
vertex 30.250256808437133 -62.54952812555726 4
vertex 33.13104361787295 -62.54952812555726 4
vertex 32.89700896288909 -62.14416821239337 4
endloop
endfacet
facet normal 0 0 1
outer loop
vertex 30.250256808437133 -62.54952812555726 4
vertex 32.89700896288909 -62.14416821239337 4
vertex 32.13878229999999 -61.50794049921436 4
endloop
endfacet
facet normal 0 0 1
outer loop
vertex 30.250256808437133 -62.54952812555726 4
vertex 32.13878229999999 -61.50794049921436 4
vertex 31.273504596664846 -61.19300517082614 4
endloop
endfacet
facet normal 0 0 1
outer loop
vertex 30.250256808437133 -62.54952812555726 4
vertex 31.273504596664846 -61.19300517082614 4
vertex 29.965758716387494 -61.2615412343491 4
endloop
endfacet
facet normal 0 0 1
outer loop
vertex 30.250256808437133 -62.54952812555726 4
vertex 29.965758716387494 -61.2615412343491 4
vertex 29.288782299999994 -61.50794049921436 4
endloop
endfacet
facet normal 0 0 1
outer loop
vertex 30.250256808437133 -62.54952812555726 4
vertex 29.288782299999994 -61.50794049921436 4
vertex 28.530555637110908 -62.14416821239337 4
endloop
endfacet
facet normal 0 0 1
outer loop
vertex 30.250256808437133 -62.54952812555726 4
vertex 28.530555637110908 -62.14416821239337 4
vertex 28.29652098212705 -62.54952812555726 4
endloop
endfacet
facet normal 0 0 1
outer loop
vertex 110.50256651323593 -61.82234269999999 4
vertex 110.50256658415258 -55.12480725879349 4
vertex 110.00408018081104 -55.128128444929274 4
endloop
endfacet
facet normal 0 0 1
outer loop
vertex 110.50256651323593 -61.82234269999999 4
vertex 110.00408018081104 -55.128128444929274 4
vertex 109.5025666 -55.13254872645617 4
endloop
endfacet
facet normal 0 0 1
outer loop
vertex 110.50256651323593 -61.82234269999999 4
vertex 109.5025666 -55.13254872645617 4
vertex 109.50256660000001 -61.82234269999999 4
endloop
endfacet
facet normal 0.9876883405951363 0.1564344650402393 7.413510719477726e-15
outer loop
vertex 112.71307767144116 -212.17869186603133 4
vertex 112.8525666 -213.0593903000001 4
vertex 112.8525666 -213.05939029999996 1
endloop
endfacet
facet normal 0.9876883405951363 0.1564344650402393 7.413510719477726e-15
outer loop
vertex 112.71307767144116 -212.17869186603133 4
vertex 112.8525666 -213.05939029999996 1
vertex 112.8312620099642 -212.9248784123934 1
endloop
endfacet
facet normal 0.9876883405951363 0.1564344650402393 7.413510719477726e-15
outer loop
vertex 112.71307767144116 -212.17869186603133 4
vertex 112.8312620099642 -212.9248784123934 1
vertex 112.73049343969375 -212.2886506992143 1
endloop
endfacet
facet normal 0.9876883405951363 0.1564344650402393 7.413510719477726e-15
outer loop
vertex 112.71307767144116 -212.17869186603133 4
vertex 112.73049343969375 -212.2886506992143 1
vertex 112.71307767144118 -212.1786918660314 1
endloop
endfacet
facet normal 0 0 -1
outer loop
vertex 112.30826503396857 -211.3842023309664 4
vertex 112.43493468843825 -211.63280552555727 4
vertex 112.71257861955375 -212.17771242155433 4
endloop
endfacet
facet normal 0 0 -1
outer loop
vertex 112.30826503396857 -211.3842023309664 4
vertex 112.71257861955375 -212.17771242155433 4
vertex 112.71307767144116 -212.17869186603133 4
endloop
endfacet
facet normal 0 0 -1
outer loop
vertex 112.30826503396857 -211.3842023309664 4
vertex 112.71307767144116 -212.17869186603133 4
vertex 112.71307767144118 -212.1786918660314 1
endloop
endfacet
facet normal 0 0 -1
outer loop
vertex 112.30826503396857 -211.3842023309664 4
vertex 112.71307767144118 -212.1786918660314 1
vertex 112.59661500018035 -211.9501210039152 1
endloop
endfacet
facet normal 0 0 -1
outer loop
vertex 112.30826503396857 -211.3842023309664 4
vertex 112.59661500018035 -211.9501210039152 1
vertex 112.3082650339686 -211.38420233096645 1
endloop
endfacet
facet normal 0.7071067811865333 0.7071067811865617 0
outer loop
vertex 111.67775456903364 -210.7536918660315 4
vertex 112.30826503396857 -211.3842023309664 4
vertex 112.3082650339686 -211.38420233096645 1
endloop
endfacet
facet normal 0.7071067811865333 0.7071067811865617 0
outer loop
vertex 111.67775456903364 -210.7536918660315 4
vertex 112.3082650339686 -211.38420233096645 1
vertex 111.67775456903358 -210.75369186603143 1
endloop
endfacet
facet normal 0.45399049973954597 0.8910065241883685 0
outer loop
vertex 110.88326503396857 -210.34887922855884 4
vertex 111.67775456903364 -210.7536918660315 4
vertex 111.67775456903358 -210.75369186603143 1
endloop
endfacet
facet normal 0.45399049973954597 0.8910065241883685 0
outer loop
vertex 110.88326503396857 -210.34887922855884 4
vertex 111.67775456903358 -210.75369186603143 1
vertex 110.8832650339686 -210.34887922855884 1
endloop
endfacet
facet normal 0.15643446504020628 0.9876883405951415 0
outer loop
vertex 110.00256659999982 -210.2093903 4
vertex 110.88326503396857 -210.34887922855884 4
vertex 110.8832650339686 -210.34887922855884 1
endloop
endfacet
facet normal 0.15643446504020628 0.9876883405951415 0
outer loop
vertex 110.00256659999982 -210.2093903 4
vertex 110.8832650339686 -210.34887922855884 1
vertex 110.00256659999984 -210.2093903 1
endloop
endfacet
facet normal -0.15643446504026284 0.9876883405951328 0
outer loop
vertex 109.12186816603136 -210.34887922855884 4
vertex 110.00256659999982 -210.2093903 4
vertex 110.00256659999984 -210.2093903 1
endloop
endfacet
facet normal -0.15643446504026284 0.9876883405951328 0
outer loop
vertex 109.12186816603136 -210.34887922855884 4
vertex 110.00256659999984 -210.2093903 1
vertex 109.12186816603146 -210.34887922855884 1
endloop
endfacet
facet normal -0.4539904997395459 0.8910065241883685 0
outer loop
vertex 108.32737863096659 -210.7536918660315 4
vertex 109.12186816603136 -210.34887922855884 4
vertex 109.12186816603146 -210.34887922855884 1
endloop
endfacet
facet normal -0.4539904997395459 0.8910065241883685 0
outer loop
vertex 108.32737863096659 -210.7536918660315 4
vertex 109.12186816603146 -210.34887922855884 1
vertex 108.32737863096652 -210.75369186603143 1
endloop
endfacet
facet normal -0.7071067811865618 0.7071067811865334 0
outer loop
vertex 107.69686816603128 -211.3842023309664 4
vertex 108.32737863096659 -210.7536918660315 4
vertex 108.32737863096652 -210.75369186603143 1
endloop
endfacet
facet normal -0.7071067811865618 0.7071067811865334 0
outer loop
vertex 107.69686816603128 -211.3842023309664 4
vertex 108.32737863096652 -210.75369186603143 1
vertex 107.6968681660313 -211.38420233096645 1
endloop
endfacet
facet normal 0 0 1
outer loop
vertex 107.2920555285588 -212.17869186603133 4
vertex 107.29255458044621 -212.17771242155433 4
vertex 107.57019851156171 -211.63280552555727 4
endloop
endfacet
facet normal 0 0 1
outer loop
vertex 107.2920555285588 -212.17869186603133 4
vertex 107.57019851156171 -211.63280552555727 4
vertex 107.69686816603128 -211.3842023309664 4
endloop
endfacet
facet normal 0 0 1
outer loop
vertex 107.2920555285588 -212.17869186603133 4
vertex 107.69686816603128 -211.3842023309664 4
vertex 107.6968681660313 -211.38420233096645 1
endloop
endfacet
facet normal 0 0 1
outer loop
vertex 107.2920555285588 -212.17869186603133 4
vertex 107.6968681660313 -211.38420233096645 1
vertex 107.2920555285588 -212.1786918660314 1
endloop
endfacet
facet normal -0.9876883405951438 0.15643446504019268 -2.9622915471111357e-15
outer loop
vertex 107.1525666 -213.0593903000001 4
vertex 107.2920555285588 -212.17869186603133 4
vertex 107.2920555285588 -212.1786918660314 1
endloop
endfacet
facet normal -0.9876883405951438 0.15643446504019268 -2.9622915471111357e-15
outer loop
vertex 107.1525666 -213.0593903000001 4
vertex 107.2920555285588 -212.1786918660314 1
vertex 107.16227619910515 -212.99808630391522 1
endloop
endfacet
facet normal -0.9876883405951438 0.15643446504019268 -2.9622915471111357e-15
outer loop
vertex 107.1525666 -213.0593903000001 4
vertex 107.16227619910515 -212.99808630391522 1
vertex 107.1525666 -213.05939029999996 1
endloop
endfacet
facet normal -0.3436278306653099 0.9391059120207119 -2.8245831619682163e-15
outer loop
vertex 108.57360847950673 -62.1622573567368 4
vertex 109.50256660000001 -61.82234269999999 4
vertex 109.5025666 -61.82234270000001 1
endloop
endfacet
facet normal -0.3436278306653099 0.9391059120207119 -2.8245831619682163e-15
outer loop
vertex 108.57360847950673 -62.1622573567368 4
vertex 109.5025666 -61.82234270000001 1
vertex 108.62304458704031 -62.14416821240108 1
endloop
endfacet
facet normal -0.3436278306653099 0.9391059120207119 -2.8245831619682163e-15
outer loop
vertex 108.57360847950673 -62.1622573567368 4
vertex 108.62304458704031 -62.14416821240108 1
vertex 108.5736084795067 -62.16225735673679 1
endloop
endfacet
facet normal -0.6439340000974203 0.7650810437584606 0
outer loop
vertex 107.81679475290794 -62.79923313109833 4
vertex 108.57360847950673 -62.1622573567368 4
vertex 108.5736084795067 -62.16225735673679 1
endloop
endfacet
facet normal -0.6439340000974203 0.7650810437584606 0
outer loop
vertex 107.81679475290794 -62.79923313109833 4
vertex 108.5736084795067 -62.16225735673679 1
vertex 107.81679475290795 -62.79923313109836 1
endloop
endfacet
facet normal 0 0 -1
outer loop
vertex 107.32329761819732 -63.656534555291785 4
vertex 107.58520182270583 -63.20155552555727 4
vertex 107.81679475290794 -62.79923313109833 4
endloop
endfacet
facet normal 0 0 -1
outer loop
vertex 107.32329761819732 -63.656534555291785 4
vertex 107.81679475290794 -62.79923313109833 4
vertex 107.81679475290795 -62.79923313109836 1
endloop
endfacet
facet normal 0 0 -1
outer loop
vertex 107.32329761819732 -63.656534555291785 4
vertex 107.81679475290795 -62.79923313109836 1
vertex 107.70044500366845 -63.00135549151617 1
endloop
endfacet
facet normal 0 0 -1
outer loop
vertex 107.32329761819732 -63.656534555291785 4
vertex 107.70044500366845 -63.00135549151617 1
vertex 107.32329761819732 -63.656534555291785 1
endloop
endfacet
facet normal 0 0 -1
outer loop
vertex 107.15256792052651 -64.63088383774904 4
vertex 107.15304865508287 -64.62814030000233 4
vertex 107.30754006831656 -63.74646242155674 4
endloop
endfacet
facet normal 0 0 -1
outer loop
vertex 107.15256792052651 -64.63088383774904 4
vertex 107.30754006831656 -63.74646242155674 4
vertex 107.32329761819732 -63.656534555291785 4
endloop
endfacet
facet normal 0 0 -1
outer loop
vertex 107.15256792052651 -64.63088383774904 4
vertex 107.32329761819732 -63.656534555291785 4
vertex 107.32329761819732 -63.656534555291785 1
endloop
endfacet
facet normal 0 0 -1
outer loop
vertex 107.15256792052651 -64.63088383774904 4
vertex 107.32329761819732 -63.656534555291785 1
vertex 107.26729971769416 -63.97611289999826 1
endloop
endfacet
facet normal 0 0 -1
outer loop
vertex 107.15256792052651 -64.63088383774904 4
vertex 107.26729971769416 -63.97611289999826 1
vertex 107.15256792052651 -64.63088383774905 1
endloop
endfacet
facet normal 0 0 1
outer loop
vertex 107.3251732054903 -65.60490261040921 4
vertex 107.30832335008985 -65.50981817843429 4
vertex 107.15256792052651 -64.63088383774904 4
endloop
endfacet
facet normal 0 0 1
outer loop
vertex 107.3251732054903 -65.60490261040921 4
vertex 107.15256792052651 -64.63088383774904 4
vertex 107.15256792052651 -64.63088383774905 1
endloop
endfacet
facet normal 0 0 1
outer loop
vertex 107.3251732054903 -65.60490261040921 4
vertex 107.15256792052651 -64.63088383774905 1
vertex 107.20927253188948 -64.95087030847274 1
endloop
endfacet
facet normal 0 0 1
outer loop
vertex 107.3251732054903 -65.60490261040921 4
vertex 107.20927253188948 -64.95087030847274 1
vertex 107.3251732054903 -65.60490261040921 1
endloop
endfacet
facet normal 0 0 1
outer loop
vertex 107.82031997836093 -66.46125232122108 4
vertex 107.58526337498397 -66.05472507444273 4
vertex 107.3251732054903 -65.60490261040921 4
endloop
endfacet
facet normal 0 0 1
outer loop
vertex 107.82031997836093 -66.46125232122108 4
vertex 107.3251732054903 -65.60490261040921 4
vertex 107.3251732054903 -65.60490261040921 1
endloop
endfacet
facet normal 0 0 1
outer loop
vertex 107.82031997836093 -66.46125232122108 4
vertex 107.3251732054903 -65.60490261040921 1
vertex 107.44263868727185 -65.808057587609 1
endloop
endfacet
facet normal 0 0 1
outer loop
vertex 107.82031997836093 -66.46125232122108 4
vertex 107.44263868727185 -65.808057587609 1
vertex 107.81050954074733 -66.44428530078476 1
endloop
endfacet
facet normal 0 0 1
outer loop
vertex 107.82031997836093 -66.46125232122108 4
vertex 107.81050954074733 -66.44428530078476 1
vertex 107.82031997836094 -66.46125232122104 1
endloop
endfacet
facet normal -0.6424598047180066 -0.7663193846704525 -1.3935857390676582e-14
outer loop
vertex 108.57835866460034 -67.09676983007218 4
vertex 107.82031997836093 -66.46125232122108 4
vertex 107.82031997836094 -66.46125232122104 1
endloop
endfacet
facet normal -0.6424598047180066 -0.7663193846704525 -1.3935857390676582e-14
outer loop
vertex 108.57835866460034 -67.09676983007218 4
vertex 107.82031997836094 -66.46125232122104 1
vertex 108.20387659828832 -66.7828149960848 1
endloop
endfacet
facet normal -0.6424598047180066 -0.7663193846704525 -1.3935857390676582e-14
outer loop
vertex 108.57835866460034 -67.09676983007218 4
vertex 108.20387659828832 -66.7828149960848 1
vertex 108.57835866460034 -67.09676983007219 1
endloop
endfacet
facet normal -0.3418191154175179 -0.9397657646111534 0
outer loop
vertex 109.50796950288661 -67.43489531451891 4
vertex 108.57835866460034 -67.09676983007218 4
vertex 108.57835866460034 -67.09676983007219 1
endloop
endfacet
facet normal -0.3418191154175179 -0.9397657646111534 0
outer loop
vertex 109.50796950288661 -67.43489531451891 4
vertex 108.57835866460034 -67.09676983007219 1
vertex 109.50796950288664 -67.43489531451891 1
endloop
endfacet
facet normal 0 -1 0
outer loop
vertex 110.4971636971133 -67.43489531451891 1
vertex 110.49716369711331 -67.43489531451891 4
vertex 109.50796950288661 -67.43489531451891 4
endloop
endfacet
facet normal 0 -1 0
outer loop
vertex 110.4971636971133 -67.43489531451891 1
vertex 109.50796950288661 -67.43489531451891 4
vertex 109.50796950288664 -67.43489531451891 1
endloop
endfacet
facet normal 0.34181911541753646 -0.9397657646111465 0
outer loop
vertex 111.42677453539973 -67.09676983007218 4
vertex 110.49716369711331 -67.43489531451891 4
vertex 110.4971636971133 -67.43489531451891 1
endloop
endfacet
facet normal 0.34181911541753646 -0.9397657646111465 0
outer loop
vertex 111.42677453539973 -67.09676983007218 4
vertex 110.4971636971133 -67.43489531451891 1
vertex 111.4267745353997 -67.09676983007219 1
endloop
endfacet
facet normal 0.6424598047180882 -0.766319384670384 0
outer loop
vertex 112.18481322163898 -66.46125232122108 4
vertex 111.42677453539973 -67.09676983007218 4
vertex 111.4267745353997 -67.09676983007219 1
endloop
endfacet
facet normal 0.6424598047180882 -0.766319384670384 0
outer loop
vertex 112.18481322163898 -66.46125232122108 4
vertex 111.4267745353997 -67.09676983007219 1
vertex 112.184813221639 -66.46125232122104 1
endloop
endfacet
facet normal 0 0 1
outer loop
vertex 112.67995999450966 -65.60490261040921 4
vertex 112.41986982501597 -66.05472507444273 4
vertex 112.18481322163898 -66.46125232122108 4
endloop
endfacet
facet normal 0 0 1
outer loop
vertex 112.67995999450966 -65.60490261040921 4
vertex 112.18481322163898 -66.46125232122108 4
vertex 112.184813221639 -66.46125232122104 1
endloop
endfacet
facet normal 0 0 1
outer loop
vertex 112.67995999450966 -65.60490261040921 4
vertex 112.184813221639 -66.46125232122104 1
vertex 112.67995999450967 -65.60490261040921 1
endloop
endfacet
facet normal 0 0 1
outer loop
vertex 112.85256527947348 -64.63088383774904 4
vertex 112.69680984991011 -65.50981817843429 4
vertex 112.67995999450966 -65.60490261040921 4
endloop
endfacet
facet normal 0 0 1
outer loop
vertex 112.85256527947348 -64.63088383774904 4
vertex 112.67995999450966 -65.60490261040921 4
vertex 112.67995999450967 -65.60490261040921 1
endloop
endfacet
facet normal 0 0 1
outer loop
vertex 112.85256527947348 -64.63088383774904 4
vertex 112.67995999450967 -65.60490261040921 1
vertex 112.85256527947348 -64.63088383774905 1
endloop
endfacet
facet normal 0 0 1
outer loop
vertex 112.68183558180269 -63.656534555291785 4
vertex 112.69759313168343 -63.74646242155674 4
vertex 112.85208454491712 -64.62814030000233 4
endloop
endfacet
facet normal 0 0 1
outer loop
vertex 112.68183558180269 -63.656534555291785 4
vertex 112.85208454491712 -64.62814030000233 4
vertex 112.85256527947348 -64.63088383774904 4
endloop
endfacet
facet normal 0 0 1
outer loop
vertex 112.68183558180269 -63.656534555291785 4
vertex 112.85256527947348 -64.63088383774904 4
vertex 112.85256527947348 -64.63088383774905 1
endloop
endfacet
facet normal 0 0 1
outer loop
vertex 112.68183558180269 -63.656534555291785 4
vertex 112.85256527947348 -64.63088383774905 1
vertex 112.68183558180269 -63.656534555291785 1
endloop
endfacet
facet normal 0 0 1
outer loop
vertex 112.18833844709202 -62.79923313109833 4
vertex 112.41993137729415 -63.20155552555727 4
vertex 112.68183558180269 -63.656534555291785 4
endloop
endfacet
facet normal 0 0 1
outer loop
vertex 112.18833844709202 -62.79923313109833 4
vertex 112.68183558180269 -63.656534555291785 4
vertex 112.68183558180269 -63.656534555291785 1
endloop
endfacet
facet normal 0 0 1
outer loop
vertex 112.18833844709202 -62.79923313109833 4
vertex 112.68183558180269 -63.656534555291785 1
vertex 112.18833844709205 -62.79923313109836 1
endloop
endfacet
facet normal 0.6439340000974053 0.7650810437584733 0
outer loop
vertex 111.43152472049326 -62.1622573567368 4
vertex 112.18833844709202 -62.79923313109833 4
vertex 112.18833844709205 -62.79923313109836 1
endloop
endfacet
facet normal 0.6439340000974053 0.7650810437584733 0
outer loop
vertex 111.43152472049326 -62.1622573567368 4
vertex 112.18833844709205 -62.79923313109836 1
vertex 111.43152472049323 -62.16225735673679 1
endloop
endfacet
facet normal 0.3436278023604442 0.9391059223777323 0
outer loop
vertex 110.50256651323593 -61.82234269999999 4
vertex 111.43152472049326 -62.1622573567368 4
vertex 111.43152472049323 -62.16225735673679 1
endloop
endfacet
facet normal 0.3436278023604442 0.9391059223777323 0
outer loop
vertex 110.50256651323593 -61.82234269999999 4
vertex 111.43152472049323 -62.16225735673679 1
vertex 110.50256657404397 -61.82234270000001 1
endloop
endfacet
facet normal -0.10452848656740339 0.9945218929193707 0
outer loop
vertex 187.84742953587187 -70.39812779121391 4
vertex 188.73422129999997 -70.3049222 4
vertex 188.7342213 -70.3049222 1
endloop
endfacet
facet normal -0.10452848656740339 0.9945218929193707 0
outer loop
vertex 187.84742953587187 -70.39812779121391 4
vertex 188.7342213 -70.3049222 1
vertex 187.8474295358719 -70.39812779121391 1
endloop
endfacet
facet normal -0.40673663988693004 0.9135454590623774 0
outer loop
vertex 187.0328425543789 -70.76080527864637 4
vertex 187.84742953587187 -70.39812779121391 4
vertex 187.8474295358719 -70.39812779121391 1
endloop
endfacet
facet normal -0.40673663988693004 0.9135454590623774 0
outer loop
vertex 187.0328425543789 -70.76080527864637 4
vertex 187.8474295358719 -70.39812779121391 1
vertex 187.03284255437885 -70.76080527864642 1
endloop
endfacet
facet normal -0.6691306063588643 0.7431448254773887 0
outer loop
vertex 186.37019780671727 -71.35745328937364 4
vertex 187.0328425543789 -70.76080527864637 4
vertex 187.03284255437885 -70.76080527864642 1
endloop
endfacet
facet normal -0.6691306063588643 0.7431448254773887 0
outer loop
vertex 186.37019780671727 -71.35745328937364 4
vertex 187.03284255437885 -70.76080527864642 1
vertex 186.37019780671733 -71.35745328937358 1
endloop
endfacet
facet normal 0 0 1
outer loop
vertex 185.92435957913514 -72.12966775772739 4
vertex 186.15832276724288 -71.72443162555727 4
vertex 186.37019780671727 -71.35745328937364 4
endloop
endfacet
facet normal 0 0 1
outer loop
vertex 185.92435957913514 -72.12966775772739 4
vertex 186.37019780671727 -71.35745328937364 4
vertex 186.37019780671733 -71.35745328937358 1
endloop
endfacet
facet normal 0 0 1
outer loop
vertex 185.92435957913514 -72.12966775772739 4
vertex 186.37019780671733 -71.35745328937358 1
vertex 185.92435957913517 -72.12966775772742 1
endloop
endfacet
facet normal 0 0 1
outer loop
vertex 185.7389696246478 -73.00185894954423 4
vertex 185.8946716428282 -72.26933852156002 4
vertex 185.92435957913514 -72.12966775772739 4
endloop
endfacet
facet normal 0 0 1
outer loop
vertex 185.7389696246478 -73.00185894954423 4
vertex 185.92435957913514 -72.12966775772739 4
vertex 185.92435957913517 -72.12966775772742 1
endloop
endfacet
facet normal 0 0 1
outer loop
vertex 185.7389696246478 -73.00185894954423 4
vertex 185.92435957913517 -72.12966775772742 1
vertex 185.7389696246478 -73.00185894954438 1
endloop
endfacet
facet normal 0 0 -1
outer loop
vertex 185.83217520408812 -73.88865071217523 4
vertex 185.75464670599118 -73.15101639999824 4
vertex 185.7389696246478 -73.00185894954423 4
endloop
endfacet
facet normal 0 0 -1
outer loop
vertex 185.83217520408812 -73.88865071217523 4
vertex 185.7389696246478 -73.00185894954423 4
vertex 185.7389696246478 -73.00185894954438 1
endloop
endfacet
facet normal 0 0 -1
outer loop
vertex 185.83217520408812 -73.88865071217523 4
vertex 185.7389696246478 -73.00185894954438 1
vertex 185.83217520408806 -73.88865071217512 1
endloop
endfacet
facet normal 0 0 -1
outer loop
vertex 186.19485270573776 -74.70323768733815 4
vertex 186.13891572417262 -74.57760117444273 4
vertex 185.89630753413473 -74.03269427844334 4
endloop
endfacet
facet normal 0 0 -1
outer loop
vertex 186.19485270573776 -74.70323768733815 4
vertex 185.89630753413473 -74.03269427844334 4
vertex 185.83217520408812 -73.88865071217523 4
endloop
endfacet
facet normal 0 0 -1
outer loop
vertex 186.19485270573776 -74.70323768733815 4
vertex 185.83217520408812 -73.88865071217523 4
vertex 185.83217520408806 -73.88865071217512 1
endloop
endfacet
facet normal 0 0 -1
outer loop
vertex 186.19485270573776 -74.70323768733815 4
vertex 185.83217520408806 -73.88865071217512 1
vertex 186.19485270573776 -74.70323768733816 1
endloop
endfacet
facet normal -0.7431448137988738 -0.6691306193291691 0
outer loop
vertex 186.79150072803031 -75.3658824245863 4
vertex 186.19485270573776 -74.70323768733815 4
vertex 186.19485270573776 -74.70323768733816 1
endloop
endfacet
facet normal -0.7431448137988738 -0.6691306193291691 0
outer loop
vertex 186.79150072803031 -75.3658824245863 4
vertex 186.19485270573776 -74.70323768733816 1
vertex 186.79150072803031 -75.36588242458629 1
endloop
endfacet
facet normal -0.4999999818620001 -0.8660254142564175 0
outer loop
vertex 187.56371520416533 -75.81172063869067 4
vertex 186.79150072803031 -75.3658824245863 4
vertex 186.79150072803031 -75.36588242458629 1
endloop
endfacet
facet normal -0.4999999818620001 -0.8660254142564175 0
outer loop
vertex 187.56371520416533 -75.81172063869067 4
vertex 186.79150072803031 -75.36588242458629 1
vertex 187.56371520416536 -75.81172063869069 1
endloop
endfacet
facet normal -0.20791166691711274 -0.9781476058140446 0
outer loop
vertex 188.43590639921823 -75.99711057795547 4
vertex 187.56371520416533 -75.81172063869067 4
vertex 187.56371520416536 -75.81172063869069 1
endloop
endfacet
facet normal -0.20791166691711274 -0.9781476058140446 0
outer loop
vertex 188.43590639921823 -75.99711057795547 4
vertex 187.56371520416536 -75.81172063869069 1
vertex 188.4359063992182 -75.99711057795545 1
endloop
endfacet
facet normal 0 0 -1
outer loop
vertex 33.5637823 -63.976112899999976 4
vertex 33.40831870173755 -64.8577907784382 4
vertex 33.39190626923984 -64.95087030847816 4
endloop
endfacet
facet normal 0 0 -1
outer loop
vertex 33.5637823 -63.976112899999976 4
vertex 33.39190626923984 -64.95087030847816 4
vertex 33.39190626923986 -64.95087030847813 1
endloop
endfacet
facet normal 0 0 -1
outer loop
vertex 33.5637823 -63.976112899999976 4
vertex 33.39190626923986 -64.95087030847813 1
vertex 33.44832851749098 -64.63088383774905 1
endloop
endfacet
facet normal 0 0 -1
outer loop
vertex 33.5637823 -63.976112899999976 4
vertex 33.44832851749098 -64.63088383774905 1
vertex 33.563782300000014 -63.97611290000003 1
endloop
endfacet
facet normal 0 0 -1
outer loop
vertex 33.39190626923984 -63.00135549152185 4
vertex 33.40831870173746 -63.09443502156128 4
vertex 33.5637823 -63.976112899999976 4
endloop
endfacet
facet normal 0 0 -1
outer loop
vertex 33.39190626923984 -63.00135549152185 4
vertex 33.5637823 -63.976112899999976 4
vertex 33.563782300000014 -63.97611290000003 1
endloop
endfacet
facet normal 0 0 -1
outer loop
vertex 33.39190626923984 -63.00135549152185 4
vertex 33.563782300000014 -63.97611290000003 1
vertex 33.50743201537802 -63.656534555291785 1
endloop
endfacet
facet normal 0 0 -1
outer loop
vertex 33.39190626923984 -63.00135549152185 4
vertex 33.50743201537802 -63.656534555291785 1
vertex 33.39190626923984 -63.00135549152185 1
endloop
endfacet
facet normal 0 0 -1
outer loop
vertex 32.89700896288909 -62.14416821239337 4
vertex 33.13104361787295 -62.54952812555726 4
vertex 33.39190626923984 -63.00135549152185 4
endloop
endfacet
facet normal 0 0 -1
outer loop
vertex 32.89700896288909 -62.14416821239337 4
vertex 33.39190626923984 -63.00135549152185 4
vertex 33.39190626923984 -63.00135549152185 1
endloop
endfacet
facet normal 0 0 -1
outer loop
vertex 32.89700896288909 -62.14416821239337 4
vertex 33.39190626923984 -63.00135549152185 1
vertex 33.27521087004275 -62.79923313109836 1
endloop
endfacet
facet normal 0 0 -1
outer loop
vertex 32.89700896288909 -62.14416821239337 4
vertex 33.27521087004275 -62.79923313109836 1
vertex 32.90745273524698 -62.16225735673679 1
endloop
endfacet
facet normal 0 0 -1
outer loop
vertex 32.89700896288909 -62.14416821239337 4
vertex 32.90745273524698 -62.16225735673679 1
vertex 32.89700896288909 -62.14416821239337 1
endloop
endfacet
facet normal 0.6427876096865333 0.7660444431189831 0
outer loop
vertex 32.13878229999999 -61.50794049921436 4
vertex 32.89700896288909 -62.14416821239337 4
vertex 32.89700896288909 -62.14416821239337 1
endloop
endfacet
facet normal 0.6427876096865333 0.7660444431189831 0
outer loop
vertex 32.13878229999999 -61.50794049921436 4
vertex 32.89700896288909 -62.14416821239337 1
vertex 32.13878230000001 -61.50794049921436 1
endloop
endfacet
facet normal -0.6427876096865413 0.7660444431189765 0
outer loop
vertex 28.530555637110908 -62.14416821239337 4
vertex 29.288782299999994 -61.50794049921436 4
vertex 29.288782300000015 -61.50794049921436 1
endloop
endfacet
facet normal -0.6427876096865413 0.7660444431189765 0
outer loop
vertex 28.530555637110908 -62.14416821239337 4
vertex 29.288782300000015 -61.50794049921436 1
vertex 28.530555637110908 -62.14416821239337 1
endloop
endfacet
facet normal 0 0 -1
outer loop
vertex 28.035658330760157 -63.00135549152185 4
vertex 28.29652098212705 -62.54952812555726 4
vertex 28.530555637110908 -62.14416821239337 4
endloop
endfacet
facet normal 0 0 -1
outer loop
vertex 28.035658330760157 -63.00135549152185 4
vertex 28.530555637110908 -62.14416821239337 4
vertex 28.530555637110908 -62.14416821239337 1
endloop
endfacet
facet normal 0 0 -1
outer loop
vertex 28.035658330760157 -63.00135549152185 4
vertex 28.530555637110908 -62.14416821239337 1
vertex 28.035658330760157 -63.00135549152185 1
endloop
endfacet
facet normal 0 0 -1
outer loop
vertex 28.530555637110908 -65.80805758760664 4
vertex 28.296520982127035 -65.40269767444272 4
vertex 28.035658330760157 -64.95087030847816 4
endloop
endfacet
facet normal 0 0 -1
outer loop
vertex 28.530555637110908 -65.80805758760664 4
vertex 28.035658330760157 -64.95087030847816 4
vertex 28.035658330760157 -64.95087030847813 1
endloop
endfacet
facet normal 0 0 -1
outer loop
vertex 28.530555637110908 -65.80805758760664 4
vertex 28.035658330760157 -64.95087030847813 1
vertex 28.530555637110908 -65.80805758760664 1
endloop
endfacet
facet normal -0.6427876096865409 -0.7660444431189767 0
outer loop
vertex 29.288782300000022 -66.44428530078565 4
vertex 28.530555637110908 -65.80805758760664 4
vertex 28.530555637110908 -65.80805758760664 1
endloop
endfacet
facet normal -0.6427876096865409 -0.7660444431189767 0
outer loop
vertex 29.288782300000022 -66.44428530078565 4
vertex 28.530555637110908 -65.80805758760664 1
vertex 29.288782300000012 -66.44428530078565 1
endloop
endfacet
facet normal -0.3420201433256554 -0.9396926207859133 0
outer loop
vertex 30.218884993649226 -66.7828149960848 4
vertex 29.288782300000022 -66.44428530078565 4
vertex 29.288782300000012 -66.44428530078565 1
endloop
endfacet
facet normal -0.3420201433256554 -0.9396926207859133 0
outer loop
vertex 30.218884993649226 -66.7828149960848 4
vertex 29.288782300000012 -66.44428530078565 1
vertex 30.218884993649226 -66.7828149960848 1
endloop
endfacet
facet normal 0 -1 0
outer loop
vertex 31.20867960635074 -66.7828149960848 1
vertex 31.20867960635077 -66.7828149960848 4
vertex 30.218884993649226 -66.7828149960848 4
endloop
endfacet
facet normal 0 -1 0
outer loop
vertex 31.20867960635074 -66.7828149960848 1
vertex 30.218884993649226 -66.7828149960848 4
vertex 30.218884993649226 -66.7828149960848 1
endloop
endfacet
facet normal 0.34202014332567965 -0.9396926207859043 -3.6454278329356916e-15
outer loop
vertex 32.13878229999999 -66.44428530078565 4
vertex 31.20867960635077 -66.7828149960848 4
vertex 31.20867960635074 -66.7828149960848 1
endloop
endfacet
facet normal 0.34202014332567965 -0.9396926207859043 -3.6454278329356916e-15
outer loop
vertex 32.13878229999999 -66.44428530078565 4
vertex 31.20867960635074 -66.7828149960848 1
vertex 32.092165794489894 -66.46125232122104 1
endloop
endfacet
facet normal 0.34202014332567965 -0.9396926207859043 -3.6454278329356916e-15
outer loop
vertex 32.13878229999999 -66.44428530078565 4
vertex 32.092165794489894 -66.46125232122104 1
vertex 32.13878229999999 -66.44428530078565 1
endloop
endfacet
facet normal 0.6427876096865413 -0.7660444431189765 0
outer loop
vertex 32.89700896288909 -65.80805758760664 4
vertex 32.13878229999999 -66.44428530078565 4
vertex 32.13878229999999 -66.44428530078565 1
endloop
endfacet
facet normal 0.6427876096865413 -0.7660444431189765 0
outer loop
vertex 32.89700896288909 -65.80805758760664 4
vertex 32.13878229999999 -66.44428530078565 1
vertex 32.897008962889075 -65.80805758760664 1
endloop
endfacet
facet normal 0 0 -1
outer loop
vertex 33.39190626923984 -64.95087030847816 4
vertex 33.13104361787296 -65.40269767444272 4
vertex 32.89700896288909 -65.80805758760664 4
endloop
endfacet
facet normal 0 0 -1
outer loop
vertex 33.39190626923984 -64.95087030847816 4
vertex 32.89700896288909 -65.80805758760664 4
vertex 32.897008962889075 -65.80805758760664 1
endloop
endfacet
facet normal 0 0 -1
outer loop
vertex 33.39190626923984 -64.95087030847816 4
vertex 32.897008962889075 -65.80805758760664 1
vertex 33.01430054366248 -65.60490261040921 1
endloop
endfacet
facet normal 0 0 -1
outer loop
vertex 33.39190626923984 -64.95087030847816 4
vertex 33.01430054366248 -65.60490261040921 1
vertex 33.39190626923986 -64.95087030847813 1
endloop
endfacet
facet normal 0 0 -1
outer loop
vertex 184.6374944 -214.75682310000002 4
vertex 184.48203080173835 -215.63850097843383 4
vertex 184.46561836923988 -215.73158050847803 4
endloop
endfacet
facet normal 0 0 -1
outer loop
vertex 184.6374944 -214.75682310000002 4
vertex 184.46561836923988 -215.73158050847803 4
vertex 184.46561836923985 -215.73158050847815 1
endloop
endfacet
facet normal 0 0 -1
outer loop
vertex 184.6374944 -214.75682310000002 4
vertex 184.46561836923985 -215.73158050847815 1
vertex 184.6374944 -214.75682310000008 1
endloop
endfacet
facet normal 0 0 1
outer loop
vertex 184.46561836923985 -213.78206569152184 4
vertex 184.4820308017355 -213.87514522155018 4
vertex 184.6374944 -214.75682310000002 4
endloop
endfacet
facet normal 0 0 1
outer loop
vertex 184.46561836923985 -213.78206569152184 4
vertex 184.6374944 -214.75682310000002 4
vertex 184.6374944 -214.75682310000008 1
endloop
endfacet
facet normal 0 0 1
outer loop
vertex 184.46561836923985 -213.78206569152184 4
vertex 184.6374944 -214.75682310000008 1
vertex 184.46561836923985 -213.78206569152184 1
endloop
endfacet
facet normal 0 0 -1
outer loop
vertex 183.9707210628891 -212.92487841239335 4
vertex 184.20475571787298 -213.33023832555727 4
vertex 184.46561836923985 -213.78206569152184 4
endloop
endfacet
facet normal 0 0 -1
outer loop
vertex 183.9707210628891 -212.92487841239335 4
vertex 184.46561836923985 -213.78206569152184 4
vertex 184.46561836923985 -213.78206569152184 1
endloop
endfacet
facet normal 0 0 -1
outer loop
vertex 183.9707210628891 -212.92487841239335 4
vertex 184.46561836923985 -213.78206569152184 1
vertex 183.97072106288914 -212.9248784123934 1
endloop
endfacet
facet normal 0.6427876096865429 0.7660444431189749 0
outer loop
vertex 183.21249439999997 -212.28865069921432 4
vertex 183.9707210628891 -212.92487841239335 4
vertex 183.97072106288914 -212.9248784123934 1
endloop
endfacet
facet normal 0.6427876096865429 0.7660444431189749 0
outer loop
vertex 183.21249439999997 -212.28865069921432 4
vertex 183.97072106288914 -212.9248784123934 1
vertex 183.2124943999999 -212.2886506992143 1
endloop
endfacet
facet normal 0.3420201433256702 0.9396926207859079 0
outer loop
vertex 182.2823917063508 -211.9501210039152 4
vertex 183.21249439999997 -212.28865069921432 4
vertex 183.2124943999999 -212.2886506992143 1
endloop
endfacet
facet normal 0.3420201433256702 0.9396926207859079 0
outer loop
vertex 182.2823917063508 -211.9501210039152 4
vertex 183.2124943999999 -212.2886506992143 1
vertex 182.28239170635084 -211.9501210039152 1
endloop
endfacet
facet normal 0 1 0
outer loop
vertex 182.2823917063508 -211.9501210039152 4
vertex 182.28239170635084 -211.9501210039152 1
vertex 181.2925970936492 -211.9501210039152 1
endloop
endfacet
facet normal 0 1 0
outer loop
vertex 182.2823917063508 -211.9501210039152 4
vertex 181.2925970936492 -211.9501210039152 1
vertex 181.29259709364925 -211.9501210039152 4
endloop
endfacet
facet normal -0.3420201433256635 0.9396926207859102 6.4869920924550335e-15
outer loop
vertex 180.36249440000006 -212.28865069921432 4
vertex 181.29259709364925 -211.9501210039152 4
vertex 181.2925970936492 -211.9501210039152 1
endloop
endfacet
facet normal -0.3420201433256635 0.9396926207859102 6.4869920924550335e-15
outer loop
vertex 180.36249440000006 -212.28865069921432 4
vertex 181.2925970936492 -211.9501210039152 1
vertex 180.66460381124213 -212.17869186603062 1
endloop
endfacet
facet normal -0.3420201433256635 0.9396926207859102 6.4869920924550335e-15
outer loop
vertex 180.36249440000006 -212.28865069921432 4
vertex 180.66460381124213 -212.17869186603062 1
vertex 180.36249440000006 -212.2886506992143 1
endloop
endfacet
facet normal -0.6427876096865406 0.7660444431189769 0
outer loop
vertex 179.60426773711097 -212.92487841239335 4
vertex 180.36249440000006 -212.28865069921432 4
vertex 180.36249440000006 -212.2886506992143 1
endloop
endfacet
facet normal -0.6427876096865406 0.7660444431189769 0
outer loop
vertex 179.60426773711097 -212.92487841239335 4
vertex 180.36249440000006 -212.2886506992143 1
vertex 179.604267737111 -212.9248784123934 1
endloop
endfacet
facet normal 0 0 1
outer loop
vertex 179.10937043076018 -213.78206569152184 4
vertex 179.3702330821271 -213.33023832555727 4
vertex 179.60426773711097 -212.92487841239335 4
endloop
endfacet
facet normal 0 0 1
outer loop
vertex 179.10937043076018 -213.78206569152184 4
vertex 179.60426773711097 -212.92487841239335 4
vertex 179.604267737111 -212.9248784123934 1
endloop
endfacet
facet normal 0 0 1
outer loop
vertex 179.10937043076018 -213.78206569152184 4
vertex 179.604267737111 -212.9248784123934 1
vertex 179.52660726260115 -213.05939029999996 1
endloop
endfacet
facet normal 0 0 1
outer loop
vertex 179.10937043076018 -213.78206569152184 4
vertex 179.52660726260115 -213.05939029999996 1
vertex 179.10937043076015 -213.78206569152184 1
endloop
endfacet
facet normal 0 0 1
outer loop
vertex 178.93749440000005 -214.75682310000002 4
vertex 179.09295799826452 -213.87514522155018 4
vertex 179.10937043076018 -213.78206569152184 4
endloop
endfacet
facet normal 0 0 1
outer loop
vertex 178.93749440000005 -214.75682310000002 4
vertex 179.10937043076018 -213.78206569152184 4
vertex 179.10937043076015 -213.78206569152184 1
endloop
endfacet
facet normal 0 0 1
outer loop
vertex 178.93749440000005 -214.75682310000002 4
vertex 179.10937043076015 -213.78206569152184 1
vertex 178.93749440000002 -214.75682310000008 1
endloop
endfacet
facet normal 0 0 -1
outer loop
vertex 179.10937043076024 -215.73158050847803 4
vertex 179.09295799826177 -215.63850097843383 4
vertex 178.93749440000005 -214.75682310000002 4
endloop
endfacet
facet normal 0 0 -1
outer loop
vertex 179.10937043076024 -215.73158050847803 4
vertex 178.93749440000005 -214.75682310000002 4
vertex 178.93749440000002 -214.75682310000008 1
endloop
endfacet
facet normal 0 0 -1
outer loop
vertex 179.10937043076024 -215.73158050847803 4
vertex 178.93749440000002 -214.75682310000008 1
vertex 179.10937043076018 -215.73158050847815 1
endloop
endfacet
facet normal 0 0 1
outer loop
vertex 179.6042677371109 -216.58876778760663 4
vertex 179.3702330821271 -216.1834078744427 4
vertex 179.10937043076024 -215.73158050847803 4
endloop
endfacet
facet normal 0 0 1
outer loop
vertex 179.6042677371109 -216.58876778760663 4
vertex 179.10937043076024 -215.73158050847803 4
vertex 179.10937043076018 -215.73158050847815 1
endloop
endfacet
facet normal 0 0 1
outer loop
vertex 179.6042677371109 -216.58876778760663 4
vertex 179.10937043076018 -215.73158050847815 1
vertex 179.6042677371109 -216.5887677876066 1
endloop
endfacet
facet normal -0.6427876096865336 -0.7660444431189828 0
outer loop
vertex 180.36249439999997 -217.22499550078567 4
vertex 179.6042677371109 -216.58876778760663 4
vertex 179.6042677371109 -216.5887677876066 1
endloop
endfacet
facet normal -0.6427876096865336 -0.7660444431189828 0
outer loop
vertex 180.36249439999997 -217.22499550078567 4
vertex 179.6042677371109 -216.5887677876066 1
vertex 180.36249440000003 -217.22499550078567 1
endloop
endfacet
facet normal -0.3420201433256702 -0.9396926207859079 0
outer loop
vertex 181.29259709364928 -217.56352519608478 4
vertex 180.36249439999997 -217.22499550078567 4
vertex 180.36249440000003 -217.22499550078567 1
endloop
endfacet
facet normal -0.3420201433256702 -0.9396926207859079 0
outer loop
vertex 181.29259709364928 -217.56352519608478 4
vertex 180.36249440000003 -217.22499550078567 1
vertex 181.29259709364925 -217.56352519608478 1
endloop
endfacet
facet normal 0 -1 0
outer loop
vertex 182.28239170635078 -217.56352519608478 1
vertex 182.2823917063508 -217.56352519608478 4
vertex 181.29259709364928 -217.56352519608478 4
endloop
endfacet
facet normal 0 -1 0
outer loop
vertex 182.28239170635078 -217.56352519608478 1
vertex 181.29259709364928 -217.56352519608478 4
vertex 181.29259709364925 -217.56352519608478 1
endloop
endfacet
facet normal 0.34202014332567027 -0.939692620785908 0
outer loop
vertex 183.2124944 -217.22499550078567 4
vertex 182.2823917063508 -217.56352519608478 4
vertex 182.28239170635078 -217.56352519608478 1
endloop
endfacet
facet normal 0.34202014332567027 -0.939692620785908 0
outer loop
vertex 183.2124944 -217.22499550078567 4
vertex 182.28239170635078 -217.56352519608478 1
vertex 183.2124944 -217.22499550078567 1
endloop
endfacet
facet normal 0.6427876096865406 -0.7660444431189769 0
outer loop
vertex 183.97072106288914 -216.58876778760663 4
vertex 183.2124944 -217.22499550078567 4
vertex 183.2124944 -217.22499550078567 1
endloop
endfacet
facet normal 0.6427876096865406 -0.7660444431189769 0
outer loop
vertex 183.97072106288914 -216.58876778760663 4
vertex 183.2124944 -217.22499550078567 1
vertex 183.97072106288917 -216.5887677876066 1
endloop
endfacet
facet normal 0 0 -1
outer loop
vertex 184.46561836923988 -215.73158050847803 4
vertex 184.20475571787298 -216.1834078744427 4
vertex 183.97072106288914 -216.58876778760663 4
endloop
endfacet
facet normal 0 0 -1
outer loop
vertex 184.46561836923988 -215.73158050847803 4
vertex 183.97072106288914 -216.58876778760663 4
vertex 183.97072106288917 -216.5887677876066 1
endloop
endfacet
facet normal 0 0 -1
outer loop
vertex 184.46561836923988 -215.73158050847803 4
vertex 183.97072106288917 -216.5887677876066 1
vertex 184.46561836923985 -215.73158050847815 1
endloop
endfacet
facet normal 0 0 1
outer loop
vertex 41.1474527 -215.80478840000004 4
vertex 40.99198910173716 -216.68646627844043 4
vertex 40.97557666923984 -216.7795458084782 4
endloop
endfacet
facet normal 0 0 1
outer loop
vertex 41.1474527 -215.80478840000004 4
vertex 40.97557666923984 -216.7795458084782 4
vertex 40.97557666923986 -216.77954580847816 1
endloop
endfacet
facet normal 0 0 1
outer loop
vertex 41.1474527 -215.80478840000004 4
vertex 40.97557666923986 -216.77954580847816 1
vertex 41.14745270000002 -215.8047884 1
endloop
endfacet
facet normal 0 0 -1
outer loop
vertex 40.97557666923983 -214.83003099152185 4
vertex 40.99198910173793 -214.923110521564 4
vertex 41.1474527 -215.80478840000004 4
endloop
endfacet
facet normal 0 0 -1
outer loop
vertex 40.97557666923983 -214.83003099152185 4
vertex 41.1474527 -215.80478840000004 4
vertex 41.14745270000002 -215.8047884 1
endloop
endfacet
facet normal 0 0 -1
outer loop
vertex 40.97557666923983 -214.83003099152185 4
vertex 41.14745270000002 -215.8047884 1
vertex 40.97557666923985 -214.83003099152188 1
endloop
endfacet
facet normal 0 0 -1
outer loop
vertex 40.48067936288906 -213.9728437123933 4
vertex 40.71471401787165 -214.37820362555502 4
vertex 40.97557666923983 -214.83003099152185 4
endloop
endfacet
facet normal 0 0 -1
outer loop
vertex 40.48067936288906 -213.9728437123933 4
vertex 40.97557666923983 -214.83003099152185 4
vertex 40.97557666923985 -214.83003099152188 1
endloop
endfacet
facet normal 0 0 -1
outer loop
vertex 40.48067936288906 -213.9728437123933 4
vertex 40.97557666923985 -214.83003099152188 1
vertex 40.480679362889106 -213.97284371239337 1
endloop
endfacet
facet normal 0.6427876096865406 0.7660444431189769 0
outer loop
vertex 39.72245270000005 -213.3366159992144 4
vertex 40.48067936288906 -213.9728437123933 4
vertex 40.480679362889106 -213.97284371239337 1
endloop
endfacet
facet normal 0.6427876096865406 0.7660444431189769 0
outer loop
vertex 39.72245270000005 -213.3366159992144 4
vertex 40.480679362889106 -213.97284371239337 1
vertex 39.72245269999998 -213.33661599921436 1
endloop
endfacet
facet normal 0.3420201433256727 0.9396926207859069 8.038635734165047e-16
outer loop
vertex 38.79235000635073 -212.99808630391522 4
vertex 39.72245270000005 -213.3366159992144 4
vertex 39.72245269999998 -213.33661599921436 1
endloop
endfacet
facet normal 0.3420201433256727 0.9396926207859069 8.038635734165047e-16
outer loop
vertex 38.79235000635073 -212.99808630391522 4
vertex 39.72245269999998 -213.33661599921436 1
vertex 38.96078135127332 -213.05939029999996 1
endloop
endfacet
facet normal 0.3420201433256727 0.9396926207859069 8.038635734165047e-16
outer loop
vertex 38.79235000635073 -212.99808630391522 4
vertex 38.96078135127332 -213.05939029999996 1
vertex 38.79235000635076 -212.99808630391522 1
endloop
endfacet
facet normal 0 1 0
outer loop
vertex 38.79235000635073 -212.99808630391522 4
vertex 38.79235000635076 -212.99808630391522 1
vertex 37.80255539364926 -212.99808630391522 1
endloop
endfacet
facet normal 0 1 0
outer loop
vertex 38.79235000635073 -212.99808630391522 4
vertex 37.80255539364926 -212.99808630391522 1
vertex 37.8025553936492 -212.99808630391522 4
endloop
endfacet
facet normal -0.3420201433256702 0.9396926207859079 0
outer loop
vertex 36.87245270000004 -213.3366159992144 4
vertex 37.8025553936492 -212.99808630391522 4
vertex 37.80255539364926 -212.99808630391522 1
endloop
endfacet
facet normal -0.3420201433256702 0.9396926207859079 0
outer loop
vertex 36.87245270000004 -213.3366159992144 4
vertex 37.80255539364926 -212.99808630391522 1
vertex 36.87245270000002 -213.33661599921436 1
endloop
endfacet
facet normal -0.6427876096865406 0.7660444431189769 0
outer loop
vertex 36.114226037110924 -213.9728437123933 4
vertex 36.87245270000004 -213.3366159992144 4
vertex 36.87245270000002 -213.33661599921436 1
endloop
endfacet
facet normal -0.6427876096865406 0.7660444431189769 0
outer loop
vertex 36.114226037110924 -213.9728437123933 4
vertex 36.87245270000002 -213.33661599921436 1
vertex 36.114226037110924 -213.97284371239337 1
endloop
endfacet
facet normal 0 0 1
outer loop
vertex 35.61932873076016 -214.83003099152185 4
vertex 35.880191382128366 -214.37820362555502 4
vertex 36.114226037110924 -213.9728437123933 4
endloop
endfacet
facet normal 0 0 1
outer loop
vertex 35.61932873076016 -214.83003099152185 4
vertex 36.114226037110924 -213.9728437123933 4
vertex 36.114226037110924 -213.97284371239337 1
endloop
endfacet
facet normal 0 0 1
outer loop
vertex 35.61932873076016 -214.83003099152185 4
vertex 36.114226037110924 -213.97284371239337 1
vertex 35.61932873076016 -214.83003099152188 1
endloop
endfacet
facet normal 0 0 1
outer loop
vertex 35.4474527 -215.80478840000004 4
vertex 35.602916298262066 -214.923110521564 4
vertex 35.61932873076016 -214.83003099152185 4
endloop
endfacet
facet normal 0 0 1
outer loop
vertex 35.4474527 -215.80478840000004 4
vertex 35.61932873076016 -214.83003099152185 4
vertex 35.61932873076016 -214.83003099152188 1
endloop
endfacet
facet normal 0 0 1
outer loop
vertex 35.4474527 -215.80478840000004 4
vertex 35.61932873076016 -214.83003099152188 1
vertex 35.4474527 -215.8047884 1
endloop
endfacet
facet normal 0 0 1
outer loop
vertex 35.619328730760174 -216.7795458084782 4
vertex 35.602916298262855 -216.68646627844043 4
vertex 35.4474527 -215.80478840000004 4
endloop
endfacet
facet normal 0 0 1
outer loop
vertex 35.619328730760174 -216.7795458084782 4
vertex 35.4474527 -215.80478840000004 4
vertex 35.4474527 -215.8047884 1
endloop
endfacet
facet normal 0 0 1
outer loop
vertex 35.619328730760174 -216.7795458084782 4
vertex 35.4474527 -215.8047884 1
vertex 35.61932873076016 -216.77954580847816 1
endloop
endfacet
facet normal 0 0 -1
outer loop
vertex 36.114226037110896 -217.63673308760661 4
vertex 35.88019138212582 -217.23137317444062 4
vertex 35.619328730760174 -216.7795458084782 4
endloop
endfacet
facet normal 0 0 -1
outer loop
vertex 36.114226037110896 -217.63673308760661 4
vertex 35.619328730760174 -216.7795458084782 4
vertex 35.61932873076016 -216.77954580847816 1
endloop
endfacet
facet normal 0 0 -1
outer loop
vertex 36.114226037110896 -217.63673308760661 4
vertex 35.61932873076016 -216.77954580847816 1
vertex 36.11422603711085 -217.63673308760664 1
endloop
endfacet
facet normal -0.6427876096865406 -0.7660444431189769 0
outer loop
vertex 36.872452700000025 -218.27296080078565 4
vertex 36.114226037110896 -217.63673308760661 4
vertex 36.11422603711085 -217.63673308760664 1
endloop
endfacet
facet normal -0.6427876096865406 -0.7660444431189769 0
outer loop
vertex 36.872452700000025 -218.27296080078565 4
vertex 36.11422603711085 -217.63673308760664 1
vertex 36.872452700000046 -218.27296080078563 1
endloop
endfacet
facet normal -0.3420201433256702 -0.9396926207859079 0
outer loop
vertex 37.802555393649286 -218.6114904960848 4
vertex 36.872452700000025 -218.27296080078565 4
vertex 36.872452700000046 -218.27296080078563 1
endloop
endfacet
facet normal -0.3420201433256702 -0.9396926207859079 0
outer loop
vertex 37.802555393649286 -218.6114904960848 4
vertex 36.872452700000046 -218.27296080078563 1
vertex 37.80255539364931 -218.6114904960848 1
endloop
endfacet
facet normal 0 -1 0
outer loop
vertex 38.79235000635072 -218.6114904960848 1
vertex 38.7923500063507 -218.6114904960848 4
vertex 37.802555393649286 -218.6114904960848 4
endloop
endfacet
facet normal 0 -1 0
outer loop
vertex 38.79235000635072 -218.6114904960848 1
vertex 37.802555393649286 -218.6114904960848 4
vertex 37.80255539364931 -218.6114904960848 1
endloop
endfacet
facet normal 0.3420201433256702 -0.9396926207859079 0
outer loop
vertex 39.722452700000005 -218.27296080078565 4
vertex 38.7923500063507 -218.6114904960848 4
vertex 38.79235000635072 -218.6114904960848 1
endloop
endfacet
facet normal 0.3420201433256702 -0.9396926207859079 0
outer loop
vertex 39.722452700000005 -218.27296080078565 4
vertex 38.79235000635072 -218.6114904960848 1
vertex 39.722452700000005 -218.27296080078563 1
endloop
endfacet
facet normal 0.6427876096865336 -0.7660444431189828 0
outer loop
vertex 40.48067936288909 -217.63673308760661 4
vertex 39.722452700000005 -218.27296080078565 4
vertex 39.722452700000005 -218.27296080078563 1
endloop
endfacet
facet normal 0.6427876096865336 -0.7660444431189828 0
outer loop
vertex 40.48067936288909 -217.63673308760661 4
vertex 39.722452700000005 -218.27296080078563 1
vertex 40.48067936288909 -217.63673308760664 1
endloop
endfacet
facet normal 0 0 -1
outer loop
vertex 40.97557666923984 -216.7795458084782 4
vertex 40.71471401787418 -217.23137317444062 4
vertex 40.48067936288909 -217.63673308760661 4
endloop
endfacet
facet normal 0 0 -1
outer loop
vertex 40.97557666923984 -216.7795458084782 4
vertex 40.48067936288909 -217.63673308760661 4
vertex 40.48067936288909 -217.63673308760664 1
endloop
endfacet
facet normal 0 0 -1
outer loop
vertex 40.97557666923984 -216.7795458084782 4
vertex 40.48067936288909 -217.63673308760664 1
vertex 40.97557666923986 -216.77954580847816 1
endloop
endfacet
facet normal -0.951056516295155 0.3090169943749434 0
outer loop
vertex 31.927307791562477 -64.8577907784382 4
vertex 32.213782300000005 -63.976112899999976 4
vertex 32.21378230000022 -63.97611290000003 1
endloop
endfacet
facet normal -0.951056516295155 0.3090169943749434 0
outer loop
vertex 31.927307791562477 -64.8577907784382 4
vertex 32.21378230000022 -63.97611290000003 1
vertex 31.927307791562566 -64.85779077843819 1
endloop
endfacet
facet normal -0.951056516295151 -0.30901699437495556 0
outer loop
vertex 32.213782300000005 -63.976112899999976 4
vertex 31.927307791562797 -63.09443502156128 4
vertex 31.927307791562942 -63.09443502156129 1
endloop
endfacet
facet normal -0.951056516295151 -0.30901699437495556 0
outer loop
vertex 32.213782300000005 -63.976112899999976 4
vertex 31.927307791562942 -63.09443502156129 1
vertex 32.21378230000022 -63.97611290000003 1
endloop
endfacet
facet normal -0.5877852522924697 -0.8090169943749499 0
outer loop
vertex 31.927307791562797 -63.09443502156128 4
vertex 31.177307791562978 -62.54952812555726 4
vertex 31.177307791562974 -62.54952812555726 1
endloop
endfacet
facet normal -0.5877852522924697 -0.8090169943749499 0
outer loop
vertex 31.927307791562797 -63.09443502156128 4
vertex 31.177307791562974 -62.54952812555726 1
vertex 31.927307791562942 -63.09443502156129 1
endloop
endfacet
facet normal 0 -1 0
outer loop
vertex 31.177307791562974 -62.54952812555726 1
vertex 31.177307791562978 -62.54952812555726 4
vertex 30.250256808437133 -62.54952812555726 4
endloop
endfacet
facet normal 0 -1 0
outer loop
vertex 31.177307791562974 -62.54952812555726 1
vertex 30.250256808437133 -62.54952812555726 4
vertex 30.250256808437122 -62.54952812555726 1
endloop
endfacet
facet normal 0.5877852522924617 -0.8090169943749558 0
outer loop
vertex 30.250256808437133 -62.54952812555726 4
vertex 29.5002568084375 -63.09443502156128 4
vertex 29.500256808437193 -63.09443502156129 1
endloop
endfacet
facet normal 0.5877852522924617 -0.8090169943749558 0
outer loop
vertex 30.250256808437133 -62.54952812555726 4
vertex 29.500256808437193 -63.09443502156129 1
vertex 30.250256808437122 -62.54952812555726 1
endloop
endfacet
facet normal 0.9510565162951504 -0.3090169943749573 0
outer loop
vertex 29.5002568084375 -63.09443502156128 4
vertex 29.21378229999981 -63.976112899999976 4
vertex 29.21378229999985 -63.97611290000003 1
endloop
endfacet
facet normal 0.9510565162951504 -0.3090169943749573 0
outer loop
vertex 29.5002568084375 -63.09443502156128 4
vertex 29.21378229999985 -63.97611290000003 1
vertex 29.500256808437193 -63.09443502156129 1
endloop
endfacet
facet normal 0.951056516295155 0.309016994374943 0
outer loop
vertex 29.21378229999981 -63.976112899999976 4
vertex 29.500256808437214 -64.8577907784382 4
vertex 29.5002568084372 -64.85779077843819 1
endloop
endfacet
facet normal 0.951056516295155 0.309016994374943 0
outer loop
vertex 29.21378229999981 -63.976112899999976 4
vertex 29.5002568084372 -64.85779077843819 1
vertex 29.21378229999985 -63.97611290000003 1
endloop
endfacet
facet normal 0.5877852522924617 0.8090169943749558 0
outer loop
vertex 29.500256808437214 -64.8577907784382 4
vertex 30.25025680843792 -65.40269767444272 4
vertex 30.25025680843793 -65.40269767444272 1
endloop
endfacet
facet normal 0.5877852522924617 0.8090169943749558 0
outer loop
vertex 29.500256808437214 -64.8577907784382 4
vertex 30.25025680843793 -65.40269767444272 1
vertex 29.5002568084372 -64.85779077843819 1
endloop
endfacet
facet normal 0 1 0
outer loop
vertex 31.177307791562253 -65.40269767444272 4
vertex 31.177307791562242 -65.40269767444272 1
vertex 30.25025680843793 -65.40269767444272 1
endloop
endfacet
facet normal 0 1 0
outer loop
vertex 31.177307791562253 -65.40269767444272 4
vertex 30.25025680843793 -65.40269767444272 1
vertex 30.25025680843792 -65.40269767444272 4
endloop
endfacet
facet normal -0.5877852522924617 0.8090169943749558 0
outer loop
vertex 31.177307791562253 -65.40269767444272 4
vertex 31.927307791562477 -64.8577907784382 4
vertex 31.927307791562566 -64.85779077843819 1
endloop
endfacet
facet normal -0.5877852522924617 0.8090169943749558 0
outer loop
vertex 31.177307791562253 -65.40269767444272 4
vertex 31.927307791562566 -64.85779077843819 1
vertex 31.177307791562242 -65.40269767444272 1
endloop
endfacet
facet normal -0.9510565162951549 0.3090169943749434 0
outer loop
vertex 111.21609209156271 -65.50981817843429 4
vertex 111.50256659999938 -64.62814030000233 4
vertex 111.50256659999938 -64.62814030000231 1
endloop
endfacet
facet normal -0.9510565162951549 0.3090169943749434 0
outer loop
vertex 111.21609209156271 -65.50981817843429 4
vertex 111.50256659999938 -64.62814030000231 1
vertex 111.21609209156367 -65.50981817843429 1
endloop
endfacet
facet normal -0.9510565162951504 -0.3090169943749573 0
outer loop
vertex 111.50256659999938 -64.62814030000233 4
vertex 111.21609209155956 -63.74646242155674 4
vertex 111.21609209155957 -63.74646242155675 1
endloop
endfacet
facet normal -0.9510565162951504 -0.3090169943749573 0
outer loop
vertex 111.50256659999938 -64.62814030000233 4
vertex 111.21609209155957 -63.74646242155675 1
vertex 111.50256659999938 -64.62814030000231 1
endloop
endfacet
facet normal -0.5877852522924614 -0.809016994374956 0
outer loop
vertex 111.21609209155956 -63.74646242155674 4
vertex 110.4660920915658 -63.20155552555727 4
vertex 110.4660920915658 -63.20155552555727 1
endloop
endfacet
facet normal -0.5877852522924614 -0.809016994374956 0
outer loop
vertex 111.21609209155956 -63.74646242155674 4
vertex 110.4660920915658 -63.20155552555727 1
vertex 111.21609209155957 -63.74646242155675 1
endloop
endfacet
facet normal 0 -1 0
outer loop
vertex 110.4660920915658 -63.20155552555727 1
vertex 110.4660920915658 -63.20155552555727 4
vertex 109.53904110843723 -63.20155552555727 4
endloop
endfacet
facet normal 0 -1 0
outer loop
vertex 110.4660920915658 -63.20155552555727 1
vertex 109.53904110843723 -63.20155552555727 4
vertex 109.53904110843723 -63.20155552555727 1
endloop
endfacet
facet normal 0.5877852522924777 -0.8090169943749441 0
outer loop
vertex 109.53904110843723 -63.20155552555727 4
vertex 108.78904110843659 -63.74646242155674 4
vertex 108.78904110844177 -63.74646242155675 1
endloop
endfacet
facet normal 0.5877852522924777 -0.8090169943749441 0
outer loop
vertex 109.53904110843723 -63.20155552555727 4
vertex 108.78904110844177 -63.74646242155675 1
vertex 109.53904110843723 -63.20155552555727 1
endloop
endfacet
facet normal 0.9510565162951596 -0.30901699437492847 0
outer loop
vertex 108.78904110843659 -63.74646242155674 4
vertex 108.502566599999 -64.62814030000233 4
vertex 108.50256659999772 -64.62814030000231 1
endloop
endfacet
facet normal 0.9510565162951596 -0.30901699437492847 0
outer loop
vertex 108.78904110843659 -63.74646242155674 4
vertex 108.50256659999772 -64.62814030000231 1
vertex 108.78904110844177 -63.74646242155675 1
endloop
endfacet
facet normal 0.9510565162951596 0.30901699437492847 0
outer loop
vertex 108.502566599999 -64.62814030000233 4
vertex 108.78904110843494 -65.50981817843429 4
vertex 108.78904110843462 -65.50981817843429 1
endloop
endfacet
facet normal 0.9510565162951596 0.30901699437492847 0
outer loop
vertex 108.502566599999 -64.62814030000233 4
vertex 108.78904110843462 -65.50981817843429 1
vertex 108.50256659999772 -64.62814030000231 1
endloop
endfacet
facet normal 0.5877852522924614 0.809016994374956 0
outer loop
vertex 108.78904110843494 -65.50981817843429 4
vertex 109.53904110844105 -66.05472507444273 4
vertex 109.53904110844105 -66.05472507444273 1
endloop
endfacet
facet normal 0.5877852522924614 0.809016994374956 0
outer loop
vertex 108.78904110843494 -65.50981817843429 4
vertex 109.53904110844105 -66.05472507444273 1
vertex 108.78904110843462 -65.50981817843429 1
endloop
endfacet
facet normal 0 1 0
outer loop
vertex 110.46609209156207 -66.05472507444273 4
vertex 110.46609209156207 -66.05472507444273 1
vertex 109.53904110844105 -66.05472507444273 1
endloop
endfacet
facet normal 0 1 0
outer loop
vertex 110.46609209156207 -66.05472507444273 4
vertex 109.53904110844105 -66.05472507444273 1
vertex 109.53904110844105 -66.05472507444273 4
endloop
endfacet
facet normal -0.5877852522924777 0.8090169943749441 0
outer loop
vertex 110.46609209156207 -66.05472507444273 4
vertex 111.21609209156271 -65.50981817843429 4
vertex 111.21609209156367 -65.50981817843429 1
endloop
endfacet
facet normal -0.5877852522924777 0.8090169943749441 0
outer loop
vertex 110.46609209156207 -66.05472507444273 4
vertex 111.21609209156367 -65.50981817843429 1
vertex 110.46609209156207 -66.05472507444273 1
endloop
endfacet
facet normal -0.9510565162951508 0.3090169943749563 0
outer loop
vertex 189.79858929156373 -74.03269427844334 4
vertex 190.08506380000094 -73.15101639999824 4
vertex 190.08506380000094 -73.15101639999823 1
endloop
endfacet
facet normal -0.9510565162951508 0.3090169943749563 0
outer loop
vertex 189.79858929156373 -74.03269427844334 4
vertex 190.08506380000094 -73.15101639999823 1
vertex 189.79858929156188 -74.03269427844334 1
endloop
endfacet
facet normal -0.951056516295141 -0.30901699437498614 0
outer loop
vertex 190.08506380000094 -73.15101639999824 4
vertex 189.79858929156347 -72.26933852156002 4
vertex 189.79858929156347 -72.26933852156002 1
endloop
endfacet
facet normal -0.951056516295141 -0.30901699437498614 0
outer loop
vertex 190.08506380000094 -73.15101639999824 4
vertex 189.79858929156347 -72.26933852156002 1
vertex 190.08506380000094 -73.15101639999823 1
endloop
endfacet
facet normal -0.5877852522924617 -0.8090169943749558 0
outer loop
vertex 189.79858929156347 -72.26933852156002 4
vertex 189.0485892915652 -71.72443162555727 4
vertex 189.0485892915652 -71.72443162555727 1
endloop
endfacet
facet normal -0.5877852522924617 -0.8090169943749558 0
outer loop
vertex 189.79858929156347 -72.26933852156002 4
vertex 189.0485892915652 -71.72443162555727 1
vertex 189.79858929156347 -72.26933852156002 1
endloop
endfacet
facet normal 0 -1 0
outer loop
vertex 189.0485892915652 -71.72443162555727 1
vertex 189.0485892915652 -71.72443162555727 4
vertex 188.12153830844048 -71.72443162555727 4
endloop
endfacet
facet normal 0 -1 0
outer loop
vertex 189.0485892915652 -71.72443162555727 1
vertex 188.12153830844048 -71.72443162555727 4
vertex 188.12153830844048 -71.72443162555727 1
endloop
endfacet
facet normal 0.5877852522924617 -0.8090169943749558 0
outer loop
vertex 188.12153830844048 -71.72443162555727 4
vertex 187.37153830843653 -72.26933852156002 4
vertex 187.3715383084408 -72.26933852156002 1
endloop
endfacet
facet normal 0.5877852522924617 -0.8090169943749558 0
outer loop
vertex 188.12153830844048 -71.72443162555727 4
vertex 187.3715383084408 -72.26933852156002 1
vertex 188.12153830844048 -71.72443162555727 1
endloop
endfacet
facet normal 0.9510565162951508 -0.3090169943749563 0
outer loop
vertex 187.37153830843653 -72.26933852156002 4
vertex 187.08506380000057 -73.15101639999824 4
vertex 187.08506379999983 -73.15101639999823 1
endloop
endfacet
facet normal 0.9510565162951508 -0.3090169943749563 0
outer loop
vertex 187.37153830843653 -72.26933852156002 4
vertex 187.08506379999983 -73.15101639999823 1
vertex 187.3715383084408 -72.26933852156002 1
endloop
endfacet
facet normal 0.9510565162951508 0.3090169943749563 0
outer loop
vertex 187.08506380000057 -73.15101639999824 4
vertex 187.37153830844036 -74.03269427844334 4
vertex 187.3715383084403 -74.03269427844334 1
endloop
endfacet
facet normal 0.9510565162951508 0.3090169943749563 0
outer loop
vertex 187.08506380000057 -73.15101639999824 4
vertex 187.3715383084403 -74.03269427844334 1
vertex 187.08506379999983 -73.15101639999823 1
endloop
endfacet
facet normal 0.5877852522924777 0.8090169943749441 0
outer loop
vertex 187.37153830844036 -74.03269427844334 4
vertex 188.121538308434 -74.57760117444273 4
vertex 188.12153830843397 -74.57760117444273 1
endloop
endfacet
facet normal 0.5877852522924777 0.8090169943749441 0
outer loop
vertex 187.37153830844036 -74.03269427844334 4
vertex 188.12153830843397 -74.57760117444273 1
vertex 187.3715383084403 -74.03269427844334 1
endloop
endfacet
facet normal 0 1 0
outer loop
vertex 189.04858929155978 -74.57760117444273 4
vertex 189.04858929155975 -74.57760117444273 1
vertex 188.12153830843397 -74.57760117444273 1
endloop
endfacet
facet normal 0 1 0
outer loop
vertex 189.04858929155978 -74.57760117444273 4
vertex 188.12153830843397 -74.57760117444273 1
vertex 188.121538308434 -74.57760117444273 4
endloop
endfacet
facet normal -0.587785252292487 0.8090169943749373 0
outer loop
vertex 189.04858929155978 -74.57760117444273 4
vertex 189.79858929156373 -74.03269427844334 4
vertex 189.79858929156188 -74.03269427844334 1
endloop
endfacet
facet normal -0.587785252292487 0.8090169943749373 0
outer loop
vertex 189.04858929155978 -74.57760117444273 4
vertex 189.79858929156188 -74.03269427844334 1
vertex 189.04858929155975 -74.57760117444273 1
endloop
endfacet
facet normal -0.9510565162951591 0.3090169943749306 0
outer loop
vertex 183.00101989156417 -215.63850097843383 4
vertex 183.28749440000124 -214.75682310000002 4
vertex 183.28749439999982 -214.75682310000008 1
endloop
endfacet
facet normal -0.9510565162951591 0.3090169943749306 0
outer loop
vertex 183.00101989156417 -215.63850097843383 4
vertex 183.28749439999982 -214.75682310000008 1
vertex 183.00101989156497 -215.63850097843383 1
endloop
endfacet
facet normal -0.9510565162951597 -0.30901699437492847 0
outer loop
vertex 183.28749440000124 -214.75682310000002 4
vertex 183.0010198915576 -213.87514522155018 4
vertex 183.00101989155664 -213.8751452215502 1
endloop
endfacet
facet normal -0.9510565162951597 -0.30901699437492847 0
outer loop
vertex 183.28749440000124 -214.75682310000002 4
vertex 183.00101989155664 -213.8751452215502 1
vertex 183.28749439999982 -214.75682310000008 1
endloop
endfacet
facet normal -0.5877852522924282 -0.80901699437498 0
outer loop
vertex 183.0010198915576 -213.87514522155018 4
vertex 182.25101989157153 -213.33023832555727 4
vertex 182.2510198915715 -213.33023832555727 1
endloop
endfacet
facet normal -0.5877852522924282 -0.80901699437498 0
outer loop
vertex 183.0010198915576 -213.87514522155018 4
vertex 182.2510198915715 -213.33023832555727 1
vertex 183.00101989155664 -213.8751452215502 1
endloop
endfacet
facet normal 0 -1 0
outer loop
vertex 182.2510198915715 -213.33023832555727 1
vertex 182.25101989157153 -213.33023832555727 4
vertex 181.3239689084381 -213.33023832555727 4
endloop
endfacet
facet normal 0 -1 0
outer loop
vertex 182.2510198915715 -213.33023832555727 1
vertex 181.3239689084381 -213.33023832555727 4
vertex 181.3239689084381 -213.33023832555727 1
endloop
endfacet
facet normal 0.587785252292443 -0.8090169943749693 0
outer loop
vertex 181.3239689084381 -213.33023832555727 4
vertex 180.57396890843995 -213.87514522155018 4
vertex 180.57396890844996 -213.8751452215502 1
endloop
endfacet
facet normal 0.587785252292443 -0.8090169943749693 0
outer loop
vertex 181.3239689084381 -213.33023832555727 4
vertex 180.57396890844996 -213.8751452215502 1
vertex 181.3239689084381 -213.33023832555727 1
endloop
endfacet
facet normal 0.9510565162951605 -0.3090169943749264 0
outer loop
vertex 180.57396890843995 -213.87514522155018 4
vertex 180.28749440000368 -214.75682310000002 4
vertex 180.28749440000075 -214.75682310000008 1
endloop
endfacet
facet normal 0.9510565162951605 -0.3090169943749264 0
outer loop
vertex 180.57396890843995 -213.87514522155018 4
vertex 180.28749440000075 -214.75682310000008 1
vertex 180.57396890844996 -213.8751452215502 1
endloop
endfacet
facet normal 0.951056516295141 0.30901699437498614 0
outer loop
vertex 180.28749440000368 -214.75682310000002 4
vertex 180.57396890844146 -215.63850097843383 4
vertex 180.57396890844078 -215.63850097843383 1
endloop
endfacet
facet normal 0.951056516295141 0.30901699437498614 0
outer loop
vertex 180.28749440000368 -214.75682310000002 4
vertex 180.57396890844078 -215.63850097843383 1
vertex 180.28749440000075 -214.75682310000008 1
endloop
endfacet
facet normal 0.5877852522924282 0.80901699437498 0
outer loop
vertex 180.57396890844146 -215.63850097843383 4
vertex 181.32396890844825 -216.1834078744427 4
vertex 181.32396890844825 -216.1834078744427 1
endloop
endfacet
facet normal 0.5877852522924282 0.80901699437498 0
outer loop
vertex 180.57396890844146 -215.63850097843383 4
vertex 181.32396890844825 -216.1834078744427 1
vertex 180.57396890844078 -215.63850097843383 1
endloop
endfacet
facet normal 0 1 0
outer loop
vertex 182.25101989156212 -216.1834078744427 4
vertex 182.25101989156218 -216.1834078744427 1
vertex 181.32396890844825 -216.1834078744427 1
endloop
endfacet
facet normal 0 1 0
outer loop
vertex 182.25101989156212 -216.1834078744427 4
vertex 181.32396890844825 -216.1834078744427 1
vertex 181.32396890844825 -216.1834078744427 4
endloop
endfacet
facet normal -0.5877852522924617 0.8090169943749558 0
outer loop
vertex 182.25101989156212 -216.1834078744427 4
vertex 183.00101989156417 -215.63850097843383 4
vertex 183.00101989156497 -215.63850097843383 1
endloop
endfacet
facet normal -0.5877852522924617 0.8090169943749558 0
outer loop
vertex 182.25101989156212 -216.1834078744427 4
vertex 183.00101989156497 -215.63850097843383 1
vertex 182.25101989156218 -216.1834078744427 1
endloop
endfacet
facet normal -0.9510565162951596 0.30901699437492847 0
outer loop
vertex 111.21609209156513 -213.94106817843337 4
vertex 111.5025666000022 -213.0593903000001 4
vertex 111.50256660000034 -213.05939029999996 1
endloop
endfacet
facet normal -0.9510565162951596 0.30901699437492847 0
outer loop
vertex 111.21609209156513 -213.94106817843337 4
vertex 111.50256660000034 -213.05939029999996 1
vertex 111.21609209156607 -213.9410681784334 1
endloop
endfacet
facet normal -0.9510565162951596 -0.309016994374929 0
outer loop
vertex 111.5025666000022 -213.0593903000001 4
vertex 111.21609209155908 -212.17771242155433 4
vertex 111.21609209155781 -212.17771242155433 1
endloop
endfacet
facet normal -0.9510565162951596 -0.309016994374929 0
outer loop
vertex 111.5025666000022 -213.0593903000001 4
vertex 111.21609209155781 -212.17771242155433 1
vertex 111.50256660000034 -213.05939029999996 1
endloop
endfacet
facet normal -0.5877852522924363 -0.8090169943749742 0
outer loop
vertex 111.21609209155908 -212.17771242155433 4
vertex 110.4660920915669 -211.63280552555727 4
vertex 110.46609209156692 -211.63280552555727 1
endloop
endfacet
facet normal -0.5877852522924363 -0.8090169943749742 0
outer loop
vertex 111.21609209155908 -212.17771242155433 4
vertex 110.46609209156692 -211.63280552555727 1
vertex 111.21609209155781 -212.17771242155433 1
endloop
endfacet
facet normal 0 -1 0
outer loop
vertex 110.46609209156692 -211.63280552555727 1
vertex 110.4660920915669 -211.63280552555727 4
vertex 109.53904110843827 -211.63280552555727 4
endloop
endfacet
facet normal 0 -1 0
outer loop
vertex 110.46609209156692 -211.63280552555727 1
vertex 109.53904110843827 -211.63280552555727 4
vertex 109.53904110843828 -211.63280552555727 1
endloop
endfacet
facet normal 0.5877852522924617 -0.8090169943749558 0
outer loop
vertex 109.53904110843827 -211.63280552555727 4
vertex 108.78904110843771 -212.17771242155433 4
vertex 108.78904110844532 -212.17771242155433 1
endloop
endfacet
facet normal 0.5877852522924617 -0.8090169943749558 0
outer loop
vertex 109.53904110843827 -211.63280552555727 4
vertex 108.78904110844532 -212.17771242155433 1
vertex 109.53904110843828 -211.63280552555727 1
endloop
endfacet
facet normal 0.9510565162951508 -0.3090169943749563 0
outer loop
vertex 108.78904110843771 -212.17771242155433 4
vertex 108.50256660000083 -213.0593903000001 4
vertex 108.50256659999896 -213.05939029999996 1
endloop
endfacet
facet normal 0.9510565162951508 -0.3090169943749563 0
outer loop
vertex 108.78904110843771 -212.17771242155433 4
vertex 108.50256659999896 -213.05939029999996 1
vertex 108.78904110844532 -212.17771242155433 1
endloop
endfacet
facet normal 0.9510565162951504 0.3090169943749573 0
outer loop
vertex 108.50256660000083 -213.0593903000001 4
vertex 108.78904110843727 -213.94106817843337 4
vertex 108.78904110843695 -213.9410681784334 1
endloop
endfacet
facet normal 0.9510565162951504 0.3090169943749573 0
outer loop
vertex 108.50256660000083 -213.0593903000001 4
vertex 108.78904110843695 -213.9410681784334 1
vertex 108.50256659999896 -213.05939029999996 1
endloop
endfacet
facet normal 0.5877852522924363 0.8090169943749742 0
outer loop
vertex 108.78904110843727 -213.94106817843337 4
vertex 109.53904110844465 -214.4859750744427 4
vertex 109.53904110844464 -214.4859750744427 1
endloop
endfacet
facet normal 0.5877852522924363 0.8090169943749742 0
outer loop
vertex 108.78904110843727 -213.94106817843337 4
vertex 109.53904110844464 -214.4859750744427 1
vertex 108.78904110843695 -213.9410681784334 1
endloop
endfacet
facet normal 0 1 0
outer loop
vertex 110.46609209156321 -214.4859750744427 4
vertex 110.46609209156321 -214.4859750744427 1
vertex 109.53904110844464 -214.4859750744427 1
endloop
endfacet
facet normal 0 1 0
outer loop
vertex 110.46609209156321 -214.4859750744427 4
vertex 109.53904110844464 -214.4859750744427 1
vertex 109.53904110844465 -214.4859750744427 4
endloop
endfacet
facet normal -0.5877852522924617 0.8090169943749558 0
outer loop
vertex 110.46609209156321 -214.4859750744427 4
vertex 111.21609209156513 -213.94106817843337 4
vertex 111.21609209156607 -213.9410681784334 1
endloop
endfacet
facet normal -0.5877852522924617 0.8090169943749558 0
outer loop
vertex 110.46609209156321 -214.4859750744427 4
vertex 111.21609209156607 -213.9410681784334 1
vertex 110.46609209156321 -214.4859750744427 1
endloop
endfacet
facet normal -0.9510565162951506 0.3090169943749562 0
outer loop
vertex 39.51097819156079 -216.68646627844043 4
vertex 39.79745269999855 -215.80478840000004 4
vertex 39.797452699998445 -215.8047884 1
endloop
endfacet
facet normal -0.9510565162951506 0.3090169943749562 0
outer loop
vertex 39.51097819156079 -216.68646627844043 4
vertex 39.797452699998445 -215.8047884 1
vertex 39.51097819156051 -216.6864662784404 1
endloop
endfacet
facet normal -0.9510565162951596 -0.309016994374929 0
outer loop
vertex 39.79745269999855 -215.80478840000004 4
vertex 39.51097819156168 -214.923110521564 4
vertex 39.51097819156161 -214.92311052156404 1
endloop
endfacet
facet normal -0.9510565162951596 -0.309016994374929 0
outer loop
vertex 39.79745269999855 -215.80478840000004 4
vertex 39.51097819156161 -214.92311052156404 1
vertex 39.797452699998445 -215.8047884 1
endloop
endfacet
facet normal -0.587785252292487 -0.8090169943749375 0
outer loop
vertex 39.51097819156168 -214.923110521564 4
vertex 38.760978191554756 -214.37820362555502 4
vertex 38.7609781915549 -214.37820362555513 1
endloop
endfacet
facet normal -0.587785252292487 -0.8090169943749375 0
outer loop
vertex 39.51097819156168 -214.923110521564 4
vertex 38.7609781915549 -214.37820362555513 1
vertex 39.51097819156161 -214.92311052156404 1
endloop
endfacet
facet normal -5.684341886080802e-14 -1 0
outer loop
vertex 38.760978191554756 -214.37820362555502 4
vertex 37.83392720843793 -214.37820362555502 4
vertex 37.83392720843795 -214.37820362555513 1
endloop
endfacet
facet normal -5.684341886080802e-14 -1 0
outer loop
vertex 38.760978191554756 -214.37820362555502 4
vertex 37.83392720843795 -214.37820362555513 1
vertex 38.7609781915549 -214.37820362555513 1
endloop
endfacet
facet normal 0.5877852522924617 -0.8090169943749558 0
outer loop
vertex 37.83392720843793 -214.37820362555502 4
vertex 37.08392720843628 -214.923110521564 4
vertex 37.08392720843248 -214.92311052156404 1
endloop
endfacet
facet normal 0.5877852522924617 -0.8090169943749558 0
outer loop
vertex 37.83392720843793 -214.37820362555502 4
vertex 37.08392720843248 -214.92311052156404 1
vertex 37.83392720843795 -214.37820362555513 1
endloop
endfacet
facet normal 0.9510565162951504 -0.3090169943749573 0
outer loop
vertex 37.08392720843628 -214.923110521564 4
vertex 36.79745270000129 -215.80478840000004 4
vertex 36.79745269999972 -215.8047884 1
endloop
endfacet
facet normal 0.9510565162951504 -0.3090169943749573 0
outer loop
vertex 37.08392720843628 -214.923110521564 4
vertex 36.79745269999972 -215.8047884 1
vertex 37.08392720843248 -214.92311052156404 1
endloop
endfacet
facet normal 0.9510565162951504 0.3090169943749573 0
outer loop
vertex 36.79745270000129 -215.80478840000004 4
vertex 37.08392720844235 -216.68646627844043 4
vertex 37.08392720844093 -216.6864662784404 1
endloop
endfacet
facet normal 0.9510565162951504 0.3090169943749573 0
outer loop
vertex 36.79745270000129 -215.80478840000004 4
vertex 37.08392720844093 -216.6864662784404 1
vertex 36.79745269999972 -215.8047884 1
endloop
endfacet
facet normal 0.5877852522924363 0.8090169943749742 0
outer loop
vertex 37.08392720844235 -216.68646627844043 4
vertex 37.833927208437146 -217.23137317444062 4
vertex 37.83392720843714 -217.2313731744406 1
endloop
endfacet
facet normal 0.5877852522924363 0.8090169943749742 0
outer loop
vertex 37.08392720844235 -216.68646627844043 4
vertex 37.83392720843714 -217.2313731744406 1
vertex 37.08392720844093 -216.6864662784404 1
endloop
endfacet
facet normal 5.684341886080802e-14 1 0
outer loop
vertex 37.833927208437146 -217.23137317444062 4
vertex 38.76097819156446 -217.23137317444062 4
vertex 38.76097819156444 -217.2313731744406 1
endloop
endfacet
facet normal 5.684341886080802e-14 1 0
outer loop
vertex 37.833927208437146 -217.23137317444062 4
vertex 38.76097819156444 -217.2313731744406 1
vertex 37.83392720843714 -217.2313731744406 1
endloop
endfacet
facet normal -0.5877852522924684 0.8090169943749508 0
outer loop
vertex 38.76097819156446 -217.23137317444062 4
vertex 39.51097819156079 -216.68646627844043 4
vertex 39.51097819156051 -216.6864662784404 1
endloop
endfacet
facet normal -0.5877852522924684 0.8090169943749508 0
outer loop
vertex 38.76097819156446 -217.23137317444062 4
vertex 39.51097819156051 -216.6864662784404 1
vertex 38.76097819156444 -217.2313731744406 1
endloop
endfacet
facet normal 0 0 1
outer loop
vertex 47.2203602433988 -224.9210224393805 1
vertex 46.09073889143945 -224.9210224393805 1
vertex 46.23485669999537 -225.02355960000236 1
endloop
endfacet
facet normal 0 0 1
outer loop
vertex 47.2203602433988 -224.9210224393805 1
vertex 48.20601896489325 -224.81996006935734 1
vertex 45.948693927380845 -224.81996006935734 1
endloop
endfacet
facet normal 0 0 1
outer loop
vertex 47.2203602433988 -224.9210224393805 1
vertex 45.948693927380845 -224.81996006935734 1
vertex 46.09073889143945 -224.9210224393805 1
endloop
endfacet
facet normal 0 0 1
outer loop
vertex 48.20601896489325 -224.81996006935734 1
vertex 49.19182732491692 -224.7203679144332 1
vertex 45.80871537687313 -224.7203679144332 1
endloop
endfacet
facet normal 0 0 1
outer loop
vertex 48.20601896489325 -224.81996006935734 1
vertex 45.80871537687313 -224.7203679144332 1
vertex 45.948693927380845 -224.81996006935734 1
endloop
endfacet
facet normal 0 0 1
outer loop
vertex 49.19182732491692 -224.7203679144332 1
vertex 50.17778313074802 -224.62224619613352 1
vertex 45.670803551274155 -224.62224619613352 1
endloop
endfacet
facet normal 0 0 1
outer loop
vertex 49.19182732491692 -224.7203679144332 1
vertex 45.670803551274155 -224.62224619613352 1
vertex 45.80871537687313 -224.7203679144332 1
endloop
endfacet
facet normal 0 0 1
outer loop
vertex 50.17778313074802 -224.62224619613352 1
vertex 51.163884184611206 -224.52559513317664 1
vertex 45.534958757996606 -224.52559513317664 1
endloop
endfacet
facet normal 0 0 1
outer loop
vertex 50.17778313074802 -224.62224619613352 1
vertex 45.534958757996606 -224.52559513317664 1
vertex 45.670803551274155 -224.62224619613352 1
endloop
endfacet
facet normal 0 0 1
outer loop
vertex 51.163884184611206 -224.52559513317664 1
vertex 52.15012829578858 -224.43041494027725 1
vertex 45.40118129882569 -224.43041494027725 1
endloop
endfacet
facet normal 0 0 1
outer loop
vertex 51.163884184611206 -224.52559513317664 1
vertex 45.40118129882569 -224.43041494027725 1
vertex 45.534958757996606 -224.52559513317664 1
endloop
endfacet
facet normal 0 0 1
outer loop
vertex 52.15012829578858 -224.43041494027725 1
vertex 53.13651327714287 -224.33670582852022 1
vertex 45.269471470445026 -224.33670582852022 1
endloop
endfacet
facet normal 0 0 1
outer loop
vertex 52.15012829578858 -224.43041494027725 1
vertex 45.269471470445026 -224.33670582852022 1
vertex 45.40118129882569 -224.43041494027725 1
endloop
endfacet
facet normal 0 0 1
outer loop
vertex 53.13651327714287 -224.33670582852022 1
vertex 54.12303692094611 -224.24446800764548 1
vertex 45.139829567647865 -224.24446800764548 1
endloop
endfacet
facet normal 0 0 1
outer loop
vertex 53.13651327714287 -224.33670582852022 1
vertex 45.139829567647865 -224.24446800764548 1
vertex 45.269471470445026 -224.33670582852022 1
endloop
endfacet
facet normal 0 0 1
outer loop
vertex 54.12303692094611 -224.24446800764548 1
vertex 55.1096970392635 -224.1537016822093 1
vertex 45.01225587794153 -224.1537016822093 1
endloop
endfacet
facet normal 0 0 1
outer loop
vertex 54.12303692094611 -224.24446800764548 1
vertex 45.01225587794153 -224.1537016822093 1
vertex 45.139829567647865 -224.24446800764548 1
endloop
endfacet
facet normal 0 0 1
outer loop
vertex 55.1096970392635 -224.1537016822093 1
vertex 56.0964914452205 -224.0644070534011 1
vertex 44.88675068410157 -224.0644070534011 1
endloop
endfacet
facet normal 0 0 1
outer loop
vertex 55.1096970392635 -224.1537016822093 1
vertex 44.88675068410157 -224.0644070534011 1
vertex 45.01225587794153 -224.1537016822093 1
endloop
endfacet
facet normal 0 0 1
outer loop
vertex 56.0964914452205 -224.0644070534011 1
vertex 57.08341792499168 -223.9765843215445 1
vertex 44.76331426768617 -223.9765843215445 1
endloop
endfacet
facet normal 0 0 1
outer loop
vertex 56.0964914452205 -224.0644070534011 1
vertex 44.76331426768617 -223.9765843215445 1
vertex 44.88675068410157 -224.0644070534011 1
endloop
endfacet
facet normal 0 0 1
outer loop
vertex 57.08341792499168 -223.9765843215445 1
vertex 58.07047430491822 -223.8902336800648 1
vertex 44.641946900558196 -223.8902336800648 1
endloop
endfacet
facet normal 0 0 1
outer loop
vertex 57.08341792499168 -223.9765843215445 1
vertex 44.641946900558196 -223.8902336800648 1
vertex 44.76331426768617 -223.9765843215445 1
endloop
endfacet
facet normal 0 0 1
outer loop
vertex 173.97143717848647 -223.88926088827054 1
vertex 172.86303551151312 -223.88926088827054 1
vertex 173.8500933500009 -223.9755947999994 1
endloop
endfacet
facet normal 0 0 1
outer loop
vertex 58.07047430491822 -223.8902336800648 1
vertex 59.05765837067091 -223.80535532268334 1
vertex 44.52264885499647 -223.80535532268334 1
endloop
endfacet
facet normal 0 0 1
outer loop
vertex 58.07047430491822 -223.8902336800648 1
vertex 44.52264885499647 -223.80535532268334 1
vertex 44.641946900558196 -223.8902336800648 1
endloop
endfacet
facet normal 0 0 1
outer loop
vertex 173.97143717848647 -223.88926088827054 1
vertex 174.0907116833283 -223.80439926241752 1
vertex 171.87585000774405 -223.80439926241752 1
endloop
endfacet
facet normal 0 0 1
outer loop
vertex 173.97143717848647 -223.88926088827054 1
vertex 171.87585000774405 -223.80439926241752 1
vertex 172.86303551151312 -223.88926088827054 1
endloop
endfacet
facet normal 0 0 1
outer loop
vertex 59.05765837067091 -223.80535532268334 1
vertex 60.04496793327012 -223.72194943759672 1
vertex 44.40542039551452 -223.72194943759672 1
endloop
endfacet
facet normal 0 0 1
outer loop
vertex 59.05765837067091 -223.80535532268334 1
vertex 44.40542039551452 -223.72194943759672 1
vertex 44.52264885499647 -223.80535532268334 1
endloop
endfacet
facet normal 0 0 1
outer loop
vertex 174.0907116833283 -223.80439926241752 1
vertex 174.2079166001657 -223.7210101105281 1
vertex 170.8885390266712 -223.7210101105281 1
endloop
endfacet
facet normal 0 0 1
outer loop
vertex 174.0907116833283 -223.80439926241752 1
vertex 170.8885390266712 -223.7210101105281 1
vertex 171.87585000774405 -223.80439926241752 1
endloop
endfacet
facet normal 0 0 1
outer loop
vertex 60.04496793327012 -223.72194943759672 1
vertex 61.03240080515427 -223.64001620961685 1
vertex 44.290261781868935 -223.64001620961685 1
endloop
endfacet
facet normal 0 0 1
outer loop
vertex 60.04496793327012 -223.72194943759672 1
vertex 44.290261781868935 -223.64001620961685 1
vertex 44.40542039551452 -223.72194943759672 1
endloop
endfacet
facet normal 0 0 1
outer loop
vertex 174.2079166001657 -223.7210101105281 1
vertex 174.3230516676297 -223.63909361856153 1
vertex 169.90110476993564 -223.63909361856153 1
endloop
endfacet
facet normal 0 0 1
outer loop
vertex 174.2079166001657 -223.7210101105281 1
vertex 169.90110476993564 -223.63909361856153 1
vertex 170.8885390266712 -223.7210101105281 1
endloop
endfacet
facet normal 0 0 1
outer loop
vertex 61.03240080515427 -223.64001620961685 1
vertex 62.01995477304046 -223.559555822393 1
vertex 44.17717327218193 -223.559555822393 1
endloop
endfacet
facet normal 0 0 1
outer loop
vertex 61.03240080515427 -223.64001620961685 1
vertex 44.17717327218193 -223.559555822393 1
vertex 44.290261781868935 -223.64001620961685 1
endloop
endfacet
facet normal 0 0 1
outer loop
vertex 174.3230516676297 -223.63909361856153 1
vertex 174.4361166294264 -223.55864996886623 1
vertex 168.9135494356401 -223.55864996886623 1
endloop
endfacet
facet normal 0 0 1
outer loop
vertex 174.3230516676297 -223.63909361856153 1
vertex 168.9135494356401 -223.55864996886623 1
vertex 169.90110476993564 -223.63909361856153 1
endloop
endfacet
facet normal 0 0 1
outer loop
vertex 62.01995477304046 -223.559555822393 1
vertex 63.00762765151366 -223.4805684539718 1
vertex 44.06615511670126 -223.4805684539718 1
endloop
endfacet
facet normal 0 0 1
outer loop
vertex 62.01995477304046 -223.559555822393 1
vertex 44.06615511670126 -223.4805684539718 1
vertex 44.17717327218193 -223.559555822393 1
endloop
endfacet
facet normal 0 0 1
outer loop
vertex 174.4361166294264 -223.55864996886623 1
vertex 174.54661901069773 -223.48002954828468 1
vertex 167.93033900953805 -223.48002954828468 1
endloop
endfacet
facet normal 0 0 1
outer loop
vertex 174.4361166294264 -223.55864996886623 1
vertex 167.93033900953805 -223.48002954828468 1
vertex 167.93025522011243 -223.48002954828468 1
endloop
endfacet
facet normal 0 0 1
outer loop
vertex 174.4361166294264 -223.55864996886623 1
vertex 167.93025522011243 -223.48002954828468 1
vertex 168.9135494356401 -223.55864996886623 1
endloop
endfacet
facet normal 0 0 1
outer loop
vertex 63.00762765151366 -223.4805684539718 1
vertex 63.99541724303575 -223.40305428010586 1
vertex 43.95720756245034 -223.40305428010586 1
endloop
endfacet
facet normal 0 0 1
outer loop
vertex 63.00762765151366 -223.4805684539718 1
vertex 43.95720756245034 -223.40305428010586 1
vertex 44.06615511670126 -223.4805684539718 1
endloop
endfacet
facet normal 0 0 1
outer loop
vertex 174.54661901069773 -223.48002954828468 1
vertex 174.65603523525454 -223.40218190831416 1
vertex 166.93808431600257 -223.40218190831416 1
endloop
endfacet
facet normal 0 0 1
outer loop
vertex 174.54661901069773 -223.48002954828468 1
vertex 166.93808431600257 -223.40218190831416 1
vertex 167.92587522036726 -223.47967934036475 1.0000000000000004
endloop
endfacet
facet normal 0 0 1
outer loop
vertex 174.54661901069773 -223.48002954828468 1
vertex 167.92587522036726 -223.47967934036475 1.0000000000000004
vertex 167.93025522011243 -223.48002954828468 1
endloop
endfacet
facet normal 0 0 1
outer loop
vertex 174.54661901069773 -223.48002954828468 1
vertex 167.93025522011243 -223.48002954828468 1
vertex 167.93033900953805 -223.48002954828468 1
endloop
endfacet
facet normal 0 0 1
outer loop
vertex 63.99541724303575 -223.40305428010586 1
vertex 64.98332134390459 -223.32701347372299 1
vertex 43.85033085248235 -223.32701347372299 1
endloop
endfacet
facet normal 0 0 1
outer loop
vertex 63.99541724303575 -223.40305428010586 1
vertex 43.85033085248235 -223.32701347372299 1
vertex 43.95720756245034 -223.40305428010586 1
endloop
endfacet
facet normal 0 0 1
outer loop
vertex 174.65603523525454 -223.40218190831416 1
vertex 174.7628883901765 -223.32615784544984 1
vertex 165.95017892419452 -223.32615784544984 1
endloop
endfacet
facet normal 0 0 1
outer loop
vertex 174.65603523525454 -223.40218190831416 1
vertex 165.95017892419452 -223.32615784544984 1
vertex 166.93808431600257 -223.40218190831416 1
endloop
endfacet
facet normal 0 0 1
outer loop
vertex 64.98332134390459 -223.32701347372299 1
vertex 65.97133776304072 -223.25244620347297 1
vertex 43.74552522383754 -223.25244620347297 1
endloop
endfacet
facet normal 0 0 1
outer loop
vertex 64.98332134390459 -223.32701347372299 1
vertex 43.74552522383754 -223.25244620347297 1
vertex 43.85033085248235 -223.32701347372299 1
endloop
endfacet
facet normal 0 0 1
outer loop
vertex 174.7628883901765 -223.32615784544984 1
vertex 174.8676704608346 -223.25160732111033 1
vertex 164.96216124551987 -223.25160732111033 1
endloop
endfacet
facet normal 0 0 1
outer loop
vertex 174.7628883901765 -223.32615784544984 1
vertex 164.96216124551987 -223.25160732111033 1
vertex 165.95017892419452 -223.32615784544984 1
endloop
endfacet
facet normal 0 0 1
outer loop
vertex 65.97133776304072 -223.25244620347297 1
vertex 66.95946429846012 -223.1793526355457 1
vertex 43.64279091009877 -223.1793526355457 1
endloop
endfacet
facet normal 0 0 1
outer loop
vertex 65.97133776304072 -223.25244620347297 1
vertex 43.64279091009877 -223.1793526355457 1
vertex 43.74552522383754 -223.25244620347297 1
endloop
endfacet
facet normal 0 0 1
outer loop
vertex 174.8676704608346 -223.25160732111033 1
vertex 174.970381215082 -223.17853050046384 1
vertex 163.9740334689217 -223.17853050046384 1
endloop
endfacet
facet normal 0 0 1
outer loop
vertex 174.8676704608346 -223.25160732111033 1
vertex 163.9740334689217 -223.17853050046384 1
vertex 164.96216124551987 -223.25160732111033 1
endloop
endfacet
facet normal 0 0 1
outer loop
vertex 66.95946429846012 -223.1793526355457 1
vertex 67.94769875274358 -223.1077329324853 1
vertex 43.54212813972467 -223.1077329324853 1
endloop
endfacet
facet normal 0 0 1
outer loop
vertex 66.95946429846012 -223.1793526355457 1
vertex 43.54212813972467 -223.1077329324853 1
vertex 43.64279091009877 -223.1793526355457 1
endloop
endfacet
facet normal 0 0 1
outer loop
vertex 174.970381215082 -223.17853050046384 1
vertex 175.07102042381146 -223.10692754651598 1
vertex 162.9857977984269 -223.10692754651598 1
endloop
endfacet
facet normal 0 0 1
outer loop
vertex 174.970381215082 -223.17853050046384 1
vertex 162.9857977984269 -223.10692754651598 1
vertex 163.9740334689217 -223.17853050046384 1
endloop
endfacet
facet normal 0 0 1
outer loop
vertex 67.94769875274358 -223.1077329324853 1
vertex 68.93603892891986 -223.03758725351207 1
vertex 43.44353713650221 -223.03758725351207 1
endloop
endfacet
facet normal 0 0 1
outer loop
vertex 67.94769875274358 -223.1077329324853 1
vertex 43.44353713650221 -223.03758725351207 1
vertex 43.54212813972467 -223.1077329324853 1
endloop
endfacet
facet normal 0 0 1
outer loop
vertex 175.07102042381146 -223.10692754651598 1
vertex 175.16958786275424 -223.0367986188298 1
vertex 161.9974564363663 -223.0367986188298 1
endloop
endfacet
facet normal 0 0 1
outer loop
vertex 175.07102042381146 -223.10692754651598 1
vertex 161.9974564363663 -223.0367986188298 1
vertex 162.9857977984269 -223.10692754651598 1
endloop
endfacet
facet normal 0 0 1
outer loop
vertex 68.93603892891986 -223.03758725351207 1
vertex 69.92448262640181 -222.9689157548081 1
vertex 43.34701811994817 -222.9689157548081 1
endloop
endfacet
facet normal 0 0 1
outer loop
vertex 68.93603892891986 -223.03758725351207 1
vertex 43.34701811994817 -222.9689157548081 1
vertex 43.44353713650221 -223.03758725351207 1
endloop
endfacet
facet normal 0 0 1
outer loop
vertex 175.16958786275424 -223.0367986188298 1
vertex 175.26608331358747 -222.9681438727381 1
vertex 161.00901157186848 -222.9681438727381 1
endloop
endfacet
facet normal 0 0 1
outer loop
vertex 175.16958786275424 -223.0367986188298 1
vertex 161.00901157186848 -222.9681438727381 1
vertex 161.9974564363663 -223.0367986188298 1
endloop
endfacet
facet normal 0 0 1
outer loop
vertex 69.92448262640181 -222.9689157548081 1
vertex 70.91302765126848 -222.9017185887984 1
vertex 43.252571304298534 -222.9017185887984 1
endloop
endfacet
facet normal 0 0 1
outer loop
vertex 69.92448262640181 -222.9689157548081 1
vertex 43.252571304298534 -222.9017185887984 1
vertex 43.34701811994817 -222.9689157548081 1
endloop
endfacet
facet normal 0 0 1
outer loop
vertex 175.26608331358747 -222.9681438727381 1
vertex 175.36050656052575 -222.90096346176824 1
vertex 160.02046541535276 -222.90096346176824 1
endloop
endfacet
facet normal 0 0 1
outer loop
vertex 175.26608331358747 -222.9681438727381 1
vertex 160.02046541535276 -222.90096346176824 1
vertex 161.00901157186848 -222.9681438727381 1
endloop
endfacet
facet normal 0 0 1
outer loop
vertex 70.91302765126848 -222.9017185887984 1
vertex 71.90167179396296 -222.8359959056754 1
vertex 43.16019690065153 -222.8359959056754 1
endloop
endfacet
facet normal 0 0 1
outer loop
vertex 70.91302765126848 -222.9017185887984 1
vertex 43.16019690065153 -222.8359959056754 1
vertex 43.252571304298534 -222.9017185887984 1
endloop
endfacet
facet normal 0 0 1
outer loop
vertex 175.36050656052575 -222.90096346176824 1
vertex 175.45285739501242 -222.83525753430436 1
vertex 159.03182015020704 -222.83525753430436 1
endloop
endfacet
facet normal 0 0 1
outer loop
vertex 175.36050656052575 -222.90096346176824 1
vertex 159.03182015020704 -222.83525753430436 1
vertex 160.02046541535276 -222.90096346176824 1
endloop
endfacet
facet normal 0 0 1
outer loop
vertex 71.90167179396296 -222.8359959056754 1
vertex 72.8904128695803 -222.77174785068755 1
vertex 43.06989511315641 -222.77174785068755 1
endloop
endfacet
facet normal 0 0 1
outer loop
vertex 71.90167179396296 -222.8359959056754 1
vertex 43.06989511315641 -222.77174785068755 1
vertex 43.16019690065153 -222.8359959056754 1
endloop
endfacet
facet normal 0 0 1
outer loop
vertex 175.45285739501242 -222.83525753430436 1
vertex 175.54313561016002 -222.77102623754323 1
vertex 158.0430779911682 -222.77102623754323 1
endloop
endfacet
facet normal 0 0 1
outer loop
vertex 175.45285739501242 -222.83525753430436 1
vertex 158.0430779911682 -222.77102623754323 1
vertex 159.03182015020704 -222.83525753430436 1
endloop
endfacet
facet normal 0 0 1
outer loop
vertex 72.8904128695803 -222.77174785068755 1
vertex 73.87924866585128 -222.70897456759107 1
vertex 42.9816661438651 -222.70897456759107 1
endloop
endfacet
facet normal 0 0 1
outer loop
vertex 72.8904128695803 -222.77174785068755 1
vertex 42.9816661438651 -222.70897456759107 1
vertex 43.06989511315641 -222.77174785068755 1
endloop
endfacet
facet normal 0 0 1
outer loop
vertex 175.54313561016002 -222.77102623754323 1
vertex 175.63134100570693 -222.70826971396727 1
vertex 157.0542411316906 -222.70826971396727 1
endloop
endfacet
facet normal 0 0 1
outer loop
vertex 175.54313561016002 -222.77102623754323 1
vertex 157.0542411316906 -222.70826971396727 1
vertex 158.0430779911682 -222.77102623754323 1
endloop
endfacet
facet normal 0 0 1
outer loop
vertex 73.87924866585128 -222.70897456759107 1
vertex 74.86817699076647 -222.6476761955356 1
vertex 42.895510188354905 -222.6476761955356 1
endloop
endfacet
facet normal 0 0 1
outer loop
vertex 73.87924866585128 -222.70897456759107 1
vertex 42.895510188354905 -222.6476761955356 1
vertex 42.9816661438651 -222.70897456759107 1
endloop
endfacet
facet normal 0 0 1
outer loop
vertex 175.63134100570693 -222.70826971396727 1
vertex 175.71747338588028 -222.64698810286524 1
vertex 156.06531176640308 -222.64698810286524 1
endloop
endfacet
facet normal 0 0 1
outer loop
vertex 175.63134100570693 -222.70826971396727 1
vertex 156.06531176640308 -222.64698810286524 1
vertex 157.0542411316906 -222.70826971396727 1
endloop
endfacet
facet normal 0 0 1
outer loop
vertex 74.86817699076647 -222.6476761955356 1
vertex 75.85719563803764 -222.58785287127535 1
vertex 42.811427438836276 -222.58785287127535 1
endloop
endfacet
facet normal 0 0 1
outer loop
vertex 74.86817699076647 -222.6476761955356 1
vertex 42.811427438836276 -222.58785287127535 1
vertex 42.895510188354905 -222.6476761955356 1
endloop
endfacet
facet normal 0 0 1
outer loop
vertex 175.71747338588028 -222.64698810286524 1
vertex 175.80153255809253 -222.5871815412597 1
vertex 155.0762921065421 -222.5871815412597 1
endloop
endfacet
facet normal 0 0 1
outer loop
vertex 175.71747338588028 -222.64698810286524 1
vertex 155.0762921065421 -222.5871815412597 1
vertex 156.06531176640308 -222.64698810286524 1
endloop
endfacet
facet normal 0 0 1
outer loop
vertex 75.85719563803764 -222.58785287127535 1
vertex 76.84630241614002 -222.52950472737183 1
vertex 42.72941808162683 -222.52950472737183 1
endloop
endfacet
facet normal 0 0 1
outer loop
vertex 75.85719563803764 -222.58785287127535 1
vertex 42.72941808162683 -222.52950472737183 1
vertex 42.811427438836276 -222.58785287127535 1
endloop
endfacet
facet normal 0 0 1
outer loop
vertex 175.80153255809253 -222.5871815412597 1
vertex 175.88351833663955 -222.52885016127573 1
vertex 154.08718433700466 -222.52885016127573 1
endloop
endfacet
facet normal 0 0 1
outer loop
vertex 175.80153255809253 -222.5871815412597 1
vertex 154.08718433700466 -222.52885016127573 1
vertex 155.0762921065421 -222.5871815412597 1
endloop
endfacet
facet normal 0 0 1
outer loop
vertex 76.84630241614002 -222.52950472737183 1
vertex 77.83549511738542 -222.47263189406164 1
vertex 42.6494822997764 -222.47263189406164 1
endloop
endfacet
facet normal 0 0 1
outer loop
vertex 76.84630241614002 -222.52950472737183 1
vertex 42.6494822997764 -222.47263189406164 1
vertex 42.72941808162683 -222.52950472737183 1
endloop
endfacet
facet normal 0 0 1
outer loop
vertex 175.88351833663955 -222.52885016127573 1
vertex 175.96343053772767 -222.4719940936792 1
vertex 153.09799067514055 -222.4719940936792 1
endloop
endfacet
facet normal 0 0 1
outer loop
vertex 175.88351833663955 -222.52885016127573 1
vertex 153.09799067514055 -222.4719940936792 1
vertex 154.08718433700466 -222.52885016127573 1
endloop
endfacet
facet normal 0 0 1
outer loop
vertex 77.83549511738542 -222.47263189406164 1
vertex 78.82477154289383 -222.41723449776262 1
vertex 42.57162027096754 -222.41723449776262 1
endloop
endfacet
facet normal 0 0 1
outer loop
vertex 77.83549511738542 -222.47263189406164 1
vertex 42.57162027096754 -222.41723449776262 1
vertex 42.6494822997764 -222.47263189406164 1
endloop
endfacet
facet normal 0 0 1
outer loop
vertex 175.96343053772767 -222.4719940936792 1
vertex 176.04126898482113 -222.41661346407201 1
vertex 152.1087133062336 -222.41661346407201 1
endloop
endfacet
facet normal 0 0 1
outer loop
vertex 175.96343053772767 -222.4719940936792 1
vertex 152.1087133062336 -222.41661346407201 1
vertex 153.09799067514055 -222.4719940936792 1
endloop
endfacet
facet normal 0 0 1
outer loop
vertex 78.82477154289383 -222.41723449776262 1
vertex 79.81412949410621 -222.36331266158996 1
vertex 42.49583216824083 -222.36331266158996 1
endloop
endfacet
facet normal 0 0 1
outer loop
vertex 78.82477154289383 -222.41723449776262 1
vertex 42.49583216824083 -222.36331266158996 1
vertex 42.57162027096754 -222.41723449776262 1
endloop
endfacet
facet normal 0 0 1
outer loop
vertex 176.04126898482113 -222.41661346407201 1
vertex 176.1170335036783 -222.36270839642387 1
vertex 151.11935444478382 -222.36270839642387 1
endloop
endfacet
facet normal 0 0 1
outer loop
vertex 176.04126898482113 -222.41661346407201 1
vertex 151.11935444478382 -222.36270839642387 1
vertex 152.1087133062336 -222.41661346407201 1
endloop
endfacet
facet normal 0 0 1
outer loop
vertex 79.81412949410621 -222.36331266158996 1
vertex 80.80356676897964 -222.3108665055609 1
vertex 42.42211816028266 -222.3108665055609 1
endloop
endfacet
facet normal 0 0 1
outer loop
vertex 79.81412949410621 -222.36331266158996 1
vertex 42.42211816028266 -222.3108665055609 1
vertex 42.49583216824083 -222.36331266158996 1
endloop
endfacet
facet normal 0 0 1
outer loop
vertex 176.1170335036783 -222.36270839642387 1
vertex 176.19072392669403 -222.31027900998288 1
vertex 150.12991627948878 -222.31027900998288 1
endloop
endfacet
facet normal 0 0 1
outer loop
vertex 176.1170335036783 -222.36270839642387 1
vertex 150.12991627948878 -222.31027900998288 1
vertex 151.11935444478382 -222.36270839642387 1
endloop
endfacet
facet normal 0 0 1
outer loop
vertex 80.80356676897964 -222.3108665055609 1
vertex 81.79308116775721 -222.25989614627807 1
vertex 42.350478410980045 -222.25989614627807 1
endloop
endfacet
facet normal 0 0 1
outer loop
vertex 80.80356676897964 -222.3108665055609 1
vertex 42.350478410980045 -222.25989614627807 1
vertex 42.42211816028266 -222.3108665055609 1
endloop
endfacet
facet normal 0 0 1
outer loop
vertex 176.19072392669403 -222.31027900998288 1
vertex 176.2623400894224 -222.25932542174925 1
vertex 149.14040101824625 -222.25932542174925 1
endloop
endfacet
facet normal 0 0 1
outer loop
vertex 176.19072392669403 -222.31027900998288 1
vertex 149.14040101824625 -222.25932542174925 1
vertex 150.12991627948878 -222.31027900998288 1
endloop
endfacet
facet normal 0 0 1
outer loop
vertex 81.79308116775721 -222.25989614627807 1
vertex 82.78267048416102 -222.21040169738455 1
vertex 42.28091308006045 -222.21040169738455 1
endloop
endfacet
facet normal 0 0 1
outer loop
vertex 81.79308116775721 -222.25989614627807 1
vertex 42.28091308006045 -222.21040169738455 1
vertex 42.350478410980045 -222.25989614627807 1
endloop
endfacet
facet normal 0 0 1
outer loop
vertex 176.2623400894224 -222.25932542174925 1
vertex 176.33188183257417 -222.2098477450543 1
vertex 148.15081086202667 -222.2098477450543 1
endloop
endfacet
facet normal 0 0 1
outer loop
vertex 176.2623400894224 -222.25932542174925 1
vertex 148.15081086202667 -222.2098477450543 1
vertex 149.14040101824625 -222.25932542174925 1
endloop
endfacet
facet normal 0 0 1
outer loop
vertex 82.78267048416102 -222.21040169738455 1
vertex 83.77233252353663 -222.16238326864516 1
vertex 42.213422321800216 -222.16238326864516 1
endloop
endfacet
facet normal 0 0 1
outer loop
vertex 82.78267048416102 -222.21040169738455 1
vertex 42.213422321800216 -222.16238326864516 1
vertex 42.28091308006045 -222.21040169738455 1
endloop
endfacet
facet normal 0 0 1
outer loop
vertex 176.33188183257417 -222.2098477450543 1
vertex 176.39934900159875 -222.16184608985796 1
vertex 147.1611480101288 -222.16184608985796 1
endloop
endfacet
facet normal 0 0 1
outer loop
vertex 176.33188183257417 -222.2098477450543 1
vertex 147.1611480101288 -222.16184608985796 1
vertex 148.15081086202667 -222.2098477450543 1
endloop
endfacet
facet normal 0 0 1
outer loop
vertex 83.77233252353663 -222.16238326864516 1
vertex 84.76206508084931 -222.1158409670524 1
vertex 42.14800628657927 -222.1158409670524 1
endloop
endfacet
facet normal 0 0 1
outer loop
vertex 83.77233252353663 -222.16238326864516 1
vertex 42.14800628657927 -222.1158409670524 1
vertex 42.213422321800216 -222.16238326864516 1
endloop
endfacet
facet normal 0 0 1
outer loop
vertex 176.39934900159875 -222.16184608985796 1
vertex 176.46474144637156 -222.1153205629712 1
vertex 146.1714146646714 -222.1153205629712 1
endloop
endfacet
facet normal 0 0 1
outer loop
vertex 176.39934900159875 -222.16184608985796 1
vertex 146.1714146646714 -222.1153205629712 1
vertex 147.1611480101288 -222.16184608985796 1
endloop
endfacet
facet normal 0 0 1
outer loop
vertex 84.76206508084931 -222.1158409670524 1
vertex 85.75186595392302 -222.0707748961618 1
vertex 42.084665119946685 -222.0707748961618 1
endloop
endfacet
facet normal 0 0 1
outer loop
vertex 84.76206508084931 -222.1158409670524 1
vertex 42.084665119946685 -222.0707748961618 1
vertex 42.14800628657927 -222.1158409670524 1
endloop
endfacet
facet normal 0 0 1
outer loop
vertex 176.46474144637156 -222.1153205629712 1
vertex 176.5280590214493 -222.0702712678742 1
vertex 145.1816130269528 -222.0702712678742 1
endloop
endfacet
facet normal 0 0 1
outer loop
vertex 176.46474144637156 -222.1153205629712 1
vertex 145.1816130269528 -222.0702712678742 1
vertex 146.1714146646714 -222.1153205629712 1
endloop
endfacet
facet normal 0 0 1
outer loop
vertex 85.75186595392302 -222.0707748961618 1
vertex 86.74173294257903 -222.0271851561483 1
vertex 42.023398962700206 -222.0271851561483 1
endloop
endfacet
facet normal 0 0 1
outer loop
vertex 85.75186595392302 -222.0707748961618 1
vertex 42.023398962700206 -222.0271851561483 1
vertex 42.084665119946685 -222.0707748961618 1
endloop
endfacet
facet normal 0 0 1
outer loop
vertex 176.5280590214493 -222.0702712678742 1
vertex 176.5893015859309 -222.02669830481548 1
vertex 144.19174529956422 -222.02669830481548 1
endloop
endfacet
facet normal 0 0 1
outer loop
vertex 176.5280590214493 -222.0702712678742 1
vertex 144.19174529956422 -222.02669830481548 1
vertex 145.1816130269528 -222.0702712678742 1
endloop
endfacet
facet normal 0 0 1
outer loop
vertex 86.74173294257903 -222.0271851561483 1
vertex 87.73166384396477 -221.98507184401797 1
vertex 41.96420795118353 -221.98507184401797 1
endloop
endfacet
facet normal 0 0 1
outer loop
vertex 86.74173294257903 -222.0271851561483 1
vertex 41.96420795118353 -221.98507184401797 1
vertex 42.023398962700206 -222.0271851561483 1
endloop
endfacet
facet normal 0 0 1
outer loop
vertex 176.5893015859309 -222.02669830481548 1
vertex 176.64846900356952 -221.9846017707322 1
vertex 143.20181368468727 -221.9846017707322 1
endloop
endfacet
facet normal 0 0 1
outer loop
vertex 176.5893015859309 -222.02669830481548 1
vertex 143.20181368468727 -221.9846017707322 1
vertex 144.19174529956422 -222.02669830481548 1
endloop
endfacet
facet normal 0 0 1
outer loop
vertex 87.73166384396477 -221.98507184401797 1
vertex 88.72165645438812 -221.9444350535168 1
vertex 41.90709221715836 -221.9444350535168 1
endloop
endfacet
facet normal 0 0 1
outer loop
vertex 87.73166384396477 -221.98507184401797 1
vertex 41.90709221715836 -221.9444350535168 1
vertex 41.96420795118353 -221.98507184401797 1
endloop
endfacet
facet normal 0 0 1
outer loop
vertex 176.64846900356952 -221.9846017707322 1
vertex 176.70556114265773 -221.94398175933185 1
vertex 142.2118203859959 -221.94398175933185 1
endloop
endfacet
facet normal 0 0 1
outer loop
vertex 176.64846900356952 -221.9846017707322 1
vertex 142.2118203859959 -221.94398175933185 1
vertex 143.20181368468727 -221.9846017707322 1
endloop
endfacet
facet normal 0 0 1
outer loop
vertex 88.72165645438812 -221.9444350535168 1
vertex 89.7117085747015 -221.9052748749147 1
vertex 41.852051887500664 -221.9052748749147 1
endloop
endfacet
facet normal 0 0 1
outer loop
vertex 88.72165645438812 -221.9444350535168 1
vertex 41.852051887500664 -221.9052748749147 1
vertex 41.90709221715836 -221.9444350535168 1
endloop
endfacet
facet normal 0 0 1
outer loop
vertex 176.70556114265773 -221.94398175933185 1
vertex 176.76057787644666 -221.9048383607938 1
vertex 141.2217676013165 -221.9048383607938 1
endloop
endfacet
facet normal 0 0 1
outer loop
vertex 176.70556114265773 -221.94398175933185 1
vertex 141.2217676013165 -221.9048383607938 1
vertex 142.2118203859959 -221.94398175933185 1
endloop
endfacet
facet normal 0 0 1
outer loop
vertex 89.7117085747015 -221.9052748749147 1
vertex 90.70181800208127 -221.86759139534524 1
vertex 41.799087084678185 -221.86759139534524 1
endloop
endfacet
facet normal 0 0 1
outer loop
vertex 89.7117085747015 -221.9052748749147 1
vertex 41.799087084678185 -221.86759139534524 1
vertex 41.852051887500664 -221.9052748749147 1
endloop
endfacet
facet normal 0 0 1
outer loop
vertex 176.76057787644666 -221.9048383607938 1
vertex 176.8135190822846 -221.86717166238256 1
vertex 140.23165753779938 -221.86717166238256 1
endloop
endfacet
facet normal 0 0 1
outer loop
vertex 176.76057787644666 -221.9048383607938 1
vertex 140.23165753779938 -221.86717166238256 1
vertex 141.2217676013165 -221.9048383607938 1
endloop
endfacet
facet normal 0 0 1
outer loop
vertex 90.70181800208127 -221.86759139534524 1
vertex 91.69198253024405 -221.8313846987773 1
vertex 41.74819792671072 -221.8313846987773 1
endloop
endfacet
facet normal 0 0 1
outer loop
vertex 90.70181800208127 -221.86759139534524 1
vertex 41.74819792671072 -221.8313846987773 1
vertex 41.799087084678185 -221.86759139534524 1
endloop
endfacet
facet normal 0 0 1
outer loop
vertex 176.8135190822846 -221.86717166238256 1
vertex 176.86438464258524 -221.8309817477586 1
vertex 139.24149239458183 -221.8309817477586 1
endloop
endfacet
facet normal 0 0 1
outer loop
vertex 176.8135190822846 -221.86717166238256 1
vertex 139.24149239458183 -221.8309817477586 1
vertex 140.23165753779938 -221.86717166238256 1
endloop
endfacet
facet normal 0 0 1
outer loop
vertex 91.69198253024405 -221.8313846987773 1
vertex 92.6821999586751 -221.7966548656713 1
vertex 41.699384526686806 -221.7966548656713 1
endloop
endfacet
facet normal 0 0 1
outer loop
vertex 91.69198253024405 -221.8313846987773 1
vertex 41.699384526686806 -221.7966548656713 1
vertex 41.74819792671072 -221.8313846987773 1
endloop
endfacet
facet normal 0 0 1
outer loop
vertex 176.86438464258524 -221.8309817477586 1
vertex 176.91317444409984 -221.7962686974964 1
vertex 138.25127437616186 -221.7962686974964 1
endloop
endfacet
facet normal 0 0 1
outer loop
vertex 176.86438464258524 -221.8309817477586 1
vertex 138.25127437616186 -221.7962686974964 1
vertex 139.24149239458183 -221.8309817477586 1
endloop
endfacet
facet normal 0 0 1
outer loop
vertex 92.6821999586751 -221.7966548656713 1
vertex 93.67246808801889 -221.76340197316875 1
vertex 41.65264699303026 -221.76340197316875 1
endloop
endfacet
facet normal 0 0 1
outer loop
vertex 92.6821999586751 -221.7966548656713 1
vertex 41.65264699303026 -221.76340197316875 1
vertex 41.699384526686806 -221.7966548656713 1
endloop
endfacet
facet normal 0 0 1
outer loop
vertex 176.91317444409984 -221.7962686974964 1
vertex 176.9598883783661 -221.76303258876484 1
vertex 137.2610056838189 -221.76303258876484 1
endloop
endfacet
facet normal 0 0 1
outer loop
vertex 176.91317444409984 -221.7962686974964 1
vertex 137.2610056838189 -221.76303258876484 1
vertex 138.25127437616186 -221.7962686974964 1
endloop
endfacet
facet normal 0 0 1
outer loop
vertex 93.67246808801889 -221.76340197316875 1
vertex 94.66278471222553 -221.73162609535265 1
vertex 41.607985429866 -221.73162609535265 1
endloop
endfacet
facet normal 0 0 1
outer loop
vertex 93.67246808801889 -221.76340197316875 1
vertex 41.607985429866 -221.73162609535265 1
vertex 41.65264699303026 -221.76340197316875 1
endloop
endfacet
facet normal 0 0 1
outer loop
vertex 176.9598883783661 -221.76303258876484 1
vertex 177.00452634129874 -221.7312734956187 1
vertex 136.27068852407822 -221.7312734956187 1
endloop
endfacet
facet normal 0 0 1
outer loop
vertex 176.9598883783661 -221.76303258876484 1
vertex 136.27068852407822 -221.7312734956187 1
vertex 137.2610056838189 -221.76303258876484 1
endloop
endfacet
facet normal 0 0 1
outer loop
vertex 94.66278471222553 -221.73162609535265 1
vertex 95.6531476247866 -221.70132730301663 1
vertex 41.565399936695755 -221.70132730301663 1
endloop
endfacet
facet normal 0 0 1
outer loop
vertex 94.66278471222553 -221.73162609535265 1
vertex 41.565399936695755 -221.70132730301663 1
vertex 41.607985429866 -221.73162609535265 1
endloop
endfacet
facet normal 0 0 1
outer loop
vertex 177.00452634129874 -221.7312734956187 1
vertex 177.04708823385678 -221.70099148852378 1
vertex 135.28032509418793 -221.70099148852378 1
endloop
endfacet
facet normal 0 0 1
outer loop
vertex 177.00452634129874 -221.7312734956187 1
vertex 135.28032509418793 -221.70099148852378 1
vertex 136.27068852407822 -221.7312734956187 1
endloop
endfacet
facet normal 0 0 1
outer loop
vertex 95.6531476247866 -221.70132730301663 1
vertex 96.6435546289119 -221.67250566336705 1
vertex 41.52489060797927 -221.67250566336705 1
endloop
endfacet
facet normal 0 0 1
outer loop
vertex 95.6531476247866 -221.70132730301663 1
vertex 41.52489060797927 -221.67250566336705 1
vertex 41.565399936695755 -221.70132730301663 1
endloop
endfacet
facet normal 0 0 1
outer loop
vertex 177.04708823385678 -221.70099148852378 1
vertex 177.08757396115303 -221.67218663499068 1
vertex 134.2899176019761 -221.67218663499068 1
endloop
endfacet
facet normal 0 0 1
outer loop
vertex 177.04708823385678 -221.70099148852378 1
vertex 134.2899176019761 -221.67218663499068 1
vertex 135.28032509418793 -221.70099148852378 1
endloop
endfacet
facet normal 0 0 1
outer loop
vertex 96.6435546289119 -221.67250566336705 1
vertex 97.63400351884597 -221.64516124059736 1
vertex 41.48645753394158 -221.64516124059736 1
endloop
endfacet
facet normal 0 0 1
outer loop
vertex 96.6435546289119 -221.67250566336705 1
vertex 41.48645753394158 -221.64516124059736 1
vertex 41.52489060797927 -221.67250566336705 1
endloop
endfacet
facet normal 0 0 1
outer loop
vertex 177.08757396115303 -221.67218663499068 1
vertex 177.1259834330684 -221.64485899913743 1
vertex 133.29946825228149 -221.64485899913743 1
endloop
endfacet
facet normal 0 0 1
outer loop
vertex 177.08757396115303 -221.67218663499068 1
vertex 133.29946825228149 -221.64485899913743 1
vertex 134.2899176019761 -221.67218663499068 1
endloop
endfacet
facet normal 0 0 1
outer loop
vertex 97.63400351884597 -221.64516124059736 1
vertex 98.62449209147812 -221.61929409553193 1
vertex 41.45010080007243 -221.61929409553193 1
endloop
endfacet
facet normal 0 0 1
outer loop
vertex 97.63400351884597 -221.64516124059736 1
vertex 41.45010080007243 -221.61929409553193 1
vertex 41.48645753394158 -221.64516124059736 1
endloop
endfacet
facet normal 0 0 1
outer loop
vertex 177.1259834330684 -221.64485899913743 1
vertex 177.16231656452953 -221.61900864149214 1
vertex 132.3089792386575 -221.61900864149214 1
endloop
endfacet
facet normal 0 0 1
outer loop
vertex 177.1259834330684 -221.64485899913743 1
vertex 132.3089792386575 -221.61900864149214 1
vertex 133.29946825228149 -221.64485899913743 1
endloop
endfacet
facet normal 0 0 1
outer loop
vertex 98.62449209147812 -221.61929409553193 1
vertex 99.61501814093698 -221.59490428577587 1
vertex 41.415820487336816 -221.59490428577587 1
endloop
endfacet
facet normal 0 0 1
outer loop
vertex 98.62449209147812 -221.61929409553193 1
vertex 41.415820487336816 -221.59490428577587 1
vertex 41.45010080007243 -221.61929409553193 1
endloop
endfacet
facet normal 0 0 1
outer loop
vertex 177.16231656452953 -221.61900864149214 1
vertex 177.19657327422536 -221.59463561990623 1
vertex 131.31845277776307 -221.59463561990623 1
endloop
endfacet
facet normal 0 0 1
outer loop
vertex 177.16231656452953 -221.61900864149214 1
vertex 131.31845277776307 -221.59463561990623 1
vertex 132.3089792386575 -221.61900864149214 1
endloop
endfacet
facet normal 0 0 1
outer loop
vertex 99.61501814093698 -221.59490428577587 1
vertex 100.60557946767025 -221.57199186548823 1
vertex 41.38361667185625 -221.57199186548823 1
endloop
endfacet
facet normal 0 0 1
outer loop
vertex 99.61501814093698 -221.59490428577587 1
vertex 41.38361667185625 -221.57199186548823 1
vertex 41.415820487336816 -221.59490428577587 1
endloop
endfacet
facet normal 0 0 1
outer loop
vertex 177.19657327422536 -221.59463561990623 1
vertex 177.2287534863735 -221.57173998829737 1
vertex 130.32789106089365 -221.57173998829737 1
endloop
endfacet
facet normal 0 0 1
outer loop
vertex 177.19657327422536 -221.59463561990623 1
vertex 130.32789106089365 -221.57173998829737 1
vertex 131.31845277776307 -221.59463561990623 1
endloop
endfacet
facet normal 0 0 1
outer loop
vertex 100.60557946767025 -221.57199186548823 1
vertex 101.59617386372204 -221.55055688573958 1
vertex 41.35348942541135 -221.55055688573958 1
endloop
endfacet
facet normal 0 0 1
outer loop
vertex 100.60557946767025 -221.57199186548823 1
vertex 41.35348942541135 -221.55055688573958 1
vertex 41.38361667185625 -221.57199186548823 1
endloop
endfacet
facet normal 0 0 1
outer loop
vertex 177.2287534863735 -221.57173998829737 1
vertex 177.25885712903175 -221.55032179785118 1
vertex 129.33729630254862 -221.55032179785118 1
endloop
endfacet
facet normal 0 0 1
outer loop
vertex 177.2287534863735 -221.57173998829737 1
vertex 129.33729630254862 -221.55032179785118 1
vertex 130.32789106089365 -221.57173998829737 1
endloop
endfacet
facet normal 0 0 1
outer loop
vertex 101.59617386372204 -221.55055688573958 1
vertex 102.58679913142454 -221.53059939408524 1
vertex 41.325438814841945 -221.53059939408524 1
endloop
endfacet
facet normal 0 0 1
outer loop
vertex 101.59617386372204 -221.55055688573958 1
vertex 41.325438814841945 -221.53059939408524 1
vertex 41.35348942541135 -221.55055688573958 1
endloop
endfacet
facet normal 0 0 1
outer loop
vertex 177.25885712903175 -221.55032179785118 1
vertex 177.2868841356101 -221.53038109594522 1
vertex 128.34667069382826 -221.53038109594522 1
endloop
endfacet
facet normal 0 0 1
outer loop
vertex 177.25885712903175 -221.55032179785118 1
vertex 128.34667069382826 -221.53038109594522 1
vertex 129.33729630254862 -221.55032179785118 1
endloop
endfacet
facet normal 0 0 1
outer loop
vertex 102.58679913142454 -221.53059939408524 1
vertex 103.5774530642698 -221.51211943498407 1
vertex 41.29946490263576 -221.51211943498407 1
endloop
endfacet
facet normal 0 0 1
outer loop
vertex 102.58679913142454 -221.53059939408524 1
vertex 41.29946490263576 -221.51211943498407 1
vertex 41.325438814841945 -221.53059939408524 1
endloop
endfacet
facet normal 0 0 1
outer loop
vertex 177.2868841356101 -221.53038109594522 1
vertex 177.31283444332047 -221.51191792725206 1
vertex 127.35601645411549 -221.51191792725206 1
endloop
endfacet
facet normal 0 0 1
outer loop
vertex 177.2868841356101 -221.53038109594522 1
vertex 127.35601645411549 -221.51191792725206 1
vertex 128.34667069382826 -221.53038109594522 1
endloop
endfacet
facet normal 0 0 1
outer loop
vertex 103.5774530642698 -221.51211943498407 1
vertex 104.56813345416111 -221.49511704962168 1
vertex 41.27556774667991 -221.49511704962168 1
endloop
endfacet
facet normal 0 0 1
outer loop
vertex 103.5774530642698 -221.51211943498407 1
vertex 41.27556774667991 -221.49511704962168 1
vertex 41.29946490263576 -221.51211943498407 1
endloop
endfacet
facet normal 0 0 1
outer loop
vertex 177.31283444332047 -221.51191792725206 1
vertex 177.33670799484202 -221.4949323325544 1
vertex 126.36533577176559 -221.4949323325544 1
endloop
endfacet
facet normal 0 0 1
outer loop
vertex 177.31283444332047 -221.51191792725206 1
vertex 126.36533577176559 -221.4949323325544 1
vertex 127.35601645411549 -221.51191792725206 1
endloop
endfacet
facet normal 0 0 1
outer loop
vertex 104.56813345416111 -221.49511704962168 1
vertex 105.5588381040773 -221.4795922757029 1
vertex 41.253747399969214 -221.4795922757029 1
endloop
endfacet
facet normal 0 0 1
outer loop
vertex 104.56813345416111 -221.49511704962168 1
vertex 41.253747399969214 -221.4795922757029 1
vertex 41.27556774667991 -221.49511704962168 1
endloop
endfacet
facet normal 0 0 1
outer loop
vertex 177.33670799484202 -221.4949323325544 1
vertex 177.3585047368241 -221.47942434981033 1
vertex 125.37463086033796 -221.47942434981033 1
endloop
endfacet
facet normal 0 0 1
outer loop
vertex 177.33670799484202 -221.4949323325544 1
vertex 125.37463086033796 -221.47942434981033 1
vertex 126.36533577176559 -221.4949323325544 1
endloop
endfacet
facet normal 0 0 1
outer loop
vertex 105.5588381040773 -221.4795922757029 1
vertex 106.54956480475933 -221.4655451478487 1
vertex 41.234003911164024 -221.4655451478487 1
endloop
endfacet
facet normal 0 0 1
outer loop
vertex 105.5588381040773 -221.4795922757029 1
vertex 41.234003911164024 -221.4655451478487 1
vertex 41.253747399969214 -221.4795922757029 1
endloop
endfacet
facet normal 0 0 1
outer loop
vertex 177.3585047368241 -221.47942434981033 1
vertex 177.37822462084915 -221.46539401346797 1
vertex 124.38390392077135 -221.46539401346797 1
endloop
endfacet
facet normal 0 0 1
outer loop
vertex 177.3585047368241 -221.47942434981033 1
vertex 124.38390392077135 -221.46539401346797 1
vertex 125.37463086033796 -221.47942434981033 1
endloop
endfacet
facet normal 0 0 1
outer loop
vertex 177.37822462084915 -221.46539401346797 1
vertex 177.39586760306804 -221.45284135472522 1
vertex 123.39315715592984 -221.45284135472522 1
endloop
endfacet
facet normal 0 0 1
outer loop
vertex 177.37822462084915 -221.46539401346797 1
vertex 123.39315715592984 -221.45284135472522 1
vertex 124.38390392077135 -221.46539401346797 1
endloop
endfacet
facet normal 0 0 1
outer loop
vertex 177.39586760306804 -221.45284135472522 1
vertex 177.41143364417172 -221.44176640154973 1
vertex 122.40239277339181 -221.44176640154973 1
endloop
endfacet
facet normal 0 0 1
outer loop
vertex 177.39586760306804 -221.45284135472522 1
vertex 122.40239277339181 -221.44176640154973 1
vertex 123.39315715592984 -221.45284135472522 1
endloop
endfacet
facet normal 0 0 1
outer loop
vertex 177.41143364417172 -221.44176640154973 1
vertex 177.42492270963925 -221.43216917850253 1
vertex 121.41161297012852 -221.43216917850253 1
endloop
endfacet
facet normal 0 0 1
outer loop
vertex 177.41143364417172 -221.44176640154973 1
vertex 121.41161297012852 -221.43216917850253 1
vertex 122.40239277339181 -221.44176640154973 1
endloop
endfacet
facet normal 0 0 1
outer loop
vertex 177.42492270963925 -221.43216917850253 1
vertex 177.43633476934136 -221.42404970702003 1
vertex 120.42081995913414 -221.42404970702003 1
endloop
endfacet
facet normal 0 0 1
outer loop
vertex 177.42492270963925 -221.43216917850253 1
vertex 120.42081995913414 -221.42404970702003 1
vertex 121.41161297012852 -221.43216917850253 1
endloop
endfacet
facet normal 0 0 1
outer loop
vertex 115.46673385657272 -221.40561913951848 1
vertex 112.8525666 -221.40561913951848 1
vertex 112.8525666 -221.41095541228856 1
endloop
endfacet
facet normal 0 0 1
outer loop
vertex 177.43633476934136 -221.42404970702003 1
vertex 177.4622392555046 -221.40561913951848 1
vertex 115.46673385657272 -221.40561913951848 1
endloop
endfacet
facet normal 0 0 1
outer loop
vertex 177.43633476934136 -221.42404970702003 1
vertex 115.46673385657272 -221.40561913951848 1
vertex 120.42081995913414 -221.42404970702003 1
endloop
endfacet
facet normal 0 0 1
outer loop
vertex 106.54956480475933 -221.4655451478487 1
vertex 107.1525666 -221.4578949559155 1
vertex 107.1525666 -218.6114904960848 1
endloop
endfacet
facet normal 0 0 1
outer loop
vertex 106.54956480475933 -221.4655451478487 1
vertex 107.1525666 -218.6114904960848 1
vertex 38.79235000635072 -218.6114904960848 1
endloop
endfacet
facet normal 0 0 1
outer loop
vertex 106.54956480475933 -221.4655451478487 1
vertex 38.79235000635072 -218.6114904960848 1
vertex 37.80255539364931 -218.6114904960848 1
endloop
endfacet
facet normal 0 0 1
outer loop
vertex 106.54956480475933 -221.4655451478487 1
vertex 37.80255539364931 -218.6114904960848 1
vertex 37.222579180690765 -218.6114904960848 1
endloop
endfacet
facet normal 0 0 1
outer loop
vertex 106.54956480475933 -221.4655451478487 1
vertex 37.222579180690765 -218.6114904960848 1
vertex 41.234003911164024 -221.4655451478487 1
endloop
endfacet
facet normal 0 0 1
outer loop
vertex 37.80255539364931 -218.6114904960848 1
vertex 36.872452700000046 -218.27296080078563 1
vertex 36.74676965444943 -218.27296080078605 1
endloop
endfacet
facet normal 0 0 1
outer loop
vertex 37.80255539364931 -218.6114904960848 1
vertex 36.74676965444943 -218.27296080078605 1
vertex 37.222579180690765 -218.6114904960848 1
endloop
endfacet
facet normal 0 0 1
outer loop
vertex 107.1525666 -218.6114904960848 1
vertex 107.1525666 -218.27296080078605 1
vertex 39.722452700000005 -218.27296080078563 1
endloop
endfacet
facet normal 0 0 1
outer loop
vertex 107.1525666 -218.6114904960848 1
vertex 39.722452700000005 -218.27296080078563 1
vertex 38.79235000635072 -218.6114904960848 1
endloop
endfacet
facet normal 0 0 1
outer loop
vertex 36.872452700000046 -218.27296080078563 1
vertex 36.11422603711085 -217.63673308760664 1
vertex 35.85254025303334 -217.6367330876096 1
endloop
endfacet
facet normal 0 0 1
outer loop
vertex 36.872452700000046 -218.27296080078563 1
vertex 35.85254025303334 -217.6367330876096 1
vertex 36.74676965444943 -218.27296080078605 1
endloop
endfacet
facet normal 0 0 1
outer loop
vertex 107.1525666 -218.27296080078605 1
vertex 107.1525666 -217.6367330876096 1
vertex 40.48067936288909 -217.63673308760664 1
endloop
endfacet
facet normal 0 0 1
outer loop
vertex 107.1525666 -218.27296080078605 1
vertex 40.48067936288909 -217.63673308760664 1
vertex 39.722452700000005 -218.27296080078563 1
endloop
endfacet
facet normal 0 0 1
outer loop
vertex 115.46673385657272 -221.40561913951848 1
vertex 177.4622392555046 -221.40561913951848 1
vertex 182.8623697391286 -217.56352519608478 1
endloop
endfacet
facet normal 0 0 1
outer loop
vertex 115.46673385657272 -221.40561913951848 1
vertex 182.8623697391286 -217.56352519608478 1
vertex 182.28239170635078 -217.56352519608478 1
endloop
endfacet
facet normal 0 0 1
outer loop
vertex 115.46673385657272 -221.40561913951848 1
vertex 182.28239170635078 -217.56352519608478 1
vertex 181.29259709364925 -217.56352519608478 1
endloop
endfacet
facet normal 0 0 1
outer loop
vertex 115.46673385657272 -221.40561913951848 1
vertex 181.29259709364925 -217.56352519608478 1
vertex 112.8525666 -217.56352519608478 1
endloop
endfacet
facet normal 0 0 1
outer loop
vertex 115.46673385657272 -221.40561913951848 1
vertex 112.8525666 -217.56352519608478 1
vertex 112.8525666 -221.40561913951848 1
endloop
endfacet
facet normal 0 0 1
outer loop
vertex 181.29259709364925 -217.56352519608478 1
vertex 180.36249440000003 -217.22499550078567 1
vertex 112.8525666 -217.22499550078567 1
endloop
endfacet
facet normal 0 0 1
outer loop
vertex 181.29259709364925 -217.56352519608478 1
vertex 112.8525666 -217.22499550078567 1
vertex 112.8525666 -217.56352519608478 1
endloop
endfacet
facet normal 0 0 1
outer loop
vertex 182.8623697391286 -217.56352519608478 1
vertex 183.33817916859874 -217.22499550078567 1
vertex 183.2124944 -217.22499550078567 1
endloop
endfacet
facet normal 0 0 1
outer loop
vertex 182.8623697391286 -217.56352519608478 1
vertex 183.2124944 -217.22499550078567 1
vertex 182.28239170635078 -217.56352519608478 1
endloop
endfacet
facet normal 0 0 1
outer loop
vertex 36.11422603711085 -217.63673308760664 1
vertex 35.61932873076016 -216.77954580847816 1
vertex 34.647748239670285 -216.77954580847745 1
endloop
endfacet
facet normal 0 0 1
outer loop
vertex 36.11422603711085 -217.63673308760664 1
vertex 34.647748239670285 -216.77954580847745 1
vertex 35.85254025303334 -217.6367330876096 1
endloop
endfacet
facet normal 0 0 1
outer loop
vertex 107.1525666 -217.6367330876096 1
vertex 107.1525666 -216.77954580847745 1
vertex 40.97557666923986 -216.77954580847816 1
endloop
endfacet
facet normal 0 0 1
outer loop
vertex 107.1525666 -217.6367330876096 1
vertex 40.97557666923986 -216.77954580847816 1
vertex 40.48067936288909 -217.63673308760664 1
endloop
endfacet
facet normal 0 0 1
outer loop
vertex 180.36249440000003 -217.22499550078567 1
vertex 179.6042677371109 -216.5887677876066 1
vertex 112.8525666 -216.5887677876066 1
endloop
endfacet
facet normal 0 0 1
outer loop
vertex 180.36249440000003 -217.22499550078567 1
vertex 112.8525666 -216.5887677876066 1
vertex 112.8525666 -217.22499550078567 1
endloop
endfacet
facet normal 0 0 1
outer loop
vertex 183.33817916859874 -217.22499550078567 1
vertex 184.23240838814786 -216.5887677876066 1
vertex 183.97072106288917 -216.5887677876066 1
endloop
endfacet
facet normal 0 0 1
outer loop
vertex 183.33817916859874 -217.22499550078567 1
vertex 183.97072106288917 -216.5887677876066 1
vertex 183.2124944 -217.22499550078567 1
endloop
endfacet
facet normal 0 0 1
outer loop
vertex 35.61932873076016 -216.77954580847816 1
vertex 35.4474527 -215.8047884 1
vertex 33.277709312008724 -215.8047883999946 1
endloop
endfacet
facet normal 0 0 1
outer loop
vertex 35.61932873076016 -216.77954580847816 1
vertex 33.277709312008724 -215.8047883999946 1
vertex 34.647748239670285 -216.77954580847745 1
endloop
endfacet
facet normal 0 0 1
outer loop
vertex 107.1525666 -216.77954580847745 1
vertex 107.1525666 -215.8047883999946 1
vertex 41.14745270000002 -215.8047884 1
endloop
endfacet
facet normal 0 0 1
outer loop
vertex 107.1525666 -216.77954580847745 1
vertex 41.14745270000002 -215.8047884 1
vertex 40.97557666923986 -216.77954580847816 1
endloop
endfacet
facet normal 0 0 1
outer loop
vertex 179.6042677371109 -216.5887677876066 1
vertex 179.10937043076018 -215.73158050847815 1
vertex 112.8525666 -215.73158050847815 1
endloop
endfacet
facet normal 0 0 1
outer loop
vertex 179.6042677371109 -216.5887677876066 1
vertex 112.8525666 -215.73158050847815 1
vertex 112.8525666 -216.5887677876066 1
endloop
endfacet
facet normal 0 0 1
outer loop
vertex 184.23240838814786 -216.5887677876066 1
vertex 185.43720015647028 -215.73158050847815 1
vertex 184.46561836923985 -215.73158050847815 1
endloop
endfacet
facet normal 0 0 1
outer loop
vertex 184.23240838814786 -216.5887677876066 1
vertex 184.46561836923985 -215.73158050847815 1
vertex 183.97072106288917 -216.5887677876066 1
endloop
endfacet
facet normal 0 0 1
outer loop
vertex 35.4474527 -215.8047884 1
vertex 35.61932873076016 -214.83003099152188 1
vertex 31.907670384371105 -214.8300309915432 1
endloop
endfacet
facet normal 0 0 1
outer loop
vertex 35.4474527 -215.8047884 1
vertex 31.907670384371105 -214.8300309915432 1
vertex 33.277709312008724 -215.8047883999946 1
endloop
endfacet
facet normal 0 0 1
outer loop
vertex 107.1525666 -215.8047883999946 1
vertex 107.1525666 -214.8300309915432 1
vertex 40.97557666923985 -214.83003099152188 1
endloop
endfacet
facet normal 0 0 1
outer loop
vertex 107.1525666 -215.8047883999946 1
vertex 40.97557666923985 -214.83003099152188 1
vertex 41.14745270000002 -215.8047884 1
endloop
endfacet
facet normal 0 0 1
outer loop
vertex 179.10937043076018 -215.73158050847815 1
vertex 178.93749440000002 -214.75682310000008 1
vertex 112.8525666 -214.75682310000008 1
endloop
endfacet
facet normal 0 0 1
outer loop
vertex 179.10937043076018 -215.73158050847815 1
vertex 112.8525666 -214.75682310000008 1
vertex 112.8525666 -215.73158050847815 1
endloop
endfacet
facet normal 0 0 1
outer loop
vertex 185.43720015647028 -215.73158050847815 1
vertex 186.80723880549806 -214.75682310000008 1
vertex 184.6374944 -214.75682310000008 1
endloop
endfacet
facet normal 0 0 1
outer loop
vertex 185.43720015647028 -215.73158050847815 1
vertex 184.6374944 -214.75682310000008 1
vertex 184.46561836923985 -215.73158050847815 1
endloop
endfacet
facet normal 0 0 1
outer loop
vertex 38.76097819156444 -217.2313731744406 1
vertex 39.51097819156051 -216.6864662784404 1
vertex 39.797452699998445 -215.8047884 1
endloop
endfacet
facet normal 0 0 1
outer loop
vertex 38.76097819156444 -217.2313731744406 1
vertex 39.797452699998445 -215.8047884 1
vertex 39.51097819156161 -214.92311052156404 1
endloop
endfacet
facet normal 0 0 1
outer loop
vertex 38.76097819156444 -217.2313731744406 1
vertex 39.51097819156161 -214.92311052156404 1
vertex 38.7609781915549 -214.37820362555513 1
endloop
endfacet
facet normal 0 0 1
outer loop
vertex 38.76097819156444 -217.2313731744406 1
vertex 38.7609781915549 -214.37820362555513 1
vertex 37.83392720843795 -214.37820362555513 1
endloop
endfacet
facet normal 0 0 1
outer loop
vertex 38.76097819156444 -217.2313731744406 1
vertex 37.83392720843795 -214.37820362555513 1
vertex 37.08392720843248 -214.92311052156404 1
endloop
endfacet
facet normal 0 0 1
outer loop
vertex 38.76097819156444 -217.2313731744406 1
vertex 37.08392720843248 -214.92311052156404 1
vertex 36.79745269999972 -215.8047884 1
endloop
endfacet
facet normal 0 0 1
outer loop
vertex 38.76097819156444 -217.2313731744406 1
vertex 36.79745269999972 -215.8047884 1
vertex 37.08392720844093 -216.6864662784404 1
endloop
endfacet
facet normal 0 0 1
outer loop
vertex 38.76097819156444 -217.2313731744406 1
vertex 37.08392720844093 -216.6864662784404 1
vertex 37.83392720843714 -217.2313731744406 1
endloop
endfacet
facet normal 0 0 1
outer loop
vertex 35.61932873076016 -214.83003099152188 1
vertex 36.114226037110924 -213.97284371239337 1
vertex 30.702878370979022 -213.97284371238007 1
endloop
endfacet
facet normal 0 0 1
outer loop
vertex 35.61932873076016 -214.83003099152188 1
vertex 30.702878370979022 -213.97284371238007 1
vertex 31.907670384371105 -214.8300309915432 1
endloop
endfacet
facet normal 0 0 1
outer loop
vertex 107.1525666 -214.8300309915432 1
vertex 107.1525666 -213.97284371238007 1
vertex 40.480679362889106 -213.97284371239337 1
endloop
endfacet
facet normal 0 0 1
outer loop
vertex 107.1525666 -214.8300309915432 1
vertex 40.480679362889106 -213.97284371239337 1
vertex 40.97557666923985 -214.83003099152188 1
endloop
endfacet
facet normal 0 0 1
outer loop
vertex 178.93749440000002 -214.75682310000008 1
vertex 179.10937043076015 -213.78206569152184 1
vertex 112.8525666 -213.78206569152184 1
endloop
endfacet
facet normal 0 0 1
outer loop
vertex 178.93749440000002 -214.75682310000008 1
vertex 112.8525666 -213.78206569152184 1
vertex 112.8525666 -214.75682310000008 1
endloop
endfacet
facet normal 0 0 1
outer loop
vertex 186.80723880549806 -214.75682310000008 1
vertex 188.17727745450392 -213.78206569152184 1
vertex 184.46561836923985 -213.78206569152184 1
endloop
endfacet
facet normal 0 0 1
outer loop
vertex 186.80723880549806 -214.75682310000008 1
vertex 184.46561836923985 -213.78206569152184 1
vertex 184.6374944 -214.75682310000008 1
endloop
endfacet
facet normal 0 0 1
outer loop
vertex 36.114226037110924 -213.97284371239337 1
vertex 36.87245270000002 -213.33661599921436 1
vertex 29.808648969574904 -213.33661599921462 1
endloop
endfacet
facet normal 0 0 1
outer loop
vertex 36.114226037110924 -213.97284371239337 1
vertex 29.808648969574904 -213.33661599921462 1
vertex 30.702878370979022 -213.97284371238007 1
endloop
endfacet
facet normal 0 0 1
outer loop
vertex 107.1525666 -213.97284371238007 1
vertex 107.1525666 -213.33661599921462 1
vertex 39.72245269999998 -213.33661599921436 1
endloop
endfacet
facet normal 0 0 1
outer loop
vertex 107.1525666 -213.97284371238007 1
vertex 39.72245269999998 -213.33661599921436 1
vertex 40.480679362889106 -213.97284371239337 1
endloop
endfacet
facet normal 0 0 1
outer loop
vertex 182.25101989156218 -216.1834078744427 1
vertex 183.00101989156497 -215.63850097843383 1
vertex 183.28749439999982 -214.75682310000008 1
endloop
endfacet
facet normal 0 0 1
outer loop
vertex 182.25101989156218 -216.1834078744427 1
vertex 183.28749439999982 -214.75682310000008 1
vertex 183.00101989155664 -213.8751452215502 1
endloop
endfacet
facet normal 0 0 1
outer loop
vertex 182.25101989156218 -216.1834078744427 1
vertex 183.00101989155664 -213.8751452215502 1
vertex 182.2510198915715 -213.33023832555727 1
endloop
endfacet
facet normal 0 0 1
outer loop
vertex 182.25101989156218 -216.1834078744427 1
vertex 182.2510198915715 -213.33023832555727 1
vertex 181.3239689084381 -213.33023832555727 1
endloop
endfacet
facet normal 0 0 1
outer loop
vertex 182.25101989156218 -216.1834078744427 1
vertex 181.3239689084381 -213.33023832555727 1
vertex 180.57396890844996 -213.8751452215502 1
endloop
endfacet
facet normal 0 0 1
outer loop
vertex 182.25101989156218 -216.1834078744427 1
vertex 180.57396890844996 -213.8751452215502 1
vertex 180.28749440000075 -214.75682310000008 1
endloop
endfacet
facet normal 0 0 1
outer loop
vertex 182.25101989156218 -216.1834078744427 1
vertex 180.28749440000075 -214.75682310000008 1
vertex 180.57396890844078 -215.63850097843383 1
endloop
endfacet
facet normal 0 0 1
outer loop
vertex 182.25101989156218 -216.1834078744427 1
vertex 180.57396890844078 -215.63850097843383 1
vertex 181.32396890844825 -216.1834078744427 1
endloop
endfacet
facet normal 0 0 1
outer loop
vertex 107.1525666 -213.33661599921462 1
vertex 107.1525666 -213.05939029999996 1
vertex 38.96078135127332 -213.05939029999996 1
endloop
endfacet
facet normal 0 0 1
outer loop
vertex 107.1525666 -213.33661599921462 1
vertex 38.96078135127332 -213.05939029999996 1
vertex 39.72245269999998 -213.33661599921436 1
endloop
endfacet
facet normal 0 0 1
outer loop
vertex 179.10937043076015 -213.78206569152184 1
vertex 179.52660726260115 -213.05939029999996 1
vertex 112.8525666 -213.05939029999996 1
endloop
endfacet
facet normal 0 0 1
outer loop
vertex 179.10937043076015 -213.78206569152184 1
vertex 112.8525666 -213.05939029999996 1
vertex 112.8525666 -213.78206569152184 1
endloop
endfacet
facet normal 0 0 1
outer loop
vertex 36.87245270000002 -213.33661599921436 1
vertex 37.80255539364926 -212.99808630391522 1
vertex 29.3328394433333 -212.99808630391522 1
endloop
endfacet
facet normal 0 0 1
outer loop
vertex 36.87245270000002 -213.33661599921436 1
vertex 29.3328394433333 -212.99808630391522 1
vertex 29.808648969574904 -213.33661599921462 1
endloop
endfacet
facet normal 0 0 1
outer loop
vertex 107.1525666 -213.05939029999996 1
vertex 107.16227619910515 -212.99808630391522 1
vertex 38.79235000635076 -212.99808630391522 1
endloop
endfacet
facet normal 0 0 1
outer loop
vertex 107.1525666 -213.05939029999996 1
vertex 38.79235000635076 -212.99808630391522 1
vertex 38.96078135127332 -213.05939029999996 1
endloop
endfacet
facet normal 0 0 1
outer loop
vertex 179.52660726260115 -213.05939029999996 1
vertex 179.604267737111 -212.9248784123934 1
vertex 112.8312620099642 -212.9248784123934 1
endloop
endfacet
facet normal 0 0 1
outer loop
vertex 179.52660726260115 -213.05939029999996 1
vertex 112.8312620099642 -212.9248784123934 1
vertex 112.8525666 -213.05939029999996 1
endloop
endfacet
facet normal 0 0 1
outer loop
vertex 188.17727745450392 -213.78206569152184 1
vertex 189.38206922284138 -212.9248784123934 1
vertex 183.97072106288914 -212.9248784123934 1
endloop
endfacet
facet normal 0 0 1
outer loop
vertex 188.17727745450392 -213.78206569152184 1
vertex 183.97072106288914 -212.9248784123934 1
vertex 184.46561836923985 -213.78206569152184 1
endloop
endfacet
facet normal 0 0 1
outer loop
vertex 179.604267737111 -212.9248784123934 1
vertex 180.36249440000006 -212.2886506992143 1
vertex 112.73049343969375 -212.2886506992143 1
endloop
endfacet
facet normal 0 0 1
outer loop
vertex 179.604267737111 -212.9248784123934 1
vertex 112.73049343969375 -212.2886506992143 1
vertex 112.8312620099642 -212.9248784123934 1
endloop
endfacet
facet normal 0 0 1
outer loop
vertex 189.38206922284138 -212.9248784123934 1
vertex 190.27629844238655 -212.2886506992143 1
vertex 183.2124943999999 -212.2886506992143 1
endloop
endfacet
facet normal 0 0 1
outer loop
vertex 189.38206922284138 -212.9248784123934 1
vertex 183.2124943999999 -212.2886506992143 1
vertex 183.97072106288914 -212.9248784123934 1
endloop
endfacet
facet normal 0 0 1
outer loop
vertex 37.80255539364926 -212.99808630391522 1
vertex 38.79235000635076 -212.99808630391522 1
vertex 107.16227619910515 -212.99808630391522 1
endloop
endfacet
facet normal 0 0 1
outer loop
vertex 37.80255539364926 -212.99808630391522 1
vertex 107.16227619910515 -212.99808630391522 1
vertex 107.2920555285588 -212.1786918660314 1
endloop
endfacet
facet normal 0 0 1
outer loop
vertex 37.80255539364926 -212.99808630391522 1
vertex 107.2920555285588 -212.1786918660314 1
vertex 28.269748793307542 -212.17869186603062 1
endloop
endfacet
facet normal 0 0 1
outer loop
vertex 37.80255539364926 -212.99808630391522 1
vertex 28.269748793307542 -212.17869186603062 1
vertex 28.274738199998914 -212.2452668000031 1
endloop
endfacet
facet normal 0 0 1
outer loop
vertex 37.80255539364926 -212.99808630391522 1
vertex 28.274738199998914 -212.2452668000031 1
vertex 29.3328394433333 -212.99808630391522 1
endloop
endfacet
facet normal 0 0 1
outer loop
vertex 180.36249440000006 -212.2886506992143 1
vertex 180.66460381124213 -212.17869186603062 1
vertex 112.71307767144118 -212.1786918660314 1
endloop
endfacet
facet normal 0 0 1
outer loop
vertex 180.36249440000006 -212.2886506992143 1
vertex 112.71307767144118 -212.1786918660314 1
vertex 112.73049343969375 -212.2886506992143 1
endloop
endfacet
facet normal 0 0 1
outer loop
vertex 180.66460381124213 -212.17869186603062 1
vertex 181.2925970936492 -211.9501210039152 1
vertex 112.59661500018035 -211.9501210039152 1
endloop
endfacet
facet normal 0 0 1
outer loop
vertex 180.66460381124213 -212.17869186603062 1
vertex 112.59661500018035 -211.9501210039152 1
vertex 112.71307767144118 -212.1786918660314 1
endloop
endfacet
facet normal 0 0 1
outer loop
vertex 190.27629844238655 -212.2886506992143 1
vertex 190.75210787185796 -211.9501210039152 1
vertex 182.28239170635084 -211.9501210039152 1
endloop
endfacet
facet normal 0 0 1
outer loop
vertex 190.27629844238655 -212.2886506992143 1
vertex 182.28239170635084 -211.9501210039152 1
vertex 183.2124943999999 -212.2886506992143 1
endloop
endfacet
facet normal 0 0 1
outer loop
vertex 110.46609209156321 -214.4859750744427 1
vertex 111.21609209156607 -213.9410681784334 1
vertex 111.50256660000034 -213.05939029999996 1
endloop
endfacet
facet normal 0 0 1
outer loop
vertex 110.46609209156321 -214.4859750744427 1
vertex 111.50256660000034 -213.05939029999996 1
vertex 111.21609209155781 -212.17771242155433 1
endloop
endfacet
facet normal 0 0 1
outer loop
vertex 110.46609209156321 -214.4859750744427 1
vertex 111.21609209155781 -212.17771242155433 1
vertex 110.46609209156692 -211.63280552555727 1
endloop
endfacet
facet normal 0 0 1
outer loop
vertex 110.46609209156321 -214.4859750744427 1
vertex 110.46609209156692 -211.63280552555727 1
vertex 109.53904110843828 -211.63280552555727 1
endloop
endfacet
facet normal 0 0 1
outer loop
vertex 110.46609209156321 -214.4859750744427 1
vertex 109.53904110843828 -211.63280552555727 1
vertex 108.78904110844532 -212.17771242155433 1
endloop
endfacet
facet normal 0 0 1
outer loop
vertex 110.46609209156321 -214.4859750744427 1
vertex 108.78904110844532 -212.17771242155433 1
vertex 108.50256659999896 -213.05939029999996 1
endloop
endfacet
facet normal 0 0 1
outer loop
vertex 110.46609209156321 -214.4859750744427 1
vertex 108.50256659999896 -213.05939029999996 1
vertex 108.78904110843695 -213.9410681784334 1
endloop
endfacet
facet normal 0 0 1
outer loop
vertex 110.46609209156321 -214.4859750744427 1
vertex 108.78904110843695 -213.9410681784334 1
vertex 109.53904110844464 -214.4859750744427 1
endloop
endfacet
facet normal 0 0 1
outer loop
vertex 107.2920555285588 -212.1786918660314 1
vertex 107.6968681660313 -211.38420233096645 1
vertex 28.210206392497696 -211.38420233096645 1
endloop
endfacet
facet normal 0 0 1
outer loop
vertex 107.2920555285588 -212.1786918660314 1
vertex 28.210206392497696 -211.38420233096645 1
vertex 28.269748793307542 -212.17869186603062 1
endloop
endfacet
facet normal 0 0 1
outer loop
vertex 181.2925970936492 -211.9501210039152 1
vertex 182.28239170635084 -211.9501210039152 1
vertex 190.75210787185796 -211.9501210039152 1
endloop
endfacet
facet normal 0 0 1
outer loop
vertex 181.2925970936492 -211.9501210039152 1
vertex 190.75210787185796 -211.9501210039152 1
vertex 191.54751650112053 -211.38420233096645 1
endloop
endfacet
facet normal 0 0 1
outer loop
vertex 181.2925970936492 -211.9501210039152 1
vertex 191.54751650112053 -211.38420233096645 1
vertex 112.3082650339686 -211.38420233096645 1
endloop
endfacet
facet normal 0 0 1
outer loop
vertex 181.2925970936492 -211.9501210039152 1
vertex 112.3082650339686 -211.38420233096645 1
vertex 112.59661500018035 -211.9501210039152 1
endloop
endfacet
facet normal 0 0 1
outer loop
vertex 107.6968681660313 -211.38420233096645 1
vertex 108.32737863096652 -210.75369186603143 1
vertex 28.162953275670752 -210.75369186603143 1
endloop
endfacet
facet normal 0 0 1
outer loop
vertex 107.6968681660313 -211.38420233096645 1
vertex 28.162953275670752 -210.75369186603143 1
vertex 28.210206392497696 -211.38420233096645 1
endloop
endfacet
facet normal 0 0 1
outer loop
vertex 191.54751650112053 -211.38420233096645 1
vertex 191.8102089000035 -211.19730149999634 1
vertex 191.84345487929346 -210.75369186603143 1
endloop
endfacet
facet normal 0 0 1
outer loop
vertex 191.54751650112053 -211.38420233096645 1
vertex 191.84345487929346 -210.75369186603143 1
vertex 111.67775456903358 -210.75369186603143 1
endloop
endfacet
facet normal 0 0 1
outer loop
vertex 191.54751650112053 -211.38420233096645 1
vertex 111.67775456903358 -210.75369186603143 1
vertex 112.3082650339686 -211.38420233096645 1
endloop
endfacet
facet normal 0 0 1
outer loop
vertex 108.32737863096652 -210.75369186603143 1
vertex 109.12186816603146 -210.34887922855884 1
vertex 28.13261490713443 -210.34887922855938 1
endloop
endfacet
facet normal 0 0 1
outer loop
vertex 108.32737863096652 -210.75369186603143 1
vertex 28.13261490713443 -210.34887922855938 1
vertex 28.162953275670752 -210.75369186603143 1
endloop
endfacet
facet normal 0 0 1
outer loop
vertex 191.84345487929346 -210.75369186603143 1
vertex 191.8737932478298 -210.34887922855938 1
vertex 110.8832650339686 -210.34887922855884 1
endloop
endfacet
facet normal 0 0 1
outer loop
vertex 191.84345487929346 -210.75369186603143 1
vertex 110.8832650339686 -210.34887922855884 1
vertex 111.67775456903358 -210.75369186603143 1
endloop
endfacet
facet normal 0 0 1
outer loop
vertex 109.12186816603146 -210.34887922855884 1
vertex 110.00256659999984 -210.2093903 1
vertex 28.122161017780037 -210.2093903 1
endloop
endfacet
facet normal 0 0 1
outer loop
vertex 109.12186816603146 -210.34887922855884 1
vertex 28.122161017780037 -210.2093903 1
vertex 28.13261490713443 -210.34887922855938 1
endloop
endfacet
facet normal 0 0 1
outer loop
vertex 191.8737932478298 -210.34887922855938 1
vertex 191.8842471371842 -210.2093903 1
vertex 110.00256659999984 -210.2093903 1
endloop
endfacet
facet normal 0 0 1
outer loop
vertex 191.8737932478298 -210.34887922855938 1
vertex 110.00256659999984 -210.2093903 1
vertex 110.8832650339686 -210.34887922855884 1
endloop
endfacet
facet normal 0 0 1
outer loop
vertex 110.00256659999984 -210.2093903 1
vertex 191.8842471371842 -210.2093903 1
vertex 193.6566798000017 -186.55936640000857 1
endloop
endfacet
facet normal 0 0 1
outer loop
vertex 110.00256659999984 -210.2093903 1
vertex 193.6566798000017 -186.55936640000857 1
vertex 187.10596526004147 -166.16749240000317 1
endloop
endfacet
facet normal 0 0 1
outer loop
vertex 110.00256659999984 -210.2093903 1
vertex 187.10596526004147 -166.16749240000317 1
vertex 33.31563169999964 -166.16749240000317 1
endloop
endfacet
facet normal 0 0 1
outer loop
vertex 110.00256659999984 -210.2093903 1
vertex 33.31563169999964 -166.16749240000317 1
vertex 26.428267299999195 -187.60733170000483 1
endloop
endfacet
facet normal 0 0 1
outer loop
vertex 110.00256659999984 -210.2093903 1
vertex 26.428267299999195 -187.60733170000483 1
vertex 28.122161017780037 -210.2093903 1
endloop
endfacet
facet normal 0 0 1
outer loop
vertex 187.10596526004147 -166.16749240000317 1
vertex 186.76931540000064 -165.11952710000486 1
vertex 33.26071016494173 -165.11952710000486 1
endloop
endfacet
facet normal 0 0 1
outer loop
vertex 187.10596526004147 -166.16749240000317 1
vertex 33.26071016494173 -165.11952710000486 1
vertex 33.31563169999964 -166.16749240000317 1
endloop
endfacet
facet normal 0 0 1
outer loop
vertex 186.76931540000064 -165.11952710000486 1
vertex 191.43179497867536 -76.15411844469172 1
vertex 188.4359063992182 -75.99711057795545 1
endloop
endfacet
facet normal 0 0 1
outer loop
vertex 186.76931540000064 -165.11952710000486 1
vertex 188.4359063992182 -75.99711057795545 1
vertex 28.590002152501107 -75.99711057795545 1
endloop
endfacet
facet normal 0 0 1
outer loop
vertex 186.76931540000064 -165.11952710000486 1
vertex 28.590002152501107 -75.99711057795545 1
vertex 33.26071016494173 -165.11952710000486 1
endloop
endfacet
facet normal 0 0 1
outer loop
vertex 188.4359063992182 -75.99711057795545 1
vertex 187.56371520416536 -75.81172063869069 1
vertex 28.580286277320273 -75.81172063869069 1
endloop
endfacet
facet normal 0 0 1
outer loop
vertex 188.4359063992182 -75.99711057795545 1
vertex 28.580286277320273 -75.81172063869069 1
vertex 28.590002152501107 -75.99711057795545 1
endloop
endfacet
facet normal 0 0 1
outer loop
vertex 187.56371520416536 -75.81172063869069 1
vertex 186.79150072803031 -75.36588242458629 1
vertex 28.5569208862086 -75.36588242458629 1
endloop
endfacet
facet normal 0 0 1
outer loop
vertex 187.56371520416536 -75.81172063869069 1
vertex 28.5569208862086 -75.36588242458629 1
vertex 28.580286277320273 -75.81172063869069 1
endloop
endfacet
facet normal 0 0 1
outer loop
vertex 186.79150072803031 -75.36588242458629 1
vertex 186.19485270573776 -74.70323768733816 1
vertex 28.522193146494416 -74.70323768733816 1
endloop
endfacet
facet normal 0 0 1
outer loop
vertex 186.79150072803031 -75.36588242458629 1
vertex 28.522193146494416 -74.70323768733816 1
vertex 28.5569208862086 -75.36588242458629 1
endloop
endfacet
facet normal 0 0 1
outer loop
vertex 186.19485270573776 -74.70323768733816 1
vertex 185.83217520408806 -73.88865071217512 1
vertex 28.479502451378714 -73.88865071217512 1
endloop
endfacet
facet normal 0 0 1
outer loop
vertex 186.19485270573776 -74.70323768733816 1
vertex 28.479502451378714 -73.88865071217512 1
vertex 28.522193146494416 -74.70323768733816 1
endloop
endfacet
facet normal 0 0 1
outer loop
vertex 185.83217520408806 -73.88865071217512 1
vertex 185.7389696246478 -73.00185894954438 1
vertex 28.43302766363413 -73.00185894954438 1
endloop
endfacet
facet normal 0 0 1
outer loop
vertex 185.83217520408806 -73.88865071217512 1
vertex 28.43302766363413 -73.00185894954438 1
vertex 28.479502451378714 -73.88865071217512 1
endloop
endfacet
facet normal 0 0 1
outer loop
vertex 185.7389696246478 -73.00185894954438 1
vertex 185.92435957913517 -72.12966775772742 1
vertex 28.38731805939625 -72.12966775772742 1
endloop
endfacet
facet normal 0 0 1
outer loop
vertex 185.7389696246478 -73.00185894954438 1
vertex 28.38731805939625 -72.12966775772742 1
vertex 28.43302766363413 -73.00185894954438 1
endloop
endfacet
facet normal 0 0 1
outer loop
vertex 189.04858929155975 -74.57760117444273 1
vertex 189.79858929156188 -74.03269427844334 1
vertex 190.08506380000094 -73.15101639999823 1
endloop
endfacet
facet normal 0 0 1
outer loop
vertex 189.04858929155975 -74.57760117444273 1
vertex 190.08506380000094 -73.15101639999823 1
vertex 189.79858929156347 -72.26933852156002 1
endloop
endfacet
facet normal 0 0 1
outer loop
vertex 189.04858929155975 -74.57760117444273 1
vertex 189.79858929156347 -72.26933852156002 1
vertex 189.0485892915652 -71.72443162555727 1
endloop
endfacet
facet normal 0 0 1
outer loop
vertex 189.04858929155975 -74.57760117444273 1
vertex 189.0485892915652 -71.72443162555727 1
vertex 188.12153830844048 -71.72443162555727 1
endloop
endfacet
facet normal 0 0 1
outer loop
vertex 189.04858929155975 -74.57760117444273 1
vertex 188.12153830844048 -71.72443162555727 1
vertex 187.3715383084408 -72.26933852156002 1
endloop
endfacet
facet normal 0 0 1
outer loop
vertex 189.04858929155975 -74.57760117444273 1
vertex 187.3715383084408 -72.26933852156002 1
vertex 187.08506379999983 -73.15101639999823 1
endloop
endfacet
facet normal 0 0 1
outer loop
vertex 189.04858929155975 -74.57760117444273 1
vertex 187.08506379999983 -73.15101639999823 1
vertex 187.3715383084403 -74.03269427844334 1
endloop
endfacet
facet normal 0 0 1
outer loop
vertex 189.04858929155975 -74.57760117444273 1
vertex 187.3715383084403 -74.03269427844334 1
vertex 188.12153830843397 -74.57760117444273 1
endloop
endfacet
facet normal 0 0 1
outer loop
vertex 185.92435957913517 -72.12966775772742 1
vertex 186.37019780671733 -71.35745328937358 1
vertex 28.34684801330203 -71.35745328937358 1
endloop
endfacet
facet normal 0 0 1
outer loop
vertex 185.92435957913517 -72.12966775772742 1
vertex 28.34684801330203 -71.35745328937358 1
vertex 28.38731805939625 -72.12966775772742 1
endloop
endfacet
facet normal 0 0 1
outer loop
vertex 186.37019780671733 -71.35745328937358 1
vertex 187.03284255437885 -70.76080527864642 1
vertex 28.31557901552278 -70.76080527864642 1
endloop
endfacet
facet normal 0 0 1
outer loop
vertex 186.37019780671733 -71.35745328937358 1
vertex 28.31557901552278 -70.76080527864642 1
vertex 28.34684801330203 -71.35745328937358 1
endloop
endfacet
facet normal 0 0 1
outer loop
vertex 187.03284255437885 -70.76080527864642 1
vertex 187.8474295358719 -70.39812779121391 1
vertex 28.29657189349223 -70.39812779121391 1
endloop
endfacet
facet normal 0 0 1
outer loop
vertex 187.03284255437885 -70.76080527864642 1
vertex 28.29657189349223 -70.39812779121391 1
vertex 28.31557901552278 -70.76080527864642 1
endloop
endfacet
facet normal 0 0 1
outer loop
vertex 187.8474295358719 -70.39812779121391 1
vertex 188.7342213 -70.3049222 1
vertex 28.2916871953583 -70.3049222 1
endloop
endfacet
facet normal 0 0 1
outer loop
vertex 187.8474295358719 -70.39812779121391 1
vertex 28.2916871953583 -70.3049222 1
vertex 28.29657189349223 -70.39812779121391 1
endloop
endfacet
facet normal 0 0 1
outer loop
vertex 191.73833836958138 -70.3049222 1
vertex 188.7342213 -70.3049222 1
vertex 191.73010993652616 -70.46193005322445 1
endloop
endfacet
facet normal 0 0 1
outer loop
vertex 188.7342213 -70.3049222 1
vertex 191.73833836958138 -70.3049222 1
vertex 191.88875010764966 -67.43489531451891 1
endloop
endfacet
facet normal 0 0 1
outer loop
vertex 188.7342213 -70.3049222 1
vertex 191.88875010764966 -67.43489531451891 1
vertex 110.4971636971133 -67.43489531451891 1
endloop
endfacet
facet normal 0 0 1
outer loop
vertex 188.7342213 -70.3049222 1
vertex 110.4971636971133 -67.43489531451891 1
vertex 109.50796950288664 -67.43489531451891 1
endloop
endfacet
facet normal 0 0 1
outer loop
vertex 188.7342213 -70.3049222 1
vertex 109.50796950288664 -67.43489531451891 1
vertex 28.141275457289908 -67.43489531451891 1
endloop
endfacet
facet normal 0 0 1
outer loop
vertex 188.7342213 -70.3049222 1
vertex 28.141275457289908 -67.43489531451891 1
vertex 28.2916871953583 -70.3049222 1
endloop
endfacet
facet normal 0 0 1
outer loop
vertex 109.50796950288664 -67.43489531451891 1
vertex 108.57835866460034 -67.09676983007219 1
vertex 28.123555051234717 -67.09676983007219 1
endloop
endfacet
facet normal 0 0 1
outer loop
vertex 109.50796950288664 -67.43489531451891 1
vertex 28.123555051234717 -67.09676983007219 1
vertex 28.141275457289908 -67.43489531451891 1
endloop
endfacet
facet normal 0 0 1
outer loop
vertex 191.88875010764966 -67.43489531451891 1
vertex 191.90647051370487 -67.09676983007219 1
vertex 111.4267745353997 -67.09676983007219 1
endloop
endfacet
facet normal 0 0 1
outer loop
vertex 191.88875010764966 -67.43489531451891 1
vertex 111.4267745353997 -67.09676983007219 1
vertex 110.4971636971133 -67.43489531451891 1
endloop
endfacet
facet normal 0 0 1
outer loop
vertex 108.57835866460034 -67.09676983007219 1
vertex 108.20387659828832 -66.7828149960848 1
vertex 31.20867960635074 -66.7828149960848 1
endloop
endfacet
facet normal 0 0 1
outer loop
vertex 108.57835866460034 -67.09676983007219 1
vertex 31.20867960635074 -66.7828149960848 1
vertex 30.218884993649226 -66.7828149960848 1
endloop
endfacet
facet normal 0 0 1
outer loop
vertex 108.57835866460034 -67.09676983007219 1
vertex 30.218884993649226 -66.7828149960848 1
vertex 28.107101375314564 -66.7828149960848 1
endloop
endfacet
facet normal 0 0 1
outer loop
vertex 108.57835866460034 -67.09676983007219 1
vertex 28.107101375314564 -66.7828149960848 1
vertex 28.123555051234717 -67.09676983007219 1
endloop
endfacet
facet normal 0 0 1
outer loop
vertex 108.20387659828832 -66.7828149960848 1
vertex 107.82031997836094 -66.46125232122104 1
vertex 32.092165794489894 -66.46125232122104 1
endloop
endfacet
facet normal 0 0 1
outer loop
vertex 108.20387659828832 -66.7828149960848 1
vertex 32.092165794489894 -66.46125232122104 1
vertex 31.20867960635074 -66.7828149960848 1
endloop
endfacet
facet normal 0 0 1
outer loop
vertex 191.90647051370487 -67.09676983007219 1
vertex 191.93977657559722 -66.46125232122104 1
vertex 112.184813221639 -66.46125232122104 1
endloop
endfacet
facet normal 0 0 1
outer loop
vertex 191.90647051370487 -67.09676983007219 1
vertex 112.184813221639 -66.46125232122104 1
vertex 111.4267745353997 -67.09676983007219 1
endloop
endfacet
facet normal 0 0 1
outer loop
vertex 30.218884993649226 -66.7828149960848 1
vertex 29.288782300000012 -66.44428530078565 1
vertex 28.089359785465582 -66.44428530078476 1
endloop
endfacet
facet normal 0 0 1
outer loop
vertex 30.218884993649226 -66.7828149960848 1
vertex 28.089359785465582 -66.44428530078476 1
vertex 28.107101375314564 -66.7828149960848 1
endloop
endfacet
facet normal 0 0 1
outer loop
vertex 107.82031997836094 -66.46125232122104 1
vertex 107.81050954074733 -66.44428530078476 1
vertex 32.13878229999999 -66.44428530078565 1
endloop
endfacet
facet normal 0 0 1
outer loop
vertex 107.82031997836094 -66.46125232122104 1
vertex 32.13878229999999 -66.44428530078565 1
vertex 32.092165794489894 -66.46125232122104 1
endloop
endfacet
facet normal 0 0 1
outer loop
vertex 29.288782300000012 -66.44428530078565 1
vertex 28.530555637110908 -65.80805758760664 1
vertex 28.056016503341457 -65.808057587609 1
endloop
endfacet
facet normal 0 0 1
outer loop
vertex 29.288782300000012 -66.44428530078565 1
vertex 28.056016503341457 -65.808057587609 1
vertex 28.089359785465582 -66.44428530078476 1
endloop
endfacet
facet normal 0 0 1
outer loop
vertex 107.81050954074733 -66.44428530078476 1
vertex 107.44263868727185 -65.808057587609 1
vertex 32.897008962889075 -65.80805758760664 1
endloop
endfacet
facet normal 0 0 1
outer loop
vertex 107.81050954074733 -66.44428530078476 1
vertex 32.897008962889075 -65.80805758760664 1
vertex 32.13878229999999 -66.44428530078565 1
endloop
endfacet
facet normal 0 0 1
outer loop
vertex 107.44263868727185 -65.808057587609 1
vertex 107.3251732054903 -65.60490261040921 1
vertex 33.01430054366248 -65.60490261040921 1
endloop
endfacet
facet normal 0 0 1
outer loop
vertex 107.44263868727185 -65.808057587609 1
vertex 33.01430054366248 -65.60490261040921 1
vertex 32.897008962889075 -65.80805758760664 1
endloop
endfacet
facet normal 0 0 1
outer loop
vertex 191.93977657559722 -66.46125232122104 1
vertex 191.98465596298163 -65.60490261040921 1
vertex 112.67995999450967 -65.60490261040921 1
endloop
endfacet
facet normal 0 0 1
outer loop
vertex 191.93977657559722 -66.46125232122104 1
vertex 112.67995999450967 -65.60490261040921 1
vertex 112.184813221639 -66.46125232122104 1
endloop
endfacet
facet normal 0 0 1
outer loop
vertex 28.530555637110908 -65.80805758760664 1
vertex 28.035658330760157 -64.95087030847813 1
vertex 28.011093220860683 -64.95087030847274 1
endloop
endfacet
facet normal 0 0 1
outer loop
vertex 28.530555637110908 -65.80805758760664 1
vertex 28.011093220860683 -64.95087030847274 1
vertex 28.056016503341457 -65.808057587609 1
endloop
endfacet
facet normal 0 0 1
outer loop
vertex 107.3251732054903 -65.60490261040921 1
vertex 107.20927253188948 -64.95087030847274 1
vertex 33.39190626923986 -64.95087030847813 1
endloop
endfacet
facet normal 0 0 1
outer loop
vertex 107.3251732054903 -65.60490261040921 1
vertex 33.39190626923986 -64.95087030847813 1
vertex 33.01430054366248 -65.60490261040921 1
endloop
endfacet
facet normal 0 0 1
outer loop
vertex 28.035658330760157 -64.95087030847813 1
vertex 28.000704169982928 -64.75263541194225 1
vertex 28.011093220860683 -64.95087030847274 1
endloop
endfacet
facet normal 0 0 1
outer loop
vertex 107.20927253188948 -64.95087030847274 1
vertex 107.15256792052651 -64.63088383774905 1
vertex 33.44832851749098 -64.63088383774905 1
endloop
endfacet
facet normal 0 0 1
outer loop
vertex 107.20927253188948 -64.95087030847274 1
vertex 33.44832851749098 -64.63088383774905 1
vertex 33.39190626923986 -64.95087030847813 1
endloop
endfacet
facet normal 0 0 1
outer loop
vertex 191.98465596298163 -65.60490261040921 1
vertex 192.03570212469114 -64.63088383774905 1
vertex 112.85256527947348 -64.63088383774905 1
endloop
endfacet
facet normal 0 0 1
outer loop
vertex 191.98465596298163 -65.60490261040921 1
vertex 112.85256527947348 -64.63088383774905 1
vertex 112.67995999450967 -65.60490261040921 1
endloop
endfacet
facet normal 0 0 1
outer loop
vertex 107.15256792052651 -64.63088383774905 1
vertex 107.26729971769416 -63.97611289999826 1
vertex 33.563782300000014 -63.97611290000003 1
endloop
endfacet
facet normal 0 0 1
outer loop
vertex 107.15256792052651 -64.63088383774905 1
vertex 33.563782300000014 -63.97611290000003 1
vertex 33.44832851749098 -64.63088383774905 1
endloop
endfacet
facet normal 0 0 1
outer loop
vertex 107.26729971769416 -63.97611289999826 1
vertex 107.32329761819732 -63.656534555291785 1
vertex 33.50743201537802 -63.656534555291785 1
endloop
endfacet
facet normal 0 0 1
outer loop
vertex 107.26729971769416 -63.97611289999826 1
vertex 33.50743201537802 -63.656534555291785 1
vertex 33.563782300000014 -63.97611290000003 1
endloop
endfacet
facet normal 0 0 1
outer loop
vertex 192.03570212469114 -64.63088383774905 1
vertex 192.08676560768538 -63.656534555291785 1
vertex 112.68183558180269 -63.656534555291785 1
endloop
endfacet
facet normal 0 0 1
outer loop
vertex 192.03570212469114 -64.63088383774905 1
vertex 112.68183558180269 -63.656534555291785 1
vertex 112.85256527947348 -64.63088383774905 1
endloop
endfacet
facet normal 0 0 1
outer loop
vertex 110.46609209156207 -66.05472507444273 1
vertex 111.21609209156367 -65.50981817843429 1
vertex 111.50256659999938 -64.62814030000231 1
endloop
endfacet
facet normal 0 0 1
outer loop
vertex 110.46609209156207 -66.05472507444273 1
vertex 111.50256659999938 -64.62814030000231 1
vertex 111.21609209155957 -63.74646242155675 1
endloop
endfacet
facet normal 0 0 1
outer loop
vertex 110.46609209156207 -66.05472507444273 1
vertex 111.21609209155957 -63.74646242155675 1
vertex 110.4660920915658 -63.20155552555727 1
endloop
endfacet
facet normal 0 0 1
outer loop
vertex 110.46609209156207 -66.05472507444273 1
vertex 110.4660920915658 -63.20155552555727 1
vertex 109.53904110843723 -63.20155552555727 1
endloop
endfacet
facet normal 0 0 1
outer loop
vertex 110.46609209156207 -66.05472507444273 1
vertex 109.53904110843723 -63.20155552555727 1
vertex 108.78904110844177 -63.74646242155675 1
endloop
endfacet
facet normal 0 0 1
outer loop
vertex 110.46609209156207 -66.05472507444273 1
vertex 108.78904110844177 -63.74646242155675 1
vertex 108.50256659999772 -64.62814030000231 1
endloop
endfacet
facet normal 0 0 1
outer loop
vertex 110.46609209156207 -66.05472507444273 1
vertex 108.50256659999772 -64.62814030000231 1
vertex 108.78904110843462 -65.50981817843429 1
endloop
endfacet
facet normal 0 0 1
outer loop
vertex 110.46609209156207 -66.05472507444273 1
vertex 108.78904110843462 -65.50981817843429 1
vertex 109.53904110844105 -66.05472507444273 1
endloop
endfacet
facet normal 0 0 1
outer loop
vertex 28.035658330760157 -63.00135549152185 1
vertex 27.908923476914406 -63.00135549151617 1
vertex 27.937961006382032 -63.55542455109282 1
endloop
endfacet
facet normal 0 0 1
outer loop
vertex 107.32329761819732 -63.656534555291785 1
vertex 107.70044500366845 -63.00135549151617 1
vertex 33.39190626923984 -63.00135549152185 1
endloop
endfacet
facet normal 0 0 1
outer loop
vertex 107.32329761819732 -63.656534555291785 1
vertex 33.39190626923984 -63.00135549152185 1
vertex 33.50743201537802 -63.656534555291785 1
endloop
endfacet
facet normal 0 0 1
outer loop
vertex 107.70044500366845 -63.00135549151617 1
vertex 107.81679475290795 -62.79923313109836 1
vertex 33.27521087004275 -62.79923313109836 1
endloop
endfacet
facet normal 0 0 1
outer loop
vertex 107.70044500366845 -63.00135549151617 1
vertex 33.27521087004275 -62.79923313109836 1
vertex 33.39190626923984 -63.00135549152185 1
endloop
endfacet
facet normal 0 0 1
outer loop
vertex 192.08676560768538 -63.656534555291785 1
vertex 192.13169487225557 -62.79923313109836 1
vertex 112.18833844709205 -62.79923313109836 1
endloop
endfacet
facet normal 0 0 1
outer loop
vertex 192.08676560768538 -63.656534555291785 1
vertex 112.18833844709205 -62.79923313109836 1
vertex 112.68183558180269 -63.656534555291785 1
endloop
endfacet
facet normal 0 0 1
outer loop
vertex 31.177307791562242 -65.40269767444272 1
vertex 31.927307791562566 -64.85779077843819 1
vertex 32.21378230000022 -63.97611290000003 1
endloop
endfacet
facet normal 0 0 1
outer loop
vertex 31.177307791562242 -65.40269767444272 1
vertex 32.21378230000022 -63.97611290000003 1
vertex 31.927307791562942 -63.09443502156129 1
endloop
endfacet
facet normal 0 0 1
outer loop
vertex 31.177307791562242 -65.40269767444272 1
vertex 31.927307791562942 -63.09443502156129 1
vertex 31.177307791562974 -62.54952812555726 1
endloop
endfacet
facet normal 0 0 1
outer loop
vertex 31.177307791562242 -65.40269767444272 1
vertex 31.177307791562974 -62.54952812555726 1
vertex 30.250256808437122 -62.54952812555726 1
endloop
endfacet
facet normal 0 0 1
outer loop
vertex 31.177307791562242 -65.40269767444272 1
vertex 30.250256808437122 -62.54952812555726 1
vertex 29.500256808437193 -63.09443502156129 1
endloop
endfacet
facet normal 0 0 1
outer loop
vertex 31.177307791562242 -65.40269767444272 1
vertex 29.500256808437193 -63.09443502156129 1
vertex 29.21378229999985 -63.97611290000003 1
endloop
endfacet
facet normal 0 0 1
outer loop
vertex 31.177307791562242 -65.40269767444272 1
vertex 29.21378229999985 -63.97611290000003 1
vertex 29.5002568084372 -64.85779077843819 1
endloop
endfacet
facet normal 0 0 1
outer loop
vertex 31.177307791562242 -65.40269767444272 1
vertex 29.5002568084372 -64.85779077843819 1
vertex 30.25025680843793 -65.40269767444272 1
endloop
endfacet
facet normal 0 0 1
outer loop
vertex 107.81679475290795 -62.79923313109836 1
vertex 108.5736084795067 -62.16225735673679 1
vertex 32.90745273524698 -62.16225735673679 1
endloop
endfacet
facet normal 0 0 1
outer loop
vertex 107.81679475290795 -62.79923313109836 1
vertex 32.90745273524698 -62.16225735673679 1
vertex 33.27521087004275 -62.79923313109836 1
endloop
endfacet
facet normal 0 0 1
outer loop
vertex 192.13169487225557 -62.79923313109836 1
vertex 192.1650773586058 -62.16225735673679 1
vertex 111.43152472049323 -62.16225735673679 1
endloop
endfacet
facet normal 0 0 1
outer loop
vertex 192.13169487225557 -62.79923313109836 1
vertex 111.43152472049323 -62.16225735673679 1
vertex 112.18833844709205 -62.79923313109836 1
endloop
endfacet
facet normal 0 0 1
outer loop
vertex 28.035658330760157 -63.00135549152185 1
vertex 28.530555637110908 -62.14416821239337 1
vertex 27.864000194433775 -62.14416821240108 1
endloop
endfacet
facet normal 0 0 1
outer loop
vertex 28.035658330760157 -63.00135549152185 1
vertex 27.864000194433775 -62.14416821240108 1
vertex 27.908923476914406 -63.00135549151617 1
endloop
endfacet
facet normal 0 0 1
outer loop
vertex 108.5736084795067 -62.16225735673679 1
vertex 108.62304458704031 -62.14416821240108 1
vertex 32.89700896288909 -62.14416821239337 1
endloop
endfacet
facet normal 0 0 1
outer loop
vertex 108.5736084795067 -62.16225735673679 1
vertex 32.89700896288909 -62.14416821239337 1
vertex 32.90745273524698 -62.16225735673679 1
endloop
endfacet
facet normal 0 0 1
outer loop
vertex 28.530555637110908 -62.14416821239337 1
vertex 29.288782300000015 -61.50794049921436 1
vertex 27.83065691230949 -61.507940499213774 1
endloop
endfacet
facet normal 0 0 1
outer loop
vertex 28.530555637110908 -62.14416821239337 1
vertex 27.83065691230949 -61.507940499213774 1
vertex 27.864000194433775 -62.14416821240108 1
endloop
endfacet
facet normal 0 0 1
outer loop
vertex 108.62304458704031 -62.14416821240108 1
vertex 109.5025666 -61.82234270000001 1
vertex 109.5025666 -61.507940499213774 1
endloop
endfacet
facet normal 0 0 1
outer loop
vertex 108.62304458704031 -62.14416821240108 1
vertex 109.5025666 -61.507940499213774 1
vertex 32.13878230000001 -61.50794049921436 1
endloop
endfacet
facet normal 0 0 1
outer loop
vertex 108.62304458704031 -62.14416821240108 1
vertex 32.13878230000001 -61.50794049921436 1
vertex 32.89700896288909 -62.14416821239337 1
endloop
endfacet
facet normal 0 0 1
outer loop
vertex 29.288782300000015 -61.50794049921436 1
vertex 29.965758716387505 -61.2615412343491 1
vertex 27.823627199999645 -61.37380559999985 1
endloop
endfacet
facet normal 0 0 1
outer loop
vertex 29.288782300000015 -61.50794049921436 1
vertex 27.823627199999645 -61.37380559999985 1
vertex 27.83065691230949 -61.507940499213774 1
endloop
endfacet
facet normal 0 0 1
outer loop
vertex 109.5025666 -61.507940499213774 1
vertex 109.5025666 -60.61362576934063 1
vertex 42.32872117116701 -60.61362576934063 1
endloop
endfacet
facet normal 0 0 1
outer loop
vertex 109.5025666 -61.507940499213774 1
vertex 42.32872117116701 -60.61362576934063 1
vertex 31.27350459666482 -61.19300517082613 1
endloop
endfacet
facet normal 0 0 1
outer loop
vertex 109.5025666 -61.507940499213774 1
vertex 31.27350459666482 -61.19300517082613 1
vertex 32.13878230000001 -61.50794049921436 1
endloop
endfacet
facet normal 0 0 1
outer loop
vertex 192.1650773586058 -62.16225735673679 1
vertex 192.26131989999755 -60.32584030000346 1
vertex 177.75622590005722 -59.565660500006324 1
endloop
endfacet
facet normal 0 0 1
outer loop
vertex 192.1650773586058 -62.16225735673679 1
vertex 177.75622590005722 -59.565660500006324 1
vertex 110.50256658636287 -59.565660500006324 1
endloop
endfacet
facet normal 0 0 1
outer loop
vertex 192.1650773586058 -62.16225735673679 1
vertex 110.50256658636287 -59.565660500006324 1
vertex 110.50256657404397 -61.82234270000001 1
endloop
endfacet
facet normal 0 0 1
outer loop
vertex 192.1650773586058 -62.16225735673679 1
vertex 110.50256657404397 -61.82234270000001 1
vertex 111.43152472049323 -62.16225735673679 1
endloop
endfacet
facet normal 0 0 1
outer loop
vertex 109.5025666 -60.61362576934063 1
vertex 109.5025666 -55.132548726456164 1
vertex 109.00473849902457 -55.136936524598646 1
endloop
endfacet
facet normal 0 0 1
outer loop
vertex 109.5025666 -60.61362576934063 1
vertex 109.00473849902457 -55.136936524598646 1
vertex 108.0054180789325 -55.14789437732625 1
endloop
endfacet
facet normal 0 0 1
outer loop
vertex 109.5025666 -60.61362576934063 1
vertex 108.0054180789325 -55.14789437732625 1
vertex 107.00612354397217 -55.161001952411326 1
endloop
endfacet
facet normal 0 0 1
outer loop
vertex 109.5025666 -60.61362576934063 1
vertex 107.00612354397217 -55.161001952411326 1
vertex 106.0068595194276 -55.176259189182225 1
endloop
endfacet
facet normal 0 0 1
outer loop
vertex 109.5025666 -60.61362576934063 1
vertex 106.0068595194276 -55.176259189182225 1
vertex 105.00763062719821 -55.19366601707009 1
endloop
endfacet
facet normal 0 0 1
outer loop
vertex 109.5025666 -60.61362576934063 1
vertex 105.00763062719821 -55.19366601707009 1
vertex 104.00844149265194 -55.213222355502985 1
endloop
endfacet
facet normal 0 0 1
outer loop
vertex 109.5025666 -60.61362576934063 1
vertex 104.00844149265194 -55.213222355502985 1
vertex 103.00929674043819 -55.23492811396546 1
endloop
endfacet
facet normal 0 0 1
outer loop
vertex 109.5025666 -60.61362576934063 1
vertex 103.00929674043819 -55.23492811396546 1
vertex 102.01020099500505 -55.25878319199045 1
endloop
endfacet
facet normal 0 0 1
outer loop
vertex 109.5025666 -60.61362576934063 1
vertex 102.01020099500505 -55.25878319199045 1
vertex 101.01115887620323 -55.2847874792736 1
endloop
endfacet
facet normal 0 0 1
outer loop
vertex 109.5025666 -60.61362576934063 1
vertex 101.01115887620323 -55.2847874792736 1
vertex 100.01217501142898 -55.31294085536907 1
endloop
endfacet
facet normal 0 0 1
outer loop
vertex 109.5025666 -60.61362576934063 1
vertex 100.01217501142898 -55.31294085536907 1
vertex 99.01325402103782 -55.34324319006413 1
endloop
endfacet
facet normal 0 0 1
outer loop
vertex 109.5025666 -60.61362576934063 1
vertex 99.01325402103782 -55.34324319006413 1
vertex 98.01440052824557 -55.375694343116194 1
endloop
endfacet
facet normal 0 0 1
outer loop
vertex 109.5025666 -60.61362576934063 1
vertex 98.01440052824557 -55.375694343116194 1
vertex 97.01561915719785 -55.41029416429235 1
endloop
endfacet
facet normal 0 0 1
outer loop
vertex 109.5025666 -60.61362576934063 1
vertex 97.01561915719785 -55.41029416429235 1
vertex 96.01691452797787 -55.44704249354201 1
endloop
endfacet
facet normal 0 0 1
outer loop
vertex 109.5025666 -60.61362576934063 1
vertex 96.01691452797787 -55.44704249354201 1
vertex 95.01829126370914 -55.48593916075275 1
endloop
endfacet
facet normal 0 0 1
outer loop
vertex 109.5025666 -60.61362576934063 1
vertex 95.01829126370914 -55.48593916075275 1
vertex 94.01975398309449 -55.52698398602717 1
endloop
endfacet
facet normal 0 0 1
outer loop
vertex 109.5025666 -60.61362576934063 1
vertex 94.01975398309449 -55.52698398602717 1
vertex 93.0213073118588 -55.570176779222955 1
endloop
endfacet
facet normal 0 0 1
outer loop
vertex 109.5025666 -60.61362576934063 1
vertex 93.0213073118588 -55.570176779222955 1
vertex 92.02295586530481 -55.61551734068107 1
endloop
endfacet
facet normal 0 0 1
outer loop
vertex 109.5025666 -60.61362576934063 1
vertex 92.02295586530481 -55.61551734068107 1
vertex 91.02470426597468 -55.66300546047132 1
endloop
endfacet
facet normal 0 0 1
outer loop
vertex 109.5025666 -60.61362576934063 1
vertex 91.02470426597468 -55.66300546047132 1
vertex 90.0265571347941 -55.71264091876708 1
endloop
endfacet
facet normal 0 0 1
outer loop
vertex 109.5025666 -60.61362576934063 1
vertex 90.0265571347941 -55.71264091876708 1
vertex 89.02851908829955 -55.764423485998385 1
endloop
endfacet
facet normal 0 0 1
outer loop
vertex 109.5025666 -60.61362576934063 1
vertex 89.02851908829955 -55.764423485998385 1
vertex 88.0305947468148 -55.81835292244401 1
endloop
endfacet
facet normal 0 0 1
outer loop
vertex 109.5025666 -60.61362576934063 1
vertex 88.0305947468148 -55.81835292244401 1
vertex 87.03278872712983 -55.87442897860576 1
endloop
endfacet
facet normal 0 0 1
outer loop
vertex 109.5025666 -60.61362576934063 1
vertex 87.03278872712983 -55.87442897860576 1
vertex 86.03510564934808 -55.932651394834615 1
endloop
endfacet
facet normal 0 0 1
outer loop
vertex 109.5025666 -60.61362576934063 1
vertex 86.03510564934808 -55.932651394834615 1
vertex 85.03755012592998 -55.99301990196036 1
endloop
endfacet
facet normal 0 0 1
outer loop
vertex 109.5025666 -60.61362576934063 1
vertex 85.03755012592998 -55.99301990196036 1
vertex 84.0401267774329 -56.055534220366454 1
endloop
endfacet
facet normal 0 0 1
outer loop
vertex 109.5025666 -60.61362576934063 1
vertex 84.0401267774329 -56.055534220366454 1
vertex 83.0428402194353 -56.1201940607619 1
endloop
endfacet
facet normal 0 0 1
outer loop
vertex 109.5025666 -60.61362576934063 1
vertex 83.0428402194353 -56.1201940607619 1
vertex 82.04569506416696 -56.186999124110415 1
endloop
endfacet
facet normal 0 0 1
outer loop
vertex 109.5025666 -60.61362576934063 1
vertex 82.04569506416696 -56.186999124110415 1
vertex 81.04869592874533 -56.255949101083914 1
endloop
endfacet
facet normal 0 0 1
outer loop
vertex 109.5025666 -60.61362576934063 1
vertex 81.04869592874533 -56.255949101083914 1
vertex 80.05184742634621 -56.327043672644045 1
endloop
endfacet
facet normal 0 0 1
outer loop
vertex 109.5025666 -60.61362576934063 1
vertex 80.05184742634621 -56.327043672644045 1
vertex 79.05515416808699 -56.40028250993229 1
endloop
endfacet
facet normal 0 0 1
outer loop
vertex 109.5025666 -60.61362576934063 1
vertex 79.05515416808699 -56.40028250993229 1
vertex 78.05862077001298 -56.47566527375286 1
endloop
endfacet
facet normal 0 0 1
outer loop
vertex 109.5025666 -60.61362576934063 1
vertex 78.05862077001298 -56.47566527375286 1
vertex 77.06225184097889 -56.55319161546692 1
endloop
endfacet
facet normal 0 0 1
outer loop
vertex 109.5025666 -60.61362576934063 1
vertex 77.06225184097889 -56.55319161546692 1
vertex 76.06605199401905 -56.63286117613884 1
endloop
endfacet
facet normal 0 0 1
outer loop
vertex 109.5025666 -60.61362576934063 1
vertex 76.06605199401905 -56.63286117613884 1
vertex 75.07002583532032 -56.71467358739913 1
endloop
endfacet
facet normal 0 0 1
outer loop
vertex 109.5025666 -60.61362576934063 1
vertex 75.07002583532032 -56.71467358739913 1
vertex 74.07417798067839 -56.79862847010959 1
endloop
endfacet
facet normal 0 0 1
outer loop
vertex 109.5025666 -60.61362576934063 1
vertex 74.07417798067839 -56.79862847010959 1
vertex 73.07851303119625 -56.88472543637427 1
endloop
endfacet
facet normal 0 0 1
outer loop
vertex 109.5025666 -60.61362576934063 1
vertex 73.07851303119625 -56.88472543637427 1
vertex 72.08303560053255 -56.97296408724451 1
endloop
endfacet
facet normal 0 0 1
outer loop
vertex 109.5025666 -60.61362576934063 1
vertex 72.08303560053255 -56.97296408724451 1
vertex 71.08775029256415 -57.06334401463073 1
endloop
endfacet
facet normal 0 0 1
outer loop
vertex 109.5025666 -60.61362576934063 1
vertex 71.08775029256415 -57.06334401463073 1
vertex 70.09266171339858 -57.15586480026323 1
endloop
endfacet
facet normal 0 0 1
outer loop
vertex 109.5025666 -60.61362576934063 1
vertex 70.09266171339858 -57.15586480026323 1
vertex 69.09777446855286 -57.25052601593281 1
endloop
endfacet
facet normal 0 0 1
outer loop
vertex 109.5025666 -60.61362576934063 1
vertex 69.09777446855286 -57.25052601593281 1
vertex 68.10309316068279 -57.347327223709726 1
endloop
endfacet
facet normal 0 0 1
outer loop
vertex 109.5025666 -60.61362576934063 1
vertex 68.10309316068279 -57.347327223709726 1
vertex 67.10862239620258 -57.44626797530091 1
endloop
endfacet
facet normal 0 0 1
outer loop
vertex 109.5025666 -60.61362576934063 1
vertex 67.10862239620258 -57.44626797530091 1
vertex 66.11436677399632 -57.54734781315719 1
endloop
endfacet
facet normal 0 0 1
outer loop
vertex 109.5025666 -60.61362576934063 1
vertex 66.11436677399632 -57.54734781315719 1
vertex 65.12033089599272 -57.65056626943179 1
endloop
endfacet
facet normal 0 0 1
outer loop
vertex 109.5025666 -60.61362576934063 1
vertex 65.12033089599272 -57.65056626943179 1
vertex 64.12651936242962 -57.75592286644716 1
endloop
endfacet
facet normal 0 0 1
outer loop
vertex 109.5025666 -60.61362576934063 1
vertex 64.12651936242962 -57.75592286644716 1
vertex 63.13293677334019 -57.86341711654031 1
endloop
endfacet
facet normal 0 0 1
outer loop
vertex 109.5025666 -60.61362576934063 1
vertex 63.13293677334019 -57.86341711654031 1
vertex 62.139587725596144 -57.97304852238129 1
endloop
endfacet
facet normal 0 0 1
outer loop
vertex 109.5025666 -60.61362576934063 1
vertex 62.139587725596144 -57.97304852238129 1
vertex 61.146476816680284 -58.084816576567086 1
endloop
endfacet
facet normal 0 0 1
outer loop
vertex 109.5025666 -60.61362576934063 1
vertex 61.146476816680284 -58.084816576567086 1
vertex 60.15360864162725 -58.19872076195769 1
endloop
endfacet
facet normal 0 0 1
outer loop
vertex 109.5025666 -60.61362576934063 1
vertex 60.15360864162725 -58.19872076195769 1
vertex 59.16098779597261 -58.31476055134307 1
endloop
endfacet
facet normal 0 0 1
outer loop
vertex 109.5025666 -60.61362576934063 1
vertex 59.16098779597261 -58.31476055134307 1
vertex 58.16861887327515 -58.43293540772392 1
endloop
endfacet
facet normal 0 0 1
outer loop
vertex 109.5025666 -60.61362576934063 1
vertex 58.16861887327515 -58.43293540772392 1
vertex 57.176506465010334 -58.55324478433168 1
endloop
endfacet
facet normal 0 0 1
outer loop
vertex 109.5025666 -60.61362576934063 1
vertex 57.176506465010334 -58.55324478433168 1
vertex 56.18465516366321 -58.67568812425463 1
endloop
endfacet
facet normal 0 0 1
outer loop
vertex 109.5025666 -60.61362576934063 1
vertex 56.18465516366321 -58.67568812425463 1
vertex 55.193069558187375 -58.80026486098941 1
endloop
endfacet
facet normal 0 0 1
outer loop
vertex 109.5025666 -60.61362576934063 1
vertex 55.193069558187375 -58.80026486098941 1
vertex 54.20175423832106 -58.92697441790903 1
endloop
endfacet
facet normal 0 0 1
outer loop
vertex 109.5025666 -60.61362576934063 1
vertex 54.20175423832106 -58.92697441790903 1
vertex 53.210713790441325 -59.055816208784584 1
endloop
endfacet
facet normal 0 0 1
outer loop
vertex 109.5025666 -60.61362576934063 1
vertex 53.210713790441325 -59.055816208784584 1
vertex 52.2199528018132 -59.18678963724182 1
endloop
endfacet
facet normal 0 0 1
outer loop
vertex 109.5025666 -60.61362576934063 1
vertex 52.2199528018132 -59.18678963724182 1
vertex 51.229475856734936 -59.319894097260025 1
endloop
endfacet
facet normal 0 0 1
outer loop
vertex 109.5025666 -60.61362576934063 1
vertex 51.229475856734936 -59.319894097260025 1
vertex 50.239287539116724 -59.45512897283432 1
endloop
endfacet
facet normal 0 0 1
outer loop
vertex 109.5025666 -60.61362576934063 1
vertex 50.239287539116724 -59.45512897283432 1
vertex 49.24939243119894 -59.592493638145704 1
endloop
endfacet
facet normal 0 0 1
outer loop
vertex 109.5025666 -60.61362576934063 1
vertex 49.24939243119894 -59.592493638145704 1
vertex 48.25979511398816 -59.7319874575021 1
endloop
endfacet
facet normal 0 0 1
outer loop
vertex 109.5025666 -60.61362576934063 1
vertex 48.25979511398816 -59.7319874575021 1
vertex 47.270500167071546 -59.873609785363726 1
endloop
endfacet
facet normal 0 0 1
outer loop
vertex 109.5025666 -60.61362576934063 1
vertex 47.270500167071546 -59.873609785363726 1
vertex 46.281512168039065 -60.01735996642768 1
endloop
endfacet
facet normal 0 0 1
outer loop
vertex 109.5025666 -60.61362576934063 1
vertex 46.281512168039065 -60.01735996642768 1
vertex 45.2928356950334 -60.163237335256525 1
endloop
endfacet
facet normal 0 0 1
outer loop
vertex 109.5025666 -60.61362576934063 1
vertex 45.2928356950334 -60.163237335256525 1
vertex 44.304475321982586 -60.31124121697483 1
endloop
endfacet
facet normal 0 0 1
outer loop
vertex 109.5025666 -60.61362576934063 1
vertex 44.304475321982586 -60.31124121697483 1
vertex 43.316435623122615 -60.46137092660647 1
endloop
endfacet
facet normal 0 0 1
outer loop
vertex 109.5025666 -60.61362576934063 1
vertex 43.316435623122615 -60.46137092660647 1
vertex 42.32872117116701 -60.61362576934063 1
endloop
endfacet
facet normal 0 0 1
outer loop
vertex 177.75622590005722 -59.565660500006324 1
vertex 176.7662732095598 -59.428709048120396 1
vertex 175.77602850258458 -59.29388770412012 1
endloop
endfacet
facet normal 0 0 1
outer loop
vertex 177.75622590005722 -59.565660500006324 1
vertex 175.77602850258458 -59.29388770412012 1
vertex 174.78549605555517 -59.161196895714035 1
endloop
endfacet
facet normal 0 0 1
outer loop
vertex 177.75622590005722 -59.565660500006324 1
vertex 174.78549605555517 -59.161196895714035 1
vertex 173.79468045885037 -59.03063723782118 1
endloop
endfacet
facet normal 0 0 1
outer loop
vertex 177.75622590005722 -59.565660500006324 1
vertex 173.79468045885037 -59.03063723782118 1
vertex 172.8035862916741 -58.902209333837845 1
endloop
endfacet
facet normal 0 0 1
outer loop
vertex 177.75622590005722 -59.565660500006324 1
vertex 172.8035862916741 -58.902209333837845 1
vertex 171.81221813910406 -58.77591377791846 1
endloop
endfacet
facet normal 0 0 1
outer loop
vertex 177.75622590005722 -59.565660500006324 1
vertex 171.81221813910406 -58.77591377791846 1
vertex 170.82058059657595 -58.65175115549744 1
endloop
endfacet
facet normal 0 0 1
outer loop
vertex 177.75622590005722 -59.565660500006324 1
vertex 170.82058059657595 -58.65175115549744 1
vertex 169.8286782459294 -58.529722040261795 1
endloop
endfacet
facet normal 0 0 1
outer loop
vertex 177.75622590005722 -59.565660500006324 1
vertex 169.8286782459294 -58.529722040261795 1
vertex 168.83651568156768 -58.40982699744273 1
endloop
endfacet
facet normal 0 0 1
outer loop
vertex 177.75622590005722 -59.565660500006324 1
vertex 168.83651568156768 -58.40982699744273 1
vertex 167.8440974942464 -58.292066581792305 1
endloop
endfacet
facet normal 0 0 1
outer loop
vertex 177.75622590005722 -59.565660500006324 1
vertex 167.8440974942464 -58.292066581792305 1
vertex 166.8514282735057 -58.17644133790949 1
endloop
endfacet
facet normal 0 0 1
outer loop
vertex 177.75622590005722 -59.565660500006324 1
vertex 166.8514282735057 -58.17644133790949 1
vertex 165.85851261672502 -58.062951801295696 1
endloop
endfacet
facet normal 0 0 1
outer loop
vertex 177.75622590005722 -59.565660500006324 1
vertex 165.85851261672502 -58.062951801295696 1
vertex 164.86535511795444 -57.951598497043946 1
endloop
endfacet
facet normal 0 0 1
outer loop
vertex 177.75622590005722 -59.565660500006324 1
vertex 164.86535511795444 -57.951598497043946 1
vertex 163.87196037455604 -57.84238194060859 1
endloop
endfacet
facet normal 0 0 1
outer loop
vertex 177.75622590005722 -59.565660500006324 1
vertex 163.87196037455604 -57.84238194060859 1
vertex 162.87833298008715 -57.73530263701846 1
endloop
endfacet
facet normal 0 0 1
outer loop
vertex 177.75622590005722 -59.565660500006324 1
vertex 162.87833298008715 -57.73530263701846 1
vertex 161.88447753384278 -57.630361081927546 1
endloop
endfacet
facet normal 0 0 1
outer loop
vertex 177.75622590005722 -59.565660500006324 1
vertex 161.88447753384278 -57.630361081927546 1
vertex 160.89039863754581 -57.52755776123181 1
endloop
endfacet
facet normal 0 0 1
outer loop
vertex 177.75622590005722 -59.565660500006324 1
vertex 160.89039863754581 -57.52755776123181 1
vertex 159.896100888423 -57.4268931503563 1
endloop
endfacet
facet normal 0 0 1
outer loop
vertex 177.75622590005722 -59.565660500006324 1
vertex 159.896100888423 -57.4268931503563 1
vertex 158.90158889173918 -57.32836771554463 1
endloop
endfacet
facet normal 0 0 1
outer loop
vertex 177.75622590005722 -59.565660500006324 1
vertex 158.90158889173918 -57.32836771554463 1
vertex 157.90686724419456 -57.231981912189404 1
endloop
endfacet
facet normal 0 0 1
outer loop
vertex 177.75622590005722 -59.565660500006324 1
vertex 157.90686724419456 -57.231981912189404 1
vertex 156.91194055742884 -57.137736187141535 1
endloop
endfacet
facet normal 0 0 1
outer loop
vertex 177.75622590005722 -59.565660500006324 1
vertex 156.91194055742884 -57.137736187141535 1
vertex 155.91681342297153 -57.04563097534436 1
endloop
endfacet
facet normal 0 0 1
outer loop
vertex 177.75622590005722 -59.565660500006324 1
vertex 155.91681342297153 -57.04563097534436 1
vertex 154.9214904569421 -56.95566670405742 1
endloop
endfacet
facet normal 0 0 1
outer loop
vertex 177.75622590005722 -59.565660500006324 1
vertex 154.9214904569421 -56.95566670405742 1
vertex 153.92597626486355 -56.86784378954632 1
endloop
endfacet
facet normal 0 0 1
outer loop
vertex 177.75622590005722 -59.565660500006324 1
vertex 153.92597626486355 -56.86784378954632 1
vertex 152.93027544659617 -56.78216263760707 1
endloop
endfacet
facet normal 0 0 1
outer loop
vertex 177.75622590005722 -59.565660500006324 1
vertex 152.93027544659617 -56.78216263760707 1
vertex 151.93439261782407 -56.698623645425435 1
endloop
endfacet
facet normal 0 0 1
outer loop
vertex 177.75622590005722 -59.565660500006324 1
vertex 151.93439261782407 -56.698623645425435 1
vertex 150.9383323805382 -56.617227199034836 1
endloop
endfacet
facet normal 0 0 1
outer loop
vertex 177.75622590005722 -59.565660500006324 1
vertex 150.9383323805382 -56.617227199034836 1
vertex 149.94209934714272 -56.53797367535997 1
endloop
endfacet
facet normal 0 0 1
outer loop
vertex 177.75622590005722 -59.565660500006324 1
vertex 149.94209934714272 -56.53797367535997 1
vertex 148.9456981296604 -56.46086344129844 1
endloop
endfacet
facet normal 0 0 1
outer loop
vertex 177.75622590005722 -59.565660500006324 1
vertex 148.9456981296604 -56.46086344129844 1
vertex 147.9491333381529 -56.38589685361164 1
endloop
endfacet
facet normal 0 0 1
outer loop
vertex 177.75622590005722 -59.565660500006324 1
vertex 147.9491333381529 -56.38589685361164 1
vertex 146.95240958068408 -56.31307425894634 1
endloop
endfacet
facet normal 0 0 1
outer loop
vertex 177.75622590005722 -59.565660500006324 1
vertex 146.95240958068408 -56.31307425894634 1
vertex 145.95553147291594 -56.24239599453804 1
endloop
endfacet
facet normal 0 0 1
outer loop
vertex 177.75622590005722 -59.565660500006324 1
vertex 145.95553147291594 -56.24239599453804 1
vertex 144.95850363119877 -56.17386238767719 1
endloop
endfacet
facet normal 0 0 1
outer loop
vertex 177.75622590005722 -59.565660500006324 1
vertex 144.95850363119877 -56.17386238767719 1
vertex 143.96133066501946 -56.10747375520607 1
endloop
endfacet
facet normal 0 0 1
outer loop
vertex 177.75622590005722 -59.565660500006324 1
vertex 143.96133066501946 -56.10747375520607 1
vertex 142.96401718916516 -56.043230404367925 1
endloop
endfacet
facet normal 0 0 1
outer loop
vertex 177.75622590005722 -59.565660500006324 1
vertex 142.96401718916516 -56.043230404367925 1
vertex 141.96656781902732 -55.98113263247419 1
endloop
endfacet
facet normal 0 0 1
outer loop
vertex 177.75622590005722 -59.565660500006324 1
vertex 141.96656781902732 -55.98113263247419 1
vertex 140.9689871749416 -55.92118072716604 1
endloop
endfacet
facet normal 0 0 1
outer loop
vertex 177.75622590005722 -59.565660500006324 1
vertex 140.9689871749416 -55.92118072716604 1
vertex 139.9712798691751 -55.863374965622505 1
endloop
endfacet
facet normal 0 0 1
outer loop
vertex 177.75622590005722 -59.565660500006324 1
vertex 139.9712798691751 -55.863374965622505 1
vertex 138.97345051770483 -55.80771561529288 1
endloop
endfacet
facet normal 0 0 1
outer loop
vertex 177.75622590005722 -59.565660500006324 1
vertex 138.97345051770483 -55.80771561529288 1
vertex 137.97550374016583 -55.75420293386645 1
endloop
endfacet
facet normal 0 0 1
outer loop
vertex 177.75622590005722 -59.565660500006324 1
vertex 137.97550374016583 -55.75420293386645 1
vertex 136.9774441574184 -55.70283716912073 1
endloop
endfacet
facet normal 0 0 1
outer loop
vertex 177.75622590005722 -59.565660500006324 1
vertex 136.9774441574184 -55.70283716912073 1
vertex 135.97927638348204 -55.65361855851781 1
endloop
endfacet
facet normal 0 0 1
outer loop
vertex 177.75622590005722 -59.565660500006324 1
vertex 135.97927638348204 -55.65361855851781 1
vertex 134.98100503851157 -55.60654732987929 1
endloop
endfacet
facet normal 0 0 1
outer loop
vertex 177.75622590005722 -59.565660500006324 1
vertex 134.98100503851157 -55.60654732987929 1
vertex 133.98263474521733 -55.561623701177055 1
endloop
endfacet
facet normal 0 0 1
outer loop
vertex 177.75622590005722 -59.565660500006324 1
vertex 133.98263474521733 -55.561623701177055 1
vertex 132.98417012316926 -55.51884788027072 1
endloop
endfacet
facet normal 0 0 1
outer loop
vertex 177.75622590005722 -59.565660500006324 1
vertex 132.98417012316926 -55.51884788027072 1
vertex 131.98561578644 -55.47822006484289 1
endloop
endfacet
facet normal 0 0 1
outer loop
vertex 177.75622590005722 -59.565660500006324 1
vertex 131.98561578644 -55.47822006484289 1
vertex 130.9869763681853 -55.439740443397696 1
endloop
endfacet
facet normal 0 0 1
outer loop
vertex 177.75622590005722 -59.565660500006324 1
vertex 130.9869763681853 -55.439740443397696 1
vertex 129.98825647871018 -55.4034091935735 1
endloop
endfacet
facet normal 0 0 1
outer loop
vertex 177.75622590005722 -59.565660500006324 1
vertex 129.98825647871018 -55.4034091935735 1
vertex 128.9894607431752 -55.369226483634485 1
endloop
endfacet
facet normal 0 0 1
outer loop
vertex 177.75622590005722 -59.565660500006324 1
vertex 128.9894607431752 -55.369226483634485 1
vertex 127.99059378698952 -55.33719247187668 1
endloop
endfacet
facet normal 0 0 1
outer loop
vertex 177.75622590005722 -59.565660500006324 1
vertex 127.99059378698952 -55.33719247187668 1
vertex 126.99166022975044 -55.307307306447896 1
endloop
endfacet
facet normal 0 0 1
outer loop
vertex 177.75622590005722 -59.565660500006324 1
vertex 126.99166022975044 -55.307307306447896 1
vertex 125.99266469305658 -55.27957112561708 1
endloop
endfacet
facet normal 0 0 1
outer loop
vertex 177.75622590005722 -59.565660500006324 1
vertex 125.99266469305658 -55.27957112561708 1
vertex 124.99361180336719 -55.25398405783303 1
endloop
endfacet
facet normal 0 0 1
outer loop
vertex 177.75622590005722 -59.565660500006324 1
vertex 124.99361180336719 -55.25398405783303 1
vertex 123.99450618145845 -55.23054622143767 1
endloop
endfacet
facet normal 0 0 1
outer loop
vertex 177.75622590005722 -59.565660500006324 1
vertex 123.99450618145845 -55.23054622143767 1
vertex 122.99535245075951 -55.20925772489464 1
endloop
endfacet
facet normal 0 0 1
outer loop
vertex 177.75622590005722 -59.565660500006324 1
vertex 122.99535245075951 -55.20925772489464 1
vertex 121.99615523792234 -55.19011866677941 1
endloop
endfacet
facet normal 0 0 1
outer loop
vertex 177.75622590005722 -59.565660500006324 1
vertex 121.99615523792234 -55.19011866677941 1
vertex 120.99691916288673 -55.17312913558452 1
endloop
endfacet
facet normal 0 0 1
outer loop
vertex 177.75622590005722 -59.565660500006324 1
vertex 120.99691916288673 -55.17312913558452 1
vertex 119.99764885400553 -55.158289210003524 1
endloop
endfacet
facet normal 0 0 1
outer loop
vertex 177.75622590005722 -59.565660500006324 1
vertex 119.99764885400553 -55.158289210003524 1
vertex 118.99834893164326 -55.14559895865182 1
endloop
endfacet
facet normal 0 0 1
outer loop
vertex 177.75622590005722 -59.565660500006324 1
vertex 118.99834893164326 -55.14559895865182 1
vertex 117.99902402390099 -55.13505844030252 1
endloop
endfacet
facet normal 0 0 1
outer loop
vertex 177.75622590005722 -59.565660500006324 1
vertex 117.99902402390099 -55.13505844030252 1
vertex 116.99967875004653 -55.1266677036817 1
endloop
endfacet
facet normal 0 0 1
outer loop
vertex 177.75622590005722 -59.565660500006324 1
vertex 116.99967875004653 -55.1266677036817 1
vertex 116.00031774382562 -55.12042678769121 1
endloop
endfacet
facet normal 0 0 1
outer loop
vertex 177.75622590005722 -59.565660500006324 1
vertex 116.00031774382562 -55.12042678769121 1
vertex 114.0015670080564 -55.11439452300833 1
endloop
endfacet
facet normal 0 0 1
outer loop
vertex 177.75622590005722 -59.565660500006324 1
vertex 114.0015670080564 -55.11439452300833 1
vertex 111.0034384939985 -55.12147017912265 1
endloop
endfacet
facet normal 0 0 1
outer loop
vertex 177.75622590005722 -59.565660500006324 1
vertex 111.0034384939985 -55.12147017912265 1
vertex 110.5025665989613 -55.12480725869484 1
endloop
endfacet
facet normal 0 0 1
outer loop
vertex 177.75622590005722 -59.565660500006324 1
vertex 110.5025665989613 -55.12480725869484 1
vertex 110.50256658636287 -59.565660500006324 1
endloop
endfacet
facet normal 0 0 -1
outer loop
vertex 176.87664236219288 -57.43236246702898 5.6
vertex 177.56538994295082 -57.52755776123149 5.6
vertex 177.8608978 -57.56840140000071 5.6
endloop
endfacet
facet normal 0 0 -1
outer loop
vertex 176.87664236219288 -57.43236246702898 5.6
vertex 177.8608978 -57.56840140000071 5.6
vertex 177.86089780000034 -57.56840140000001 0
endloop
endfacet
facet normal 0 0 -1
outer loop
vertex 176.87664236219288 -57.43236246702898 5.6
vertex 177.86089780000034 -57.56840140000001 0
vertex 176.8766423622042 -57.432362467029805 0
endloop
endfacet
facet normal -0.00008813695835023341 -0.0006478674075321394 -0.9999997862498267
outer loop
vertex 175.89209901225564 -57.29842355419395 5.600000000000001
vertex 176.11220924239035 -57.32836771554321 5.6
vertex 176.83643911392548 -57.42689315034882 5.6
endloop
endfacet
facet normal -0.00008813695835023341 -0.0006478674075321394 -0.9999997862498267
outer loop
vertex 175.89209901225564 -57.29842355419395 5.600000000000001
vertex 176.83643911392548 -57.42689315034882 5.6
vertex 176.87664236219288 -57.43236246702898 5.6
endloop
endfacet
facet normal -0.00008813695835023341 -0.0006478674075321394 -0.9999997862498267
outer loop
vertex 175.89209901225564 -57.29842355419395 5.600000000000001
vertex 176.87664236219288 -57.43236246702898 5.6
vertex 176.8766423622042 -57.432362467029805 0
endloop
endfacet
facet normal -0.00008813695835023341 -0.0006478674075321394 -0.9999997862498267
outer loop
vertex 175.89209901225564 -57.29842355419395 5.600000000000001
vertex 176.8766423622042 -57.432362467029805 0
vertex 175.892099012252 -57.29842355419072 0
endloop
endfacet
facet normal -0.00021431086108139854 -0.0016008949851443594 -0.9999986956021999
outer loop
vertex 174.9072721579603 -57.166585367980204 5.600000000000001
vertex 175.39578216227557 -57.23198191218917 5.6
vertex 175.89209901225564 -57.29842355419395 5.600000000000001
endloop
endfacet
facet normal -0.00021431086108139854 -0.0016008949851443594 -0.9999986956021999
outer loop
vertex 174.9072721579603 -57.166585367980204 5.600000000000001
vertex 175.89209901225564 -57.29842355419395 5.600000000000001
vertex 175.892099012252 -57.29842355419072 0
endloop
endfacet
facet normal -0.00021431086108139854 -0.0016008949851443594 -0.9999986956021999
outer loop
vertex 174.9072721579603 -57.166585367980204 5.600000000000001
vertex 175.892099012252 -57.29842355419072 0
vertex 174.90727215796122 -57.166585367980815 0
endloop
endfacet
facet normal 0 0 -1
outer loop
vertex 173.92216628163555 -57.036848508445345 5.6
vertex 173.98885249388945 -57.04563097534401 5.6
vertex 174.68821723660224 -57.137736187150324 5.6
endloop
endfacet
facet normal 0 0 -1
outer loop
vertex 173.92216628163555 -57.036848508445345 5.6
vertex 174.68821723660224 -57.137736187150324 5.6
vertex 174.9072721579603 -57.166585367980204 5.600000000000001
endloop
endfacet
facet normal 0 0 -1
outer loop
vertex 173.92216628163555 -57.036848508445345 5.6
vertex 174.9072721579603 -57.166585367980204 5.600000000000001
vertex 174.90727215796122 -57.166585367980815 0
endloop
endfacet
facet normal 0 0 -1
outer loop
vertex 173.92216628163555 -57.036848508445345 5.6
vertex 174.90727215796122 -57.166585367980815 0
vertex 173.92216628163564 -57.03684850844357 0
endloop
endfacet
facet normal 0 0 -1
outer loop
vertex 172.93678586689356 -56.909213566063634 5.6
vertex 173.29541816248562 -56.95566670405883 5.6
vertex 173.92216628163555 -57.036848508445345 5.6
endloop
endfacet
facet normal 0 0 -1
outer loop
vertex 172.93678586689356 -56.909213566063634 5.6
vertex 173.92216628163555 -57.036848508445345 5.6
vertex 173.92216628163564 -57.03684850844357 0
endloop
endfacet
facet normal 0 0 -1
outer loop
vertex 172.93678586689356 -56.909213566063634 5.6
vertex 173.92216628163564 -57.03684850844357 0
vertex 172.93678586689305 -56.90921356606404 0
endloop
endfacet
facet normal -0.00010432296910851414 -0.0008191187858039483 0.9999996590805083
outer loop
vertex 171.9511353985682 -56.78368112175551 5.600000000000001
vertex 172.61196036202435 -56.86784378954597 5.6
vertex 172.93678586689356 -56.909213566063634 5.6
endloop
endfacet
facet normal -0.00010432296910851414 -0.0008191187858039483 0.9999996590805083
outer loop
vertex 171.9511353985682 -56.78368112175551 5.600000000000001
vertex 172.93678586689356 -56.909213566063634 5.6
vertex 172.93678586689305 -56.90921356606404 0
endloop
endfacet
facet normal -0.00010432296910851414 -0.0008191187858039483 0.9999996590805083
outer loop
vertex 171.9511353985682 -56.78368112175551 5.600000000000001
vertex 172.93678586689305 -56.90921356606404 0
vertex 171.9511353985701 -56.783681121756956 0
endloop
endfacet
facet normal 0 0 -1
outer loop
vertex 170.965219362737 -56.660251746870955 5.6
vertex 171.27172233373145 -56.69862364542382 5.6
vertex 171.93900621234002 -56.782162637606305 5.6
endloop
endfacet
facet normal 0 0 -1
outer loop
vertex 170.965219362737 -56.660251746870955 5.6
vertex 171.93900621234002 -56.782162637606305 5.6
vertex 171.9511353985682 -56.78368112175551 5.600000000000001
endloop
endfacet
facet normal 0 0 -1
outer loop
vertex 170.965219362737 -56.660251746870955 5.6
vertex 171.9511353985682 -56.78368112175551 5.600000000000001
vertex 171.9511353985701 -56.783681121756956 0
endloop
endfacet
facet normal 0 0 -1
outer loop
vertex 170.965219362737 -56.660251746870955 5.6
vertex 171.9511353985701 -56.783681121756956 0
vertex 170.96521936273373 -56.660251746867715 0
endloop
endfacet
facet normal -0.00007991671784630963 -0.000649590399570163 -0.9999997858227926
outer loop
vertex 169.97904224670233 -56.538926003173074 5.600000000000001
vertex 170.61550113139174 -56.61722719903493 5.6
vertex 170.965219362737 -56.660251746870955 5.6
endloop
endfacet
facet normal -0.00007991671784630963 -0.000649590399570163 -0.9999997858227926
outer loop
vertex 169.97904224670233 -56.538926003173074 5.600000000000001
vertex 170.965219362737 -56.660251746870955 5.6
vertex 170.96521936273373 -56.660251746867715 0
endloop
endfacet
facet normal -0.00007991671784630963 -0.000649590399570163 -0.9999997858227926
outer loop
vertex 169.97904224670233 -56.538926003173074 5.600000000000001
vertex 170.96521936273373 -56.660251746867715 0
vertex 169.9790422467058 -56.5389260031759 0
endloop
endfacet
facet normal -0.000283704580920565 -0.002347358657034235 0.9999972047056163
outer loop
vertex 168.9926085389211 -56.41970444287615 5.600000000000001
vertex 169.33315619924866 -56.46086344129719 5.6
vertex 169.97116273015084 -56.53797367536039 5.6
endloop
endfacet
facet normal -0.000283704580920565 -0.002347358657034235 0.9999972047056163
outer loop
vertex 168.9926085389211 -56.41970444287615 5.600000000000001
vertex 169.97116273015084 -56.53797367536039 5.6
vertex 169.97904224670233 -56.538926003173074 5.600000000000001
endloop
endfacet
facet normal -0.000283704580920565 -0.002347358657034235 0.9999972047056163
outer loop
vertex 168.9926085389211 -56.41970444287615 5.600000000000001
vertex 169.97904224670233 -56.538926003173074 5.600000000000001
vertex 169.9790422467058 -56.5389260031759 0
endloop
endfacet
facet normal -0.000283704580920565 -0.002347358657034235 0.9999972047056163
outer loop
vertex 168.9926085389211 -56.41970444287615 5.600000000000001
vertex 169.9790422467058 -56.5389260031759 0
vertex 168.99260853892014 -56.41970444287679 0
endloop
endfacet
facet normal -0.0897572673488995 -0.7561869527220683 0.6481704447836008
outer loop
vertex 168.0059227290474 -56.30258760859749 5.600000000000001
vertex 168.0942706522856 -56.31307425893874 5.6
vertex 168.707786388491 -56.385896853614724 5.6
endloop
endfacet
facet normal -0.0897572673488995 -0.7561869527220683 0.6481704447836008
outer loop
vertex 168.0059227290474 -56.30258760859749 5.600000000000001
vertex 168.707786388491 -56.385896853614724 5.6
vertex 168.9926085389211 -56.41970444287615 5.600000000000001
endloop
endfacet
facet normal -0.0897572673488995 -0.7561869527220683 0.6481704447836008
outer loop
vertex 168.0059227290474 -56.30258760859749 5.600000000000001
vertex 168.9926085389211 -56.41970444287615 5.600000000000001
vertex 168.99260853892014 -56.41970444287679 0
endloop
endfacet
facet normal -0.0897572673488995 -0.7561869527220683 0.6481704447836008
outer loop
vertex 168.0059227290474 -56.30258760859749 5.600000000000001
vertex 168.99260853892014 -56.41970444287679 0
vertex 168.00592272904694 -56.302587608597435 0
endloop
endfacet
facet normal -0.004209368833656278 -0.03612129280195351 -0.9993385479507623
outer loop
vertex 167.01898930786015 -56.187576033380154 5.600000000000001
vertex 167.48940849584392 -56.24239599454566 5.6
vertex 168.0059227290474 -56.30258760859749 5.600000000000001
endloop
endfacet
facet normal -0.004209368833656278 -0.03612129280195351 -0.9993385479507623
outer loop
vertex 167.01898930786015 -56.187576033380154 5.600000000000001
vertex 168.0059227290474 -56.30258760859749 5.600000000000001
vertex 168.00592272904694 -56.302587608597435 0
endloop
endfacet
facet normal -0.004209368833656278 -0.03612129280195351 -0.9993385479507623
outer loop
vertex 167.01898930786015 -56.187576033380154 5.600000000000001
vertex 168.00592272904694 -56.302587608597435 0
vertex 167.01898930786297 -56.187576033380395 0
endloop
endfacet
facet normal -0.00008091547135336951 -0.0007074734890482414 -0.9999997464669422
outer loop
vertex 166.03181276728534 -56.07467024069054 5.600000000000001
vertex 166.31862586349 -56.10747375520691 5.6
vertex 166.89908589987337 -56.173862387675584 5.6
endloop
endfacet
facet normal -0.00008091547135336951 -0.0007074734890482414 -0.9999997464669422
outer loop
vertex 166.03181276728534 -56.07467024069054 5.600000000000001
vertex 166.89908589987337 -56.173862387675584 5.6
vertex 167.01898930786015 -56.187576033380154 5.600000000000001
endloop
endfacet
facet normal -0.00008091547135336951 -0.0007074734890482414 -0.9999997464669422
outer loop
vertex 166.03181276728534 -56.07467024069054 5.600000000000001
vertex 167.01898930786015 -56.187576033380154 5.600000000000001
vertex 167.01898930786297 -56.187576033380395 0
endloop
endfacet
facet normal -0.00008091547135336951 -0.0007074734890482414 -0.9999997464669422
outer loop
vertex 166.03181276728534 -56.07467024069054 5.600000000000001
vertex 167.01898930786297 -56.187576033380395 0
vertex 166.03181276728577 -56.07467024068808 0
endloop
endfacet
facet normal 0 0 1
outer loop
vertex 165.04439760034677 -55.96387074439794 5.6
vertex 165.1982308817772 -55.98113263247407 5.6
vertex 165.75162944273976 -56.04323040436836 5.6
endloop
endfacet
facet normal 0 0 1
outer loop
vertex 165.04439760034677 -55.96387074439794 5.6
vertex 165.75162944273976 -56.04323040436836 5.6
vertex 166.03181276728534 -56.07467024069054 5.600000000000001
endloop
endfacet
facet normal 0 0 1
outer loop
vertex 165.04439760034677 -55.96387074439794 5.6
vertex 166.03181276728534 -56.07467024069054 5.600000000000001
vertex 166.03181276728577 -56.07467024068808 0
endloop
endfacet
facet normal 0 0 1
outer loop
vertex 165.04439760034677 -55.96387074439794 5.6
vertex 166.03181276728577 -56.07467024068808 0
vertex 165.04439760034685 -55.96387074439943 0
endloop
endfacet
facet normal 0 0 -1
outer loop
vertex 164.05674830115044 -55.85517804880574 5.6
vertex 164.13123057527616 -55.863374965621176 5.6
vertex 164.65648960550396 -55.921180727167325 5.6
endloop
endfacet
facet normal 0 0 -1
outer loop
vertex 164.05674830115044 -55.85517804880574 5.6
vertex 164.65648960550396 -55.921180727167325 5.6
vertex 165.04439760034677 -55.96387074439794 5.6
endloop
endfacet
facet normal 0 0 -1
outer loop
vertex 164.05674830115044 -55.85517804880574 5.6
vertex 165.04439760034677 -55.96387074439794 5.6
vertex 165.04439760034685 -55.96387074439943 0
endloop
endfacet
facet normal 0 0 -1
outer loop
vertex 164.05674830115044 -55.85517804880574 5.6
vertex 165.04439760034685 -55.96387074439943 0
vertex 164.05674830114864 -55.85517804880517 0
endloop
endfacet
facet normal -0.0001577549364678147 -0.0014621400167644768 0.9999989186293909
outer loop
vertex 163.06886936486524 -55.74859264860667 5.600000000000001
vertex 163.12086788085392 -55.75420293386932 5.6
vertex 163.61684622967883 -55.80771561528914 5.6
endloop
endfacet
facet normal -0.0001577549364678147 -0.0014621400167644768 0.9999989186293909
outer loop
vertex 163.06886936486524 -55.74859264860667 5.600000000000001
vertex 163.61684622967883 -55.80771561528914 5.6
vertex 164.05674830115044 -55.85517804880574 5.6
endloop
endfacet
facet normal -0.0001577549364678147 -0.0014621400167644768 0.9999989186293909
outer loop
vertex 163.06886936486524 -55.74859264860667 5.600000000000001
vertex 164.05674830115044 -55.85517804880574 5.6
vertex 164.05674830114864 -55.85517804880517 0
endloop
endfacet
facet normal -0.0001577549364678147 -0.0014621400167644768 0.9999989186293909
outer loop
vertex 163.06886936486524 -55.74859264860667 5.600000000000001
vertex 164.05674830114864 -55.85517804880517 0
vertex 163.0688693648659 -55.74859264860795 0
endloop
endfacet
facet normal 0 0 -1
outer loop
vertex 162.08076528772642 -55.64411502892061 5.6
vertex 162.1706455546066 -55.65361855851549 5.6
vertex 162.63613385686253 -55.70283716912289 5.6
endloop
endfacet
facet normal 0 0 -1
outer loop
vertex 162.08076528772642 -55.64411502892061 5.6
vertex 162.63613385686253 -55.70283716912289 5.6
vertex 163.06886936486524 -55.74859264860667 5.600000000000001
endloop
endfacet
facet normal 0 0 -1
outer loop
vertex 162.08076528772642 -55.64411502892061 5.6
vertex 163.06886936486524 -55.74859264860667 5.600000000000001
vertex 163.0688693648659 -55.74859264860795 0
endloop
endfacet
facet normal 0 0 -1
outer loop
vertex 162.08076528772642 -55.64411502892061 5.6
vertex 163.0688693648659 -55.74859264860795 0
vertex 162.08076528772324 -55.64411502891963 0
endloop
endfacet
facet normal -0.00006691441410182105 -0.0006460250143849644 0.9999997890870487
outer loop
vertex 161.09244056696235 -55.54174566525529 5.600000000000001
vertex 161.28435300633072 -55.56162370117498 5.6
vertex 161.7180680476987 -55.606547329879845 5.6
endloop
endfacet
facet normal -0.00006691441410182105 -0.0006460250143849644 0.9999997890870487
outer loop
vertex 161.09244056696235 -55.54174566525529 5.600000000000001
vertex 161.7180680476987 -55.606547329879845 5.6
vertex 162.08076528772642 -55.64411502892061 5.6
endloop
endfacet
facet normal -0.00006691441410182105 -0.0006460250143849644 0.9999997890870487
outer loop
vertex 161.09244056696235 -55.54174566525529 5.600000000000001
vertex 162.08076528772642 -55.64411502892061 5.6
vertex 162.08076528772324 -55.64411502891963 0
endloop
endfacet
facet normal -0.00006691441410182105 -0.0006460250143849644 0.9999997890870487
outer loop
vertex 161.09244056696235 -55.54174566525529 5.600000000000001
vertex 162.08076528772324 -55.64411502891963 0
vertex 161.09244056696718 -55.54174566525853 0
endloop
endfacet
facet normal 0 0 1
outer loop
vertex 160.1038997008345 -55.4414850235457 5.6
vertex 160.46609656014846 -55.47822006484304 5.6
vertex 160.86667504406705 -55.51884788027263 5.6
endloop
endfacet
facet normal 0 0 1
outer loop
vertex 160.1038997008345 -55.4414850235457 5.6
vertex 160.86667504406705 -55.51884788027263 5.6
vertex 161.09244056696235 -55.54174566525529 5.600000000000001
endloop
endfacet
facet normal 0 0 1
outer loop
vertex 160.1038997008345 -55.4414850235457 5.6
vertex 161.09244056696235 -55.54174566525529 5.600000000000001
vertex 161.09244056696718 -55.54174566525853 0
endloop
endfacet
facet normal 0 0 1
outer loop
vertex 160.1038997008345 -55.4414850235457 5.6
vertex 161.09244056696718 -55.54174566525853 0
vertex 160.10389970082974 -55.44148502354571 0
endloop
endfacet
facet normal -0.004001643316500606 -0.04031152204775336 -0.9991791471207557
outer loop
vertex 159.11514718856964 -55.34333356010879 5.600000000000001
vertex 159.375985817861 -55.36922648363449 5.6
vertex 159.72033361609553 -55.40340919357347 5.6
endloop
endfacet
facet normal -0.004001643316500606 -0.04031152204775336 -0.9991791471207557
outer loop
vertex 159.11514718856964 -55.34333356010879 5.600000000000001
vertex 159.72033361609553 -55.40340919357347 5.6
vertex 160.08632525065158 -55.439740443397824 5.6
endloop
endfacet
facet normal -0.004001643316500606 -0.04031152204775336 -0.9991791471207557
outer loop
vertex 159.11514718856964 -55.34333356010879 5.600000000000001
vertex 160.08632525065158 -55.439740443397824 5.6
vertex 160.1038997008345 -55.4414850235457 5.6
endloop
endfacet
facet normal -0.004001643316500606 -0.04031152204775336 -0.9991791471207557
outer loop
vertex 159.11514718856964 -55.34333356010879 5.600000000000001
vertex 160.1038997008345 -55.4414850235457 5.6
vertex 160.10389970082974 -55.44148502354571 0
endloop
endfacet
facet normal -0.004001643316500606 -0.04031152204775336 -0.9991791471207557
outer loop
vertex 159.11514718856964 -55.34333356010879 5.600000000000001
vertex 160.10389970082974 -55.44148502354571 0
vertex 159.11514718857435 -55.34333356010919 0
endloop
endfacet
facet normal 0 0 -1
outer loop
vertex 158.12618753036475 -55.24729172167146 5.6
vertex 158.19509968981936 -55.253984057834586 5.6
vertex 158.45857421530118 -55.27957112561717 5.6
endloop
endfacet
facet normal 0 0 -1
outer loop
vertex 158.12618753036475 -55.24729172167146 5.6
vertex 158.45857421530118 -55.27957112561717 5.6
vertex 158.74417853483567 -55.30730730644741 5.6
endloop
endfacet
facet normal 0 0 -1
outer loop
vertex 158.12618753036475 -55.24729172167146 5.6
vertex 158.74417853483567 -55.30730730644741 5.6
vertex 159.05191132576275 -55.337192471876506 5.6
endloop
endfacet
facet normal 0 0 -1
outer loop
vertex 158.12618753036475 -55.24729172167146 5.6
vertex 159.05191132576275 -55.337192471876506 5.6
vertex 159.11514718856964 -55.34333356010879 5.600000000000001
endloop
endfacet
facet normal 0 0 -1
outer loop
vertex 158.12618753036475 -55.24729172167146 5.6
vertex 159.11514718856964 -55.34333356010879 5.600000000000001
vertex 159.11514718857435 -55.34333356010919 0
endloop
endfacet
facet normal 0 0 -1
outer loop
vertex 158.12618753036475 -55.24729172167146 5.6
vertex 159.11514718857435 -55.34333356010919 0
vertex 158.1261875303619 -55.24729172167093 0
endloop
endfacet
facet normal 0 0 1
outer loop
vertex 157.1370252273633 -55.153359945356925 5.6
vertex 157.18893356936255 -55.158289210003886 5.6
vertex 157.34520757524265 -55.17312913558476 5.6
endloop
endfacet
facet normal 0 0 1
outer loop
vertex 157.1370252273633 -55.153359945356925 5.6
vertex 157.34520757524265 -55.17312913558476 5.6
vertex 157.52411831730282 -55.190118666779256 5.6
endloop
endfacet
facet normal 0 0 1
outer loop
vertex 157.1370252273633 -55.153359945356925 5.6
vertex 157.52411831730282 -55.190118666779256 5.6
vertex 157.7256649668648 -55.20925772489534 5.6
endloop
endfacet
facet normal 0 0 1
outer loop
vertex 157.1370252273633 -55.153359945356925 5.6
vertex 157.7256649668648 -55.20925772489534 5.6
vertex 157.94984659200512 -55.23054622143668 5.6
endloop
endfacet
facet normal 0 0 1
outer loop
vertex 157.1370252273633 -55.153359945356925 5.6
vertex 157.94984659200512 -55.23054622143668 5.6
vertex 158.12618753036475 -55.24729172167146 5.6
endloop
endfacet
facet normal 0 0 1
outer loop
vertex 157.1370252273633 -55.153359945356925 5.6
vertex 158.12618753036475 -55.24729172167146 5.6
vertex 158.1261875303619 -55.24729172167093 0
endloop
endfacet
facet normal 0 0 1
outer loop
vertex 157.1370252273633 -55.153359945356925 5.6
vertex 158.1261875303619 -55.24729172167093 0
vertex 157.13702522736688 -55.15335994535809 0
endloop
endfacet
facet normal -0.00004612070502780059 -0.0004969436057696636 -0.9999998754599588
outer loop
vertex 156.14766478162434 -55.06153865869152 5.600000000000001
vertex 156.71717870786708 -55.11439452300837 5.6
vertex 156.78217544546172 -55.12042678769106 5.6
endloop
endfacet
facet normal -0.00004612070502780059 -0.0004969436057696636 -0.9999998754599588
outer loop
vertex 156.14766478162434 -55.06153865869152 5.600000000000001
vertex 156.78217544546172 -55.12042678769106 5.6
vertex 156.84942036927728 -55.12666770368216 5.6
endloop
endfacet
facet normal -0.00004612070502780059 -0.0004969436057696636 -0.9999998754599588
outer loop
vertex 156.14766478162434 -55.06153865869152 5.600000000000001
vertex 156.84942036927728 -55.12666770368216 5.6
vertex 156.93982928450407 -55.13505844030226 5.6
endloop
endfacet
facet normal -0.00004612070502780059 -0.0004969436057696636 -0.9999998754599588
outer loop
vertex 156.14766478162434 -55.06153865869152 5.600000000000001
vertex 156.93982928450407 -55.13505844030226 5.6
vertex 157.05340177199955 -55.145598958651306 5.6
endloop
endfacet
facet normal -0.00004612070502780059 -0.0004969436057696636 -0.9999998754599588
outer loop
vertex 156.14766478162434 -55.06153865869152 5.600000000000001
vertex 157.05340177199955 -55.145598958651306 5.6
vertex 157.1370252273633 -55.153359945356925 5.6
endloop
endfacet
facet normal -0.00004612070502780059 -0.0004969436057696636 -0.9999998754599588
outer loop
vertex 156.14766478162434 -55.06153865869152 5.600000000000001
vertex 157.1370252273633 -55.153359945356925 5.6
vertex 157.13702522736688 -55.15335994535809 0
endloop
endfacet
facet normal -0.00004612070502780059 -0.0004969436057696636 -0.9999998754599588
outer loop
vertex 156.14766478162434 -55.06153865869152 5.600000000000001
vertex 157.13702522736688 -55.15335994535809 0
vertex 156.14766478161903 -55.061538658687454 0
endloop
endfacet
facet normal 0.09028711348665298 0.9959157781350029 0
outer loop
vertex 155.1581106961041 -54.97182827957541 5.6
vertex 156.14766478162434 -55.06153865869152 5.600000000000001
vertex 156.14766478161903 -55.061538658687454 0
endloop
endfacet
facet normal 0.09028711348665298 0.9959157781350029 0
outer loop
vertex 155.1581106961041 -54.97182827957541 5.6
vertex 156.14766478161903 -55.061538658687454 0
vertex 155.1581106961107 -54.9718282795761 0
endloop
endfacet
facet normal 0.08816222429356914 0.9961061299919856 0
outer loop
vertex 154.16836747466058 -54.88422921632935 5.6
vertex 155.1581106961041 -54.97182827957541 5.6
vertex 155.1581106961107 -54.9718282795761 0
endloop
endfacet
facet normal 0.08816222429356914 0.9961061299919856 0
outer loop
vertex 154.16836747466058 -54.88422921632935 5.6
vertex 155.1581106961107 -54.9718282795761 0
vertex 154.16836747465663 -54.88422921632812 0
endloop
endfacet
facet normal 0.08603693384011991 0.9962919481835587 0
outer loop
vertex 153.17843962198702 -54.79874186764427 5.6
vertex 154.16836747466058 -54.88422921632935 5.6
vertex 154.16836747465663 -54.88422921632812 0
endloop
endfacet
facet normal 0.08603693384011991 0.9962919481835587 0
outer loop
vertex 153.17843962198702 -54.79874186764427 5.6
vertex 154.16836747465663 -54.88422921632812 0
vertex 153.17843962198342 -54.79874186764263 0
endloop
endfacet
facet normal 0.08391125179906565 0.9964732318640144 0
outer loop
vertex 152.18833164363525 -54.71536662260628 5.6
vertex 153.17843962198702 -54.79874186764427 5.6
vertex 153.17843962198342 -54.79874186764263 0
endloop
endfacet
facet normal 0.08391125179906565 0.9964732318640144 0
outer loop
vertex 152.18833164363525 -54.71536662260628 5.6
vertex 153.17843962198342 -54.79874186764263 0
vertex 152.18833164363198 -54.71536662260539 0
endloop
endfacet
facet normal 0.08178518784548316 0.9966499802082369 0
outer loop
vertex 151.19804804596222 -54.63410386069013 5.6
vertex 152.18833164363525 -54.71536662260628 5.6
vertex 152.18833164363198 -54.71536662260539 0
endloop
endfacet
facet normal 0.08178518784548316 0.9966499802082369 0
outer loop
vertex 151.19804804596222 -54.63410386069013 5.6
vertex 152.18833164363198 -54.71536662260539 0
vertex 151.19804804596868 -54.63410386068945 0
endloop
endfacet
facet normal 0.07965875165564286 0.9968221924117986 0
outer loop
vertex 150.20759333614996 -54.55495395175119 5.600000000000001
vertex 151.19804804596222 -54.63410386069013 5.6
vertex 151.19804804596868 -54.63410386068945 0
endloop
endfacet
facet normal 0.07965875165564286 0.9968221924117986 0
outer loop
vertex 150.20759333614996 -54.55495395175119 5.600000000000001
vertex 151.19804804596868 -54.63410386068945 0
vertex 150.2075933361492 -54.55495395175254 0
endloop
endfacet
facet normal 0.07753195290813153 0.9969898676908664 0
outer loop
vertex 149.21697202212695 -54.47791725603794 5.6
vertex 150.20759333614996 -54.55495395175119 5.600000000000001
vertex 150.2075933361492 -54.55495395175254 0
endloop
endfacet
facet normal 0.07753195290813153 0.9969898676908664 0
outer loop
vertex 149.21697202212695 -54.47791725603794 5.6
vertex 150.2075933361492 -54.55495395175254 0
vertex 149.21697202212374 -54.477917256036974 0
endloop
endfacet
facet normal 0.07540480128244553 0.9971530052823163 0
outer loop
vertex 148.2261886126022 -54.40299412416739 5.600000000000001
vertex 149.21697202212695 -54.47791725603794 5.6
vertex 149.21697202212374 -54.477917256036974 0
endloop
endfacet
facet normal 0.07540480128244553 0.9971530052823163 0
outer loop
vertex 148.2261886126022 -54.40299412416739 5.600000000000001
vertex 149.21697202212374 -54.477917256036974 0
vertex 148.2261886126017 -54.40299412416735 0
endloop
endfacet
facet normal 0.07327730646034071 0.9973116044436249 0
outer loop
vertex 147.23524761700364 -54.330184897147625 5.6
vertex 148.2261886126022 -54.40299412416739 5.600000000000001
vertex 148.2261886126017 -54.40299412416735 0
endloop
endfacet
facet normal 0.07327730646034071 0.9973116044436249 0
outer loop
vertex 147.23524761700364 -54.330184897147625 5.6
vertex 148.2261886126017 -54.40299412416735 0
vertex 147.23524761700708 -54.330184897146665 0
endloop
endfacet
facet normal 0.07114947812475236 0.9974656644529554 0
outer loop
vertex 146.24415354550487 -54.25948990635884 5.600000000000001
vertex 147.23524761700364 -54.330184897147625 5.6
vertex 147.23524761700708 -54.330184897146665 0
endloop
endfacet
facet normal 0.07114947812475236 0.9974656644529554 0
outer loop
vertex 146.24415354550487 -54.25948990635884 5.600000000000001
vertex 147.23524761700708 -54.330184897146665 0
vertex 146.24415354550624 -54.25948990635871 0
endloop
endfacet
facet normal 0.06902132596030695 0.9976151846091164 0
outer loop
vertex 145.2529109089561 -54.19090947356404 5.600000000000001
vertex 146.24415354550487 -54.25948990635884 5.600000000000001
vertex 146.24415354550624 -54.25948990635871 0
endloop
endfacet
facet normal 0.06902132596030695 0.9976151846091164 0
outer loop
vertex 145.2529109089561 -54.19090947356404 5.600000000000001
vertex 146.24415354550624 -54.25948990635871 0
vertex 145.25291090895846 -54.19090947356415 0
endloop
endfacet
facet normal 0.0668928596530094 0.9977601642315868 0
outer loop
vertex 144.26152421887684 -54.124443910899515 5.600000000000001
vertex 145.2529109089561 -54.19090947356404 5.600000000000001
vertex 145.25291090895846 -54.19090947356415 0
endloop
endfacet
facet normal 0.0668928596530094 0.9977601642315868 0
outer loop
vertex 144.26152421887684 -54.124443910899515 5.600000000000001
vertex 145.25291090895846 -54.19090947356415 0
vertex 144.26152421887758 -54.12444391089808 0
endloop
endfacet
facet normal 0.0647640888903851 0.9979006026605046 0
outer loop
vertex 143.26999798745814 -54.060093520870296 5.6
vertex 144.26152421887684 -54.124443910899515 5.600000000000001
vertex 144.26152421887758 -54.12444391089808 0
endloop
endfacet
facet normal 0.0647640888903851 0.9979006026605046 0
outer loop
vertex 143.26999798745814 -54.060093520870296 5.6
vertex 144.26152421887758 -54.12444391089808 0
vertex 143.2699979874618 -54.0600935208719 0
endloop
endfacet
facet normal 0.06263502336125272 0.9980364992566831 0
outer loop
vertex 142.27833672753115 -53.99785859636696 5.6
vertex 143.26999798745814 -54.060093520870296 5.6
vertex 143.2699979874618 -54.0600935208719 0
endloop
endfacet
facet normal 0.06263502336125272 0.9980364992566831 0
outer loop
vertex 142.27833672753115 -53.99785859636696 5.6
vertex 143.2699979874618 -54.0600935208719 0
vertex 142.27833672752843 -53.997858596368985 0
endloop
endfacet
facet normal 0.0605056727559088 0.9981678534015984 0
outer loop
vertex 141.28654495250328 -53.93773942064289 5.6
vertex 142.27833672753115 -53.99785859636696 5.6
vertex 142.27833672752843 -53.997858596368985 0
endloop
endfacet
facet normal 0.0605056727559088 0.9981678534015984 0
outer loop
vertex 141.28654495250328 -53.93773942064289 5.6
vertex 142.27833672752843 -53.997858596368985 0
vertex 141.2865449525059 -53.937739420644164 0
endloop
endfacet
facet normal 0.05837604676563046 0.9982946644974204 0
outer loop
vertex 140.29462717643955 -53.87973626732516 5.600000000000001
vertex 141.28654495250328 -53.93773942064289 5.6
vertex 141.2865449525059 -53.937739420644164 0
endloop
endfacet
facet normal 0.05837604676563046 0.9982946644974204 0
outer loop
vertex 140.29462717643955 -53.87973626732516 5.600000000000001
vertex 141.2865449525059 -53.937739420644164 0
vertex 140.29462717643838 -53.879736267324176 0
endloop
endfacet
facet normal 0.056246155083471194 0.9984169319669645 0
outer loop
vertex 139.30258791391321 -53.823849400402665 5.6
vertex 140.29462717643955 -53.87973626732516 5.600000000000001
vertex 140.29462717643838 -53.879736267324176 0
endloop
endfacet
facet normal 0.056246155083471194 0.9984169319669645 0
outer loop
vertex 139.30258791391321 -53.823849400402665 5.6
vertex 140.29462717643838 -53.879736267324176 0
vertex 139.30258791391046 -53.82384940040265 0
endloop
endfacet
facet normal 0.054116007403123945 0.99853465525376 0
outer loop
vertex 138.31043168009532 -53.77007907424416 5.600000000000001
vertex 139.30258791391321 -53.823849400402665 5.6
vertex 139.30258791391046 -53.82384940040265 0
endloop
endfacet
facet normal 0.054116007403123945 0.99853465525376 0
outer loop
vertex 138.31043168009532 -53.77007907424416 5.600000000000001
vertex 139.30258791391046 -53.82384940040265 0
vertex 138.31043168009498 -53.77007907424348 0
endloop
endfacet
facet normal 0.05198561341987329 0.9986478338219933 0
outer loop
vertex 137.31816299066426 -53.718425533575 5.6
vertex 138.31043168009532 -53.77007907424416 5.600000000000001
vertex 138.31043168009498 -53.77007907424348 0
endloop
endfacet
facet normal 0.05198561341987329 0.9986478338219933 0
outer loop
vertex 137.31816299066426 -53.718425533575 5.6
vertex 138.31043168009498 -53.77007907424348 0
vertex 137.3181629906657 -53.7184255335755 0
endloop
endfacet
facet normal 0.04985498283001277 0.9987564671565432 0
outer loop
vertex 136.32578636182535 -53.66888901349439 5.6
vertex 137.31816299066426 -53.718425533575 5.6
vertex 137.3181629906657 -53.7184255335755 0
endloop
endfacet
facet normal 0.04985498283001277 0.9987564671565432 0
outer loop
vertex 136.32578636182535 -53.66888901349439 5.6
vertex 137.3181629906657 -53.7184255335755 0
vertex 136.32578636182808 -53.66888901349424 0
endloop
endfacet
facet normal 0.047724125330688594 0.9988605547629863 0
outer loop
vertex 135.33330631027417 -53.621469739463215 5.6
vertex 136.32578636182535 -53.66888901349439 5.6
vertex 136.32578636182808 -53.66888901349424 0
endloop
endfacet
facet normal 0.047724125330688594 0.9988605547629863 0
outer loop
vertex 135.33330631027417 -53.621469739463215 5.6
vertex 136.32578636182808 -53.66888901349424 0
vertex 135.33330631027283 -53.621469739459684 0
endloop
endfacet
facet normal 0.045593050620325926 0.998960096167576 0
outer loop
vertex 134.3407273531664 -53.57616792729663 5.600000000000001
vertex 135.33330631027417 -53.621469739463215 5.6
vertex 135.33330631027283 -53.621469739459684 0
endloop
endfacet
facet normal 0.045593050620325926 0.998960096167576 0
outer loop
vertex 134.3407273531664 -53.57616792729663 5.600000000000001
vertex 135.33330631027283 -53.621469739459684 0
vertex 134.34072735316525 -53.57616792729553 0
endloop
endfacet
facet normal 0.04346176839840155 0.9990550909172545 0
outer loop
vertex 133.34805400810612 -53.53298378318683 5.6
vertex 134.3407273531664 -53.57616792729663 5.600000000000001
vertex 134.34072735316525 -53.57616792729553 0
endloop
endfacet
facet normal 0.04346176839840155 0.9990550909172545 0
outer loop
vertex 133.34805400810612 -53.53298378318683 5.6
vertex 134.34072735316525 -53.57616792729553 0
vertex 133.3480540081079 -53.532983783187376 0
endloop
endfacet
facet normal 0.04133028836503172 0.9991455385796724 0
outer loop
vertex 132.3552907931546 -53.491917503682984 5.600000000000001
vertex 133.34805400810612 -53.53298378318683 5.6
vertex 133.3480540081079 -53.532983783187376 0
endloop
endfacet
facet normal 0.04133028836503172 0.9991455385796724 0
outer loop
vertex 132.3552907931546 -53.491917503682984 5.600000000000001
vertex 133.3480540081079 -53.532983783187376 0
vertex 132.35529079315265 -53.49191750368357 0
endloop
endfacet
facet normal 0.039198620221498004 0.9992314387431627 0
outer loop
vertex 131.36244222674418 -53.45296927569149 5.600000000000001
vertex 132.3552907931546 -53.491917503682984 5.600000000000001
vertex 132.35529079315265 -53.49191750368357 0
endloop
endfacet
facet normal 0.039198620221498004 0.9992314387431627 0
outer loop
vertex 131.36244222674418 -53.45296927569149 5.600000000000001
vertex 132.35529079315265 -53.49191750368357 0
vertex 131.3624422267425 -53.45296927569234 0
endloop
endfacet
facet normal 0.037066773669934605 0.9993127910167576 0
outer loop
vertex 130.36951282772034 -53.416139276483534 5.6
vertex 131.36244222674418 -53.45296927569149 5.600000000000001
vertex 131.3624422267425 -53.45296927569234 0
endloop
endfacet
facet normal 0.037066773669934605 0.9993127910167576 0
outer loop
vertex 130.36951282772034 -53.416139276483534 5.6
vertex 131.3624422267425 -53.45296927569234 0
vertex 130.3695128277207 -53.41613927648227 0
endloop
endfacet
facet normal 0.0349347584129589 0.9993895950302005 0
outer loop
vertex 129.37650711529608 -53.38142767367904 5.6
vertex 130.36951282772034 -53.416139276483534 5.6
vertex 130.3695128277207 -53.41613927648227 0
endloop
endfacet
facet normal 0.0349347584129589 0.9993895950302005 0
outer loop
vertex 129.37650711529608 -53.38142767367904 5.6
vertex 130.3695128277207 -53.41613927648227 0
vertex 129.37650711529702 -53.38142767368117 0
endloop
endfacet
facet normal 0.032802584154524084 0.999461850433915 0
outer loop
vertex 128.38342960901713 -53.34883462527364 5.6
vertex 129.37650711529608 -53.38142767367904 5.6
vertex 129.37650711529702 -53.38142767368117 0
endloop
endfacet
facet normal 0.032802584154524084 0.999461850433915 0
outer loop
vertex 128.38342960901713 -53.34883462527364 5.6
vertex 129.37650711529702 -53.38142767368117 0
vertex 128.38342960901844 -53.34883462527465 0
endloop
endfacet
facet normal 0.030670260598583354 0.999529556899052 0
outer loop
vertex 127.39028482876353 -53.31836027960529 5.600000000000001
vertex 128.38342960901713 -53.34883462527364 5.6
vertex 128.38342960901844 -53.34883462527465 0
endloop
endfacet
facet normal 0.030670260598583354 0.999529556899052 0
outer loop
vertex 127.39028482876353 -53.31836027960529 5.600000000000001
vertex 128.38342960901844 -53.34883462527465 0
vertex 127.39028482876436 -53.31836027960645 0
endloop
endfacet
facet normal 0.02853779745058205 0.9995927141174398 0
outer loop
vertex 126.39707729472822 -53.2900047753771 5.6
vertex 127.39028482876353 -53.31836027960529 5.600000000000001
vertex 127.39028482876436 -53.31836027960645 0
endloop
endfacet
facet normal 0.02853779745058205 0.9995927141174398 0
outer loop
vertex 126.39707729472822 -53.2900047753771 5.6
vertex 127.39028482876436 -53.31836027960645 0
vertex 126.39707729472737 -53.290004775377156 0
endloop
endfacet
facet normal 0.026405204415880238 0.9996513218016349 0
outer loop
vertex 125.40381152738445 -53.26376824164447 5.600000000000001
vertex 126.39707729472822 -53.2900047753771 5.6
vertex 126.39707729472737 -53.290004775377156 0
endloop
endfacet
facet normal 0.026405204415880238 0.9996513218016349 0
outer loop
vertex 125.40381152738445 -53.26376824164447 5.600000000000001
vertex 126.39707729472737 -53.290004775377156 0
vertex 125.40381152738307 -53.26376824164382 0
endloop
endfacet
facet normal 0.02427249120091801 0.9997053796848857 0
outer loop
vertex 124.41049204746666 -53.23965079781879 5.600000000000001
vertex 125.40381152738445 -53.26376824164447 5.600000000000001
vertex 125.40381152738307 -53.26376824164382 0
endloop
endfacet
facet normal 0.02427249120091801 0.9997053796848857 0
outer loop
vertex 124.41049204746666 -53.23965079781879 5.600000000000001
vertex 125.40381152738307 -53.26376824164382 0
vertex 124.41049204746699 -53.23965079781895 0
endloop
endfacet
facet normal 0.02213966751239127 0.9997548875211567 0
outer loop
vertex 123.41712337595712 -53.217652553669055 5.6
vertex 124.41049204746666 -53.23965079781879 5.600000000000001
vertex 124.41049204746699 -53.23965079781895 0
endloop
endfacet
facet normal 0.02213966751239127 0.9997548875211567 0
outer loop
vertex 123.41712337595712 -53.217652553669055 5.6
vertex 124.41049204746699 -53.23965079781895 0
vertex 123.41712337595548 -53.21765255367029 0
endloop
endfacet
facet normal 0.0200067430576496 0.9997998450851178 0
outer loop
vertex 122.42371003406274 -53.19777360932257 5.600000000000001
vertex 123.41712337595712 -53.217652553669055 5.6
vertex 123.41712337595548 -53.21765255367029 0
endloop
endfacet
facet normal 0.0200067430576496 0.9997998450851178 0
outer loop
vertex 122.42371003406274 -53.19777360932257 5.600000000000001
vertex 123.41712337595548 -53.21765255367029 0
vertex 122.42371003406251 -53.197773609320606 0
endloop
endfacet
facet normal 0.017873727544497342 0.9998402521721483 0
outer loop
vertex 121.43025654318436 -53.18001405524637 5.6
vertex 122.42371003406274 -53.19777360932257 5.600000000000001
vertex 122.42371003406251 -53.197773609320606 0
endloop
endfacet
facet normal 0.017873727544497342 0.9998402521721483 0
outer loop
vertex 121.43025654318436 -53.18001405524637 5.6
vertex 122.42371003406251 -53.197773609320606 0
vertex 121.43025654318673 -53.180014055246374 0
endloop
endfacet
facet normal 0.01574063068105147 0.9998761085983416 0
outer loop
vertex 120.43676742493716 -53.16437397227789 5.6
vertex 121.43025654318436 -53.18001405524637 5.6
vertex 121.43025654318673 -53.180014055246374 0
endloop
endfacet
facet normal 0.01574063068105147 0.9998761085983416 0
outer loop
vertex 120.43676742493716 -53.16437397227789 5.6
vertex 121.43025654318673 -53.180014055246374 0
vertex 120.43676742493778 -53.16437397227857 0
endloop
endfacet
facet normal 0.013607462175826868 0.9999074142005017 0
outer loop
vertex 119.44324720105699 -53.1508534316014 5.600000000000001
vertex 120.43676742493716 -53.16437397227789 5.6
vertex 120.43676742493778 -53.16437397227857 0
endloop
endfacet
facet normal 0.013607462175826868 0.9999074142005017 0
outer loop
vertex 119.44324720105699 -53.1508534316014 5.600000000000001
vertex 120.43676742493778 -53.16437397227857 0
vertex 119.44324720105827 -53.15085343160115 0
endloop
endfacet
facet normal 0.011474231737878426 0.9999341688361417 0
outer loop
vertex 118.44970039343966 -53.139452494750465 5.600000000000001
vertex 119.44324720105699 -53.1508534316014 5.600000000000001
vertex 119.44324720105827 -53.15085343160115 0
endloop
endfacet
facet normal 0.011474231737878426 0.9999341688361417 0
outer loop
vertex 118.44970039343966 -53.139452494750465 5.600000000000001
vertex 119.44324720105827 -53.15085343160115 0
vertex 118.44970039343781 -53.139452494751126 0
endloop
endfacet
facet normal 0.009340949076204197 0.9999563723834934 0
outer loop
vertex 117.45613152410506 -53.13017121361797 5.6
vertex 118.44970039343966 -53.139452494750465 5.600000000000001
vertex 118.44970039343781 -53.139452494751126 0
endloop
endfacet
facet normal 0.009340949076204197 0.9999563723834934 0
outer loop
vertex 117.45613152410506 -53.13017121361797 5.6
vertex 118.44970039343781 -53.139452494751126 0
vertex 117.4561315241081 -53.13017121361884 0
endloop
endfacet
facet normal 0.007207623900185922 0.9999740247414997 0
outer loop
vertex 116.46254511517913 -53.123009630448145 5.6
vertex 117.45613152410506 -53.13017121361797 5.6
vertex 117.4561315241081 -53.13017121361884 0
endloop
endfacet
facet normal 0.007207623900185922 0.9999740247414997 0
outer loop
vertex 116.46254511517913 -53.123009630448145 5.6
vertex 117.4561315241081 -53.13017121361884 0
vertex 116.46254511517792 -53.12300963044697 0
endloop
endfacet
facet normal 0.005074265919603249 0.9999871258298165 0
outer loop
vertex 115.46894568884784 -53.11796777782994 5.600000000000003
vertex 116.46254511517913 -53.123009630448145 5.6
vertex 116.46254511517792 -53.12300963044697 0
endloop
endfacet
facet normal 0.005074265919603249 0.9999871258298165 0
outer loop
vertex 115.46894568884784 -53.11796777782994 5.600000000000003
vertex 116.46254511517792 -53.12300963044697 0
vertex 115.46894568884784 -53.11796777782994 0
endloop
endfacet
facet normal 0.0029408848439942408 0.999995675588817 0
outer loop
vertex 114.47533776737178 -53.11504567871626 5.6
vertex 115.46894568884784 -53.11796777782994 5.600000000000003
vertex 115.46894568884784 -53.11796777782994 0
endloop
endfacet
facet normal 0.0029408848439942408 0.999995675588817 0
outer loop
vertex 114.47533776737178 -53.11504567871626 5.6
vertex 115.46894568884784 -53.11796777782994 0
vertex 114.47533776737178 -53.11504567871626 0
endloop
endfacet
facet normal 0.000807490383223808 0.9999996739795874 0
outer loop
vertex 113.48172587304789 -53.11424334640498 5.600000000000001
vertex 114.47533776737178 -53.11504567871626 5.6
vertex 114.47533776737178 -53.11504567871626 0
endloop
endfacet
facet normal 0.000807490383223808 0.9999996739795874 0
outer loop
vertex 113.48172587304789 -53.11424334640498 5.600000000000001
vertex 114.47533776737178 -53.11504567871626 0
vertex 113.4817258730435 -53.11424334640611 0
endloop
endfacet
facet normal -0.0013259077526868168 0.9999991209839293 0
outer loop
vertex 112.48811452818312 -53.11556078454941 5.6
vertex 113.48172587304789 -53.11424334640498 5.600000000000001
vertex 113.4817258730435 -53.11424334640611 0
endloop
endfacet
facet normal -0.0013259077526868168 0.9999991209839293 0
outer loop
vertex 112.48811452818312 -53.11556078454941 5.6
vertex 113.4817258730435 -53.11424334640611 0
vertex 112.48811452818312 -53.11556078454941 0
endloop
endfacet
facet normal -0.0034592998538585107 0.99999401660436 0
outer loop
vertex 111.49450825509432 -53.118997987152454 5.6
vertex 112.48811452818312 -53.11556078454941 5.6
vertex 112.48811452818312 -53.11556078454941 0
endloop
endfacet
facet normal -0.0034592998538585107 0.99999401660436 0
outer loop
vertex 111.49450825509432 -53.118997987152454 5.6
vertex 112.48811452818312 -53.11556078454941 0
vertex 111.49450825509432 -53.118997987152454 0
endloop
endfacet
facet normal -0.005592676210454783 0.9999843608641112 0
outer loop
vertex 110.50091157606516 -53.124554938564664 5.6
vertex 111.49450825509432 -53.118997987152454 5.6
vertex 111.49450825509432 -53.118997987152454 0
endloop
endfacet
facet normal -0.005592676210454783 0.9999843608641112 0
outer loop
vertex 110.50091157606516 -53.124554938564664 5.6
vertex 111.49450825509432 -53.118997987152454 0
vertex 110.50091157606253 -53.12455493856643 0
endloop
endfacet
facet normal -0.007726027112610721 0.99997015380713 0
outer loop
vertex 109.5073290133412 -53.13223161350409 5.6
vertex 110.50091157606516 -53.124554938564664 5.6
vertex 110.50091157606253 -53.12455493856643 0
endloop
endfacet
facet normal -0.007726027112610721 0.99997015380713 0
outer loop
vertex 109.5073290133412 -53.13223161350409 5.6
vertex 110.50091157606253 -53.12455493856643 0
vertex 109.50732901334435 -53.13223161350413 0
endloop
endfacet
facet normal -0.009859342850560893 0.9999513954980788 0
outer loop
vertex 108.51376508911409 -53.14202797702389 5.6
vertex 109.5073290133412 -53.13223161350409 5.6
vertex 109.50732901334435 -53.13223161350413 0
endloop
endfacet
facet normal -0.009859342850560893 0.9999513954980788 0
outer loop
vertex 108.51376508911409 -53.14202797702389 5.6
vertex 109.50732901334435 -53.13223161350413 0
vertex 108.51376508911379 -53.14202797702444 0
endloop
endfacet
facet normal -0.01199261371490934 0.9999280860223324 0
outer loop
vertex 107.52022432544754 -53.15394398454 5.6
vertex 108.51376508911409 -53.14202797702389 5.6
vertex 108.51376508911379 -53.14202797702444 0
endloop
endfacet
facet normal -0.01199261371490934 0.9999280860223324 0
outer loop
vertex 107.52022432544754 -53.15394398454 5.6
vertex 108.51376508911379 -53.14202797702444 0
vertex 107.52022432544247 -53.15394398454066 0
endloop
endfacet
facet normal -0.014125829996174845 0.9999002254859828 0
outer loop
vertex 106.52671124437119 -53.167979581817555 5.6
vertex 107.52022432544754 -53.15394398454 5.6
vertex 107.52022432544247 -53.15394398454066 0
endloop
endfacet
facet normal -0.014125829996174845 0.9999002254859828 0
outer loop
vertex 106.52671124437119 -53.167979581817555 5.6
vertex 107.52022432544247 -53.15394398454066 0
vertex 106.52671124436931 -53.167979581817775 0
endloop
endfacet
facet normal -0.016258981985259883 0.9998678140158344 0
outer loop
vertex 105.5332303677058 -53.18413470497539 5.6
vertex 106.52671124437119 -53.167979581817555 5.6
vertex 106.52671124436931 -53.167979581817775 0
endloop
endfacet
facet normal -0.016258981985259883 0.9998678140158344 0
outer loop
vertex 105.5332303677058 -53.18413470497539 5.6
vertex 106.52671124436931 -53.167979581817775 0
vertex 105.5332303677077 -53.184134704974966 0
endloop
endfacet
facet normal -0.018392059973493247 0.9998308517594021 0
outer loop
vertex 104.53978621720552 -53.20240928048474 5.6
vertex 105.5332303677058 -53.18413470497539 5.6
vertex 105.5332303677077 -53.184134704974966 0
endloop
endfacet
facet normal -0.018392059973493247 0.9998308517594021 0
outer loop
vertex 104.53978621720552 -53.20240928048474 5.6
vertex 105.5332303677077 -53.184134704974966 0
vertex 104.53978621720846 -53.20240928048358 0
endloop
endfacet
facet normal -0.02052505425231743 0.9997893388849171 0
outer loop
vertex 103.54638331439412 -53.22280322516831 5.6
vertex 104.53978621720552 -53.20240928048474 5.6
vertex 104.53978621720846 -53.20240928048358 0
endloop
endfacet
facet normal -0.02052505425231743 0.9997893388849171 0
outer loop
vertex 103.54638331439412 -53.22280322516831 5.6
vertex 104.53978621720846 -53.20240928048358 0
vertex 103.5463833143916 -53.222803225169415 0
endloop
endfacet
facet normal -0.022657955113572832 0.9997432755813221 0
outer loop
vertex 102.55302618065697 -53.245316446211206 5.600000000000001
vertex 103.54638331439412 -53.22280322516831 5.6
vertex 103.5463833143916 -53.222803225169415 0
endloop
endfacet
facet normal -0.022657955113572832 0.9997432755813221 0
outer loop
vertex 102.55302618065697 -53.245316446211206 5.600000000000001
vertex 103.5463833143916 -53.222803225169415 0
vertex 102.55302618065724 -53.24531644621089 0
endloop
endfacet
facet normal -0.024790752849810357 0.9996926620582647 0
outer loop
vertex 101.55971933712293 -53.26994884114264 5.600000000000001
vertex 102.55302618065697 -53.245316446211206 5.600000000000001
vertex 102.55302618065724 -53.24531644621089 0
endloop
endfacet
facet normal -0.024790752849810357 0.9996926620582647 0
outer loop
vertex 101.55971933712293 -53.26994884114264 5.600000000000001
vertex 102.55302618065724 -53.24531644621089 0
vertex 101.55971933712155 -53.26994884114258 0
endloop
endfacet
facet normal -0.02692343775359518 0.9996374985461123 0
outer loop
vertex 100.56646730473317 -53.29670029785124 5.600000000000001
vertex 101.55971933712293 -53.26994884114264 5.600000000000001
vertex 101.55971933712155 -53.26994884114258 0
endloop
endfacet
facet normal -0.02692343775359518 0.9996374985461123 0
outer loop
vertex 100.56646730473317 -53.29670029785124 5.600000000000001
vertex 101.55971933712155 -53.26994884114258 0
vertex 100.56646730473695 -53.296700297852055 0
endloop
endfacet
facet normal -0.02905600011845877 0.99957778529593 0
outer loop
vertex 99.57327460416097 -53.325570694583305 5.600000000000001
vertex 100.56646730473317 -53.29670029785124 5.600000000000001
vertex 100.56646730473695 -53.296700297852055 0
endloop
endfacet
facet normal -0.02905600011845877 0.99957778529593 0
outer loop
vertex 99.57327460416097 -53.325570694583305 5.600000000000001
vertex 100.56646730473695 -53.296700297852055 0
vertex 99.57327460415625 -53.3255706945838 0
endloop
endfacet
facet normal -0.031188430238188396 0.9995135225794984 0
outer loop
vertex 98.58014575580057 -53.35655989993775 5.6
vertex 99.57327460416097 -53.325570694583305 5.600000000000001
vertex 99.57327460415625 -53.3255706945838 0
endloop
endfacet
facet normal -0.031188430238188396 0.9995135225794984 0
outer loop
vertex 98.58014575580057 -53.35655989993775 5.6
vertex 99.57327460415625 -53.3255706945838 0
vertex 98.58014575580125 -53.35655989993694 0
endloop
endfacet
facet normal -0.03332071840713979 0.9994447106893067 0
outer loop
vertex 97.5870852797791 -53.389667772867526 5.6
vertex 98.58014575580057 -53.35655989993775 5.6
vertex 98.58014575580125 -53.35655989993694 0
endloop
endfacet
facet normal -0.03332071840713979 0.9994447106893067 0
outer loop
vertex 97.5870852797791 -53.389667772867526 5.6
vertex 98.58014575580125 -53.35655989993694 0
vertex 97.58708527978042 -53.389667772867625 0
endloop
endfacet
facet normal -0.03545285492083395 0.9993713499385313 0
outer loop
vertex 96.59409769590131 -53.42489416268867 5.6
vertex 97.5870852797791 -53.389667772867526 5.6
vertex 97.58708527978042 -53.389667772867625 0
endloop
endfacet
facet normal -0.03545285492083395 0.9993713499385313 0
outer loop
vertex 96.59409769590131 -53.42489416268867 5.6
vertex 97.58708527978042 -53.389667772867625 0
vertex 96.59409769590118 -53.42489416268921 0
endloop
endfacet
facet normal -0.03758483007455027 0.9992934406610838 0
outer loop
vertex 95.60118752363466 -53.46223890907254 5.6
vertex 96.59409769590131 -53.42489416268867 5.6
vertex 96.59409769590118 -53.42489416268921 0
endloop
endfacet
facet normal -0.03758483007455027 0.9992934406610838 0
outer loop
vertex 95.60118752363466 -53.46223890907254 5.6
vertex 96.59409769590118 -53.42489416268921 0
vertex 95.60118752363444 -53.462238909072454 0
endloop
endfacet
facet normal -0.03971663416530192 0.9992109832115436 0
outer loop
vertex 94.60835928208488 -53.50170184204848 5.6
vertex 95.60118752363466 -53.46223890907254 5.6
vertex 95.60118752363444 -53.462238909072454 0
endloop
endfacet
facet normal -0.03971663416530192 0.9992109832115436 0
outer loop
vertex 94.60835928208488 -53.50170184204848 5.6
vertex 95.60118752363444 -53.462238909072454 0
vertex 94.60835928208526 -53.501701842047694 0
endloop
endfacet
facet normal -0.04184825749027255 0.9991239779652112 0
outer loop
vertex 93.61561749002033 -53.54328278200338 5.6
vertex 94.60835928208488 -53.50170184204848 5.6
vertex 94.60835928208526 -53.501701842047694 0
endloop
endfacet
facet normal -0.04184825749027255 0.9991239779652112 0
outer loop
vertex 93.61561749002033 -53.54328278200338 5.6
vertex 94.60835928208526 -53.501701842047694 0
vertex 93.61561749001855 -53.54328278200309 0
endloop
endfacet
facet normal -0.04397969034741323 0.9990324253180904 0
outer loop
vertex 92.62296666578077 -53.586981539687116 5.600000000000001
vertex 93.61561749002033 -53.54328278200338 5.6
vertex 93.61561749001855 -53.54328278200309 0
endloop
endfacet
facet normal -0.04397969034741323 0.9990324253180904 0
outer loop
vertex 92.62296666578077 -53.586981539687116 5.600000000000001
vertex 93.61561749001855 -53.54328278200309 0
vertex 92.62296666578402 -53.586981539687585 0
endloop
endfacet
facet normal -0.046110923036110314 0.9989363256868568 0
outer loop
vertex 91.63041132731522 -53.632797916210954 5.6
vertex 92.62296666578077 -53.586981539687116 5.600000000000001
vertex 92.62296666578402 -53.586981539687585 0
endloop
endfacet
facet normal -0.046110923036110314 0.9989363256868568 0
outer loop
vertex 91.63041132731522 -53.632797916210954 5.6
vertex 92.62296666578402 -53.586981539687585 0
vertex 91.6304113273177 -53.6327979162115 0
endloop
endfacet
facet normal -0.04824194585603436 0.9988356795089088 0
outer loop
vertex 90.63795599210914 -53.680731703046 5.600000000000001
vertex 91.63041132731522 -53.632797916210954 5.6
vertex 91.6304113273177 -53.6327979162115 0
endloop
endfacet
facet normal -0.04824194585603436 0.9988356795089088 0
outer loop
vertex 90.63795599210914 -53.680731703046 5.600000000000001
vertex 91.6304113273177 -53.6327979162115 0
vertex 90.63795599211093 -53.6807317030473 0
endloop
endfacet
facet normal -0.050372749108049675 0.9987304872423279 0
outer loop
vertex 89.64560517724139 -53.730782682027986 5.600000000000001
vertex 90.63795599210914 -53.680731703046 5.600000000000001
vertex 90.63795599211093 -53.6807317030473 0
endloop
endfacet
facet normal -0.050372749108049675 0.9987304872423279 0
outer loop
vertex 89.64560517724139 -53.730782682027986 5.600000000000001
vertex 90.63795599211093 -53.6807317030473 0
vertex 89.645605177246 -53.73078268202801 0
endloop
endfacet
facet normal -0.05250332309429948 0.9986207493658719 0
outer loop
vertex 88.6533633992563 -53.782950625355674 5.6
vertex 89.64560517724139 -53.730782682027986 5.600000000000001
vertex 89.645605177246 -53.73078268202801 0
endloop
endfacet
facet normal -0.05250332309429948 0.9986207493658719 0
outer loop
vertex 88.6533633992563 -53.782950625355674 5.6
vertex 89.645605177246 -53.73078268202801 0
vertex 88.6533633992501 -53.782950625354715 0
endloop
endfacet
facet normal -0.05463365811749552 0.9985064663790117 0
outer loop
vertex 87.66123517424663 -53.83723529558809 5.6
vertex 88.6533633992563 -53.782950625355674 5.6
vertex 88.6533633992501 -53.782950625354715 0
endloop
endfacet
facet normal -0.05463365811749552 0.9985064663790117 0
outer loop
vertex 87.66123517424663 -53.83723529558809 5.6
vertex 88.6533633992501 -53.782950625354715 0
vertex 87.66123517425127 -53.837235295588115 0
endloop
endfacet
facet normal -0.056763744481727926 0.99838763880189 0
outer loop
vertex 86.66922501777282 -53.89363644565917 5.6
vertex 87.66123517424663 -53.83723529558809 5.6
vertex 87.66123517425127 -53.837235295588115 0
endloop
endfacet
facet normal -0.056763744481727926 0.99838763880189 0
outer loop
vertex 86.66922501777282 -53.89363644565917 5.6
vertex 87.66123517425127 -53.837235295588115 0
vertex 86.66922501776489 -53.89363644566009 0
endloop
endfacet
facet normal -0.058893572492081624 0.9982642671753407 0
outer loop
vertex 85.67733744484407 -53.95215381886564 5.6
vertex 86.66922501777282 -53.89363644565917 5.6
vertex 86.66922501776489 -53.89363644566009 0
endloop
endfacet
facet normal -0.058893572492081624 0.9982642671753407 0
outer loop
vertex 85.67733744484407 -53.95215381886564 5.6
vertex 86.66922501776489 -53.89363644566009 0
vertex 85.67733744484852 -53.95215381886513 0
endloop
endfacet
facet normal -0.06102313245506252 0.9981363520608655 0
outer loop
vertex 84.68557696995055 -54.01278714886827 5.6
vertex 85.67733744484407 -53.95215381886564 5.6
vertex 85.67733744484852 -53.95215381886513 0
endloop
endfacet
facet normal -0.06102313245506252 0.9981363520608655 0
outer loop
vertex 84.68557696995055 -54.01278714886827 5.6
vertex 85.67733744484852 -53.95215381886513 0
vertex 84.6855769699469 -54.012787148869236 0
endloop
endfacet
facet normal -0.06315241467792988 0.998003894040673 0
outer loop
vertex 83.69394810695076 -54.07553615970651 5.6
vertex 84.68557696995055 -54.01278714886827 5.6
vertex 84.6855769699469 -54.012787148869236 0
endloop
endfacet
facet normal -0.06315241467792988 0.998003894040673 0
outer loop
vertex 83.69394810695076 -54.07553615970651 5.6
vertex 84.6855769699469 -54.012787148869236 0
vertex 83.69394810695272 -54.07553615970613 0
endloop
endfacet
facet normal -0.06528140946983284 0.9978668937176101 0
outer loop
vertex 82.70245536915581 -54.140400565781 5.6
vertex 83.69394810695076 -54.07553615970651 5.6
vertex 83.69394810695272 -54.07553615970613 0
endloop
endfacet
facet normal -0.06528140946983284 0.9978668937176101 0
outer loop
vertex 82.70245536915581 -54.140400565781 5.6
vertex 83.69394810695272 -54.07553615970613 0
vertex 82.70245536915822 -54.14040056578057 0
endloop
endfacet
facet normal -0.06741010714060282 0.9977253517152367 0
outer loop
vertex 81.7111032692156 -54.20738007186897 5.600000000000001
vertex 82.70245536915581 -54.140400565781 5.6
vertex 82.70245536915822 -54.14040056578057 0
endloop
endfacet
facet normal -0.06741010714060282 0.9977253517152367 0
outer loop
vertex 81.7111032692156 -54.20738007186897 5.600000000000001
vertex 82.70245536915822 -54.14040056578057 0
vertex 81.71110326921414 -54.207380071870475 0
endloop
endfacet
facet normal -0.06953849800191848 0.9975792686777514 0
outer loop
vertex 80.71989631917506 -54.276474373125055 5.6
vertex 81.7111032692156 -54.20738007186897 5.600000000000001
vertex 81.71110326921414 -54.207380071870475 0
endloop
endfacet
facet normal -0.06953849800191848 0.9975792686777514 0
outer loop
vertex 80.71989631917506 -54.276474373125055 5.6
vertex 81.71110326921414 -54.207380071870475 0
vertex 80.71989631917826 -54.27647437312427 0
endloop
endfacet
facet normal -0.07166657236643915 0.9974286452700494 0
outer loop
vertex 79.72883903038006 -54.34768315506987 5.6
vertex 80.71989631917506 -54.276474373125055 5.6
vertex 80.71989631917826 -54.27647437312427 0
endloop
endfacet
facet normal -0.07166657236643915 0.9974286452700494 0
outer loop
vertex 79.72883903038006 -54.34768315506987 5.6
vertex 80.71989631917826 -54.27647437312427 0
vertex 79.72883903038571 -54.34768315506909 0
endloop
endfacet
facet normal -0.07379432054871413 0.9972734821776591 0
outer loop
vertex 78.73793591354902 -54.42100609360507 5.600000000000001
vertex 79.72883903038006 -54.34768315506987 5.6
vertex 79.72883903038571 -54.34768315506909 0
endloop
endfacet
facet normal -0.07379432054871413 0.9972734821776591 0
outer loop
vertex 78.73793591354902 -54.42100609360507 5.600000000000001
vertex 79.72883903038571 -54.34768315506909 0
vertex 78.73793591354617 -54.421006093604575 0
endloop
endfacet
facet normal -0.07592173286425918 0.9971137801068082 0
outer loop
vertex 77.74719147863061 -54.496442855009256 5.6
vertex 78.73793591354902 -54.42100609360507 5.600000000000001
vertex 78.73793591354617 -54.421006093604575 0
endloop
endfacet
facet normal -0.07592173286425918 0.9971137801068082 0
outer loop
vertex 77.74719147863061 -54.496442855009256 5.6
vertex 78.73793591354617 -54.421006093604575 0
vertex 77.74719147863095 -54.4964428550104 0
endloop
endfacet
facet normal -0.0780487996306931 0.9969495397843404 0
outer loop
vertex 76.75661023490932 -54.573993095944154 5.600000000000001
vertex 77.74719147863061 -54.496442855009256 5.6
vertex 77.74719147863095 -54.4964428550104 0
endloop
endfacet
facet normal -0.0780487996306931 0.9969495397843404 0
outer loop
vertex 76.75661023490932 -54.573993095944154 5.600000000000001
vertex 77.74719147863095 -54.4964428550104 0
vertex 76.75661023490645 -54.573993095944445 0
endloop
endfacet
facet normal -0.08017551116674326 0.9967807619577895 0
outer loop
vertex 75.76619669089757 -54.653656463444804 5.6
vertex 76.75661023490932 -54.573993095944154 5.600000000000001
vertex 76.75661023490645 -54.573993095944445 0
endloop
endfacet
facet normal -0.08017551116674326 0.9967807619577895 0
outer loop
vertex 75.76619669089757 -54.653656463444804 5.6
vertex 76.75661023490645 -54.573993095944445 0
vertex 75.76619669090148 -54.65365646344475 0
endloop
endfacet
facet normal -0.08230185779288489 0.9966074473953322 0
outer loop
vertex 74.77595535434918 -54.73543259493354 5.600000000000001
vertex 75.76619669089757 -54.653656463444804 5.6
vertex 75.76619669090148 -54.65365646344475 0
endloop
endfacet
facet normal -0.08230185779288489 0.9966074473953322 0
outer loop
vertex 74.77595535434918 -54.73543259493354 5.600000000000001
vertex 75.76619669090148 -54.65365646344475 0
vertex 74.7759553543529 -54.73543259493388 0
endloop
endfacet
facet normal -0.08442782983131278 0.9964295968857886 0
outer loop
vertex 73.78589073225098 -54.819321118214866 5.600000000000001
vertex 74.77595535434918 -54.73543259493354 5.600000000000001
vertex 74.7759553543529 -54.73543259493388 0
endloop
endfacet
facet normal -0.08442782983131278 0.9964295968857886 0
outer loop
vertex 73.78589073225098 -54.819321118214866 5.600000000000001
vertex 74.7759553543529 -54.73543259493388 0
vertex 73.78589073224988 -54.819321118215555 0
endloop
endfacet
facet normal -0.08655341760604073 0.9962472112386134 0
outer loop
vertex 72.79600733074734 -54.905321651481586 5.6
vertex 73.78589073225098 -54.819321118214866 5.600000000000001
vertex 73.78589073224988 -54.819321118215555 0
endloop
endfacet
facet normal -0.08655341760604073 0.9962472112386134 0
outer loop
vertex 72.79600733074734 -54.905321651481586 5.6
vertex 73.78589073224988 -54.819321118215555 0
vertex 72.79600733074535 -54.905321651481984 0
endloop
endfacet
facet normal -0.08867861144250355 0.9960602912839311 0
outer loop
vertex 71.8063096552041 -54.993433803308804 5.600000000000001
vertex 72.79600733074734 -54.905321651481586 5.6
vertex 72.79600733074535 -54.905321651481984 0
endloop
endfacet
facet normal -0.08867861144250355 0.9960602912839311 0
outer loop
vertex 71.8063096552041 -54.993433803308804 5.600000000000001
vertex 72.79600733074535 -54.905321651481984 0
vertex 71.80630965520834 -54.99343380330902 0
endloop
endfacet
facet normal -0.09080340166826775 0.9958688378724737 0
outer loop
vertex 70.81680221010964 -55.083657172666484 5.6
vertex 71.8063096552041 -54.993433803308804 5.600000000000001
vertex 71.80630965520834 -54.99343380330902 0
endloop
endfacet
facet normal -0.09080340166826775 0.9958688378724737 0
outer loop
vertex 70.81680221010964 -55.083657172666484 5.6
vertex 71.80630965520834 -54.99343380330902 0
vertex 70.81680221010424 -55.083657172667046 0
endloop
endfacet
facet normal 0.00039215910016097353 -0.004201780947273714 -0.9999910955844113
outer loop
vertex 69.82748949907811 -55.17599134891375 5.600000000000001
vertex 69.98809309247478 -55.1610019524028 5.6
vertex 70.1285339472191 -55.14789437732607 5.6
endloop
endfacet
facet normal 0.00039215910016097353 -0.004201780947273714 -0.9999910955844113
outer loop
vertex 69.82748949907811 -55.17599134891375 5.600000000000001
vertex 70.1285339472191 -55.14789437732607 5.6
vertex 70.24594164423404 -55.13693652459858 5.6
endloop
endfacet
facet normal 0.00039215910016097353 -0.004201780947273714 -0.9999910955844113
outer loop
vertex 69.82748949907811 -55.17599134891375 5.600000000000001
vertex 70.24594164423404 -55.13693652459858 5.6
vertex 70.34031564020158 -55.12812844492913 5.6
endloop
endfacet
facet normal 0.00039215910016097353 -0.004201780947273714 -0.9999910955844113
outer loop
vertex 69.82748949907811 -55.17599134891375 5.600000000000001
vertex 70.34031564020158 -55.12812844492913 5.6
vertex 70.4116554979159 -55.12147017912281 5.6
endloop
endfacet
facet normal 0.00039215910016097353 -0.004201780947273714 -0.9999910955844113
outer loop
vertex 69.82748949907811 -55.17599134891375 5.600000000000001
vertex 70.4116554979159 -55.12147017912281 5.6
vertex 70.4874674758577 -55.11439452300837 5.6
endloop
endfacet
facet normal 0.00039215910016097353 -0.004201780947273714 -0.9999910955844113
outer loop
vertex 69.82748949907811 -55.17599134891375 5.600000000000001
vertex 70.4874674758577 -55.11439452300837 5.6
vertex 70.81680221010964 -55.083657172666484 5.6
endloop
endfacet
facet normal 0.00039215910016097353 -0.004201780947273714 -0.9999910955844113
outer loop
vertex 69.82748949907811 -55.17599134891375 5.600000000000001
vertex 70.81680221010964 -55.083657172666484 5.6
vertex 70.81680221010424 -55.083657172667046 0
endloop
endfacet
facet normal 0.00039215910016097353 -0.004201780947273714 -0.9999910955844113
outer loop
vertex 69.82748949907811 -55.17599134891375 5.600000000000001
vertex 70.81680221010424 -55.083657172667046 0
vertex 69.82748949908456 -55.17599134891273 0
endloop
endfacet
facet normal 0 0 -1
outer loop
vertex 68.83837602490054 -55.27043591179697 5.6
vertex 68.96041441249211 -55.25878319199076 5.6
vertex 69.21024752497007 -55.23492811396602 5.6
endloop
endfacet
facet normal 0 0 -1
outer loop
vertex 68.83837602490054 -55.27043591179697 5.6
vertex 69.21024752497007 -55.23492811396602 5.6
vertex 69.4375709145672 -55.21322235550228 5.6
endloop
endfacet
facet normal 0 0 -1
outer loop
vertex 68.83837602490054 -55.27043591179697 5.6
vertex 69.4375709145672 -55.21322235550228 5.6
vertex 69.64238352905632 -55.193666017070484 5.6
endloop
endfacet
facet normal 0 0 -1
outer loop
vertex 68.83837602490054 -55.27043591179697 5.6
vertex 69.64238352905632 -55.193666017070484 5.6
vertex 69.8246844203884 -55.176259189194155 5.6
endloop
endfacet
facet normal 0 0 -1
outer loop
vertex 68.83837602490054 -55.27043591179697 5.6
vertex 69.8246844203884 -55.176259189194155 5.6
vertex 69.82748949907811 -55.17599134891375 5.600000000000001
endloop
endfacet
facet normal 0 0 -1
outer loop
vertex 68.83837602490054 -55.27043591179697 5.6
vertex 69.82748949907811 -55.17599134891375 5.600000000000001
vertex 69.82748949908456 -55.17599134891273 0
endloop
endfacet
facet normal 0 0 -1
outer loop
vertex 68.83837602490054 -55.27043591179697 5.6
vertex 69.82748949908456 -55.17599134891273 0
vertex 68.83837602489812 -55.270435911797165 0
endloop
endfacet
facet normal 0.0003938432701206523 -0.004033736022126003 0.9999917868968637
outer loop
vertex 67.84946628937591 -55.36699043146682 5.600000000000001
vertex 68.09268512879699 -55.34324319006447 5.6
vertex 68.40304112137575 -55.312940855368225 5.6
endloop
endfacet
facet normal 0.0003938432701206523 -0.004033736022126003 0.9999917868968637
outer loop
vertex 67.84946628937591 -55.36699043146682 5.600000000000001
vertex 68.40304112137575 -55.312940855368225 5.6
vertex 68.6913875167921 -55.28478747927335 5.6
endloop
endfacet
facet normal 0.0003938432701206523 -0.004033736022126003 0.9999917868968637
outer loop
vertex 67.84946628937591 -55.36699043146682 5.600000000000001
vertex 68.6913875167921 -55.28478747927335 5.6
vertex 68.83837602490054 -55.27043591179697 5.6
endloop
endfacet
facet normal 0.0003938432701206523 -0.004033736022126003 0.9999917868968637
outer loop
vertex 67.84946628937591 -55.36699043146682 5.600000000000001
vertex 68.83837602490054 -55.27043591179697 5.6
vertex 68.83837602489812 -55.270435911797165 0
endloop
endfacet
facet normal 0.0003938432701206523 -0.004033736022126003 0.9999917868968637
outer loop
vertex 67.84946628937591 -55.36699043146682 5.600000000000001
vertex 68.83837602489812 -55.270435911797165 0
vertex 67.84946628937563 -55.3669904314673 0
endloop
endfacet
facet normal 0 0 -1
outer loop
vertex 66.86076479342566 -55.465654468466454 5.6
vertex 67.04727335328596 -55.44704249354159 5.6
vertex 67.41552433112696 -55.41029416429208 5.6
endloop
endfacet
facet normal 0 0 -1
outer loop
vertex 66.86076479342566 -55.465654468466454 5.6
vertex 67.41552433112696 -55.41029416429208 5.6
vertex 67.76224534514517 -55.37569434311696 5.6
endloop
endfacet
facet normal 0 0 -1
outer loop
vertex 66.86076479342566 -55.465654468466454 5.6
vertex 67.76224534514517 -55.37569434311696 5.6
vertex 67.84946628937591 -55.36699043146682 5.600000000000001
endloop
endfacet
facet normal 0 0 -1
outer loop
vertex 66.86076479342566 -55.465654468466454 5.6
vertex 67.84946628937591 -55.36699043146682 5.600000000000001
vertex 67.84946628937563 -55.3669904314673 0
endloop
endfacet
facet normal 0 0 -1
outer loop
vertex 66.86076479342566 -55.465654468466454 5.6
vertex 67.84946628937563 -55.3669904314673 0
vertex 66.86076479342009 -55.46565446846691 0
endloop
endfacet
facet normal 0.0004805230528641066 -0.004713476216514044 -0.9999887760567875
outer loop
vertex 65.87227603702227 -55.56642757373554 5.600000000000001
vertex 66.25918028945858 -55.52698398602904 5.6
vertex 66.66179116649803 -55.485939160752636 5.6
endloop
endfacet
facet normal 0.0004805230528641066 -0.004713476216514044 -0.9999887760567875
outer loop
vertex 65.87227603702227 -55.56642757373554 5.600000000000001
vertex 66.66179116649803 -55.485939160752636 5.6
vertex 66.86076479342566 -55.465654468466454 5.6
endloop
endfacet
facet normal 0.0004805230528641066 -0.004713476216514044 -0.9999887760567875
outer loop
vertex 65.87227603702227 -55.56642757373554 5.600000000000001
vertex 66.86076479342566 -55.465654468466454 5.6
vertex 66.86076479342009 -55.46565446846691 0
endloop
endfacet
facet normal 0.0004805230528641066 -0.004713476216514044 -0.9999887760567875
outer loop
vertex 65.87227603702227 -55.56642757373554 5.600000000000001
vertex 66.86076479342009 -55.46565446846691 0
vertex 65.87227603702817 -55.56642757373456 0
endloop
endfacet
facet normal 0.0003609184793516649 -0.0034669470063361327 -0.9999939249897004
outer loop
vertex 64.88400451915639 -55.66930928861705 5.600000000000001
vertex 64.94455846518697 -55.66300546047029 5.6
vertex 65.40072461947521 -55.61551734068175 5.6
endloop
endfacet
facet normal 0.0003609184793516649 -0.0034669470063361327 -0.9999939249897004
outer loop
vertex 64.88400451915639 -55.66930928861705 5.600000000000001
vertex 65.40072461947521 -55.61551734068175 5.6
vertex 65.83626154211353 -55.570176779221526 5.6
endloop
endfacet
facet normal 0.0003609184793516649 -0.0034669470063361327 -0.9999939249897004
outer loop
vertex 64.88400451915639 -55.66930928861705 5.600000000000001
vertex 65.83626154211353 -55.570176779221526 5.6
vertex 65.87227603702227 -55.56642757373554 5.600000000000001
endloop
endfacet
facet normal 0.0003609184793516649 -0.0034669470063361327 -0.9999939249897004
outer loop
vertex 64.88400451915639 -55.66930928861705 5.600000000000001
vertex 65.87227603702227 -55.56642757373554 5.600000000000001
vertex 65.87227603702817 -55.56642757373456 0
endloop
endfacet
facet normal 0.0003609184793516649 -0.0034669470063361327 -0.9999939249897004
outer loop
vertex 64.88400451915639 -55.66930928861705 5.600000000000001
vertex 65.87227603702817 -55.56642757373456 0
vertex 64.88400451915025 -55.6693092886172 0
endloop
endfacet
facet normal 0 0 1
outer loop
vertex 63.895954737830216 -55.77429914485639 5.6
vertex 63.98889364569135 -55.76442348599812 5.6
vertex 64.47621457421562 -55.71264091876776 5.6
endloop
endfacet
facet normal 0 0 1
outer loop
vertex 63.895954737830216 -55.77429914485639 5.6
vertex 64.47621457421562 -55.71264091876776 5.6
vertex 64.88400451915639 -55.66930928861705 5.600000000000001
endloop
endfacet
facet normal 0 0 1
outer loop
vertex 63.895954737830216 -55.77429914485639 5.6
vertex 64.88400451915639 -55.66930928861705 5.600000000000001
vertex 64.88400451915025 -55.6693092886172 0
endloop
endfacet
facet normal 0 0 1
outer loop
vertex 63.895954737830216 -55.77429914485639 5.6
vertex 64.88400451915025 -55.6693092886172 0
vertex 63.895954737835716 -55.77429914485589 0
endloop
endfacet
facet normal 0.0002341661134156397 -0.002159852081246816 -0.9999976400998246
outer loop
vertex 62.908131190058356 -55.881396664604424 5.600000000000001
vertex 62.97239826476287 -55.87442897860565 5.6
vertex 63.48962078189855 -55.81835292244406 5.6
endloop
endfacet
facet normal 0.0002341661134156397 -0.002159852081246816 -0.9999976400998246
outer loop
vertex 62.908131190058356 -55.881396664604424 5.600000000000001
vertex 63.48962078189855 -55.81835292244406 5.6
vertex 63.895954737830216 -55.77429914485639 5.6
endloop
endfacet
facet normal 0.0002341661134156397 -0.002159852081246816 -0.9999976400998246
outer loop
vertex 62.908131190058356 -55.881396664604424 5.600000000000001
vertex 63.895954737830216 -55.77429914485639 5.6
vertex 63.895954737835716 -55.77429914485589 0
endloop
endfacet
facet normal 0.0002341661134156397 -0.002159852081246816 -0.9999976400998246
outer loop
vertex 62.908131190058356 -55.881396664604424 5.600000000000001
vertex 63.895954737835716 -55.77429914485589 0
vertex 62.90813119005396 -55.8813966646041 0
endloop
endfacet
facet normal 0.0005039497465837873 -0.0045574702332022345 -0.9999894876946089
outer loop
vertex 61.92053837178784 -55.990601360417806 5.600000000000001
vertex 62.44460896602141 -55.932651394835204 5.6
vertex 62.908131190058356 -55.881396664604424 5.600000000000001
endloop
endfacet
facet normal 0.0005039497465837873 -0.0045574702332022345 -0.9999894876946089
outer loop
vertex 61.92053837178784 -55.990601360417806 5.600000000000001
vertex 62.908131190058356 -55.881396664604424 5.600000000000001
vertex 62.90813119005396 -55.8813966646041 0
endloop
endfacet
facet normal 0.0005039497465837873 -0.0045574702332022345 -0.9999894876946089
outer loop
vertex 61.92053837178784 -55.990601360417806 5.600000000000001
vertex 62.90813119005396 -55.8813966646041 0
vertex 61.92053837178812 -55.990601360417884 0
endloop
endfacet
facet normal 0.0004496764894879006 -0.003988734280541977 0.9999919438624965
outer loop
vertex 60.933180777947236 -56.10191273526472 5.600000000000001
vertex 61.344568912711175 -56.055534220366326 5.6
vertex 61.89908534993359 -55.99301990195963 5.6
endloop
endfacet
facet normal 0.0004496764894879006 -0.003988734280541977 0.9999919438624965
outer loop
vertex 60.933180777947236 -56.10191273526472 5.600000000000001
vertex 61.89908534993359 -55.99301990195963 5.6
vertex 61.92053837178784 -55.990601360417806 5.600000000000001
endloop
endfacet
facet normal 0.0004496764894879006 -0.003988734280541977 0.9999919438624965
outer loop
vertex 60.933180777947236 -56.10191273526472 5.600000000000001
vertex 61.92053837178784 -55.990601360417806 5.600000000000001
vertex 61.92053837178812 -55.990601360417884 0
endloop
endfacet
facet normal 0.0004496764894879006 -0.003988734280541977 0.9999919438624965
outer loop
vertex 60.933180777947236 -56.10191273526472 5.600000000000001
vertex 61.92053837178812 -55.990601360417884 0
vertex 60.93318077794654 -56.10191273526526 0
endloop
endfacet
facet normal 0 0 -1
outer loop
vertex 59.94606290238543 -56.215330282524434 5.6
vertex 60.192640205312635 -56.1869991241082 5.6
vertex 60.77407115492059 -56.120194060764135 5.6
endloop
endfacet
facet normal 0 0 -1
outer loop
vertex 59.94606290238543 -56.215330282524434 5.6
vertex 60.77407115492059 -56.120194060764135 5.6
vertex 60.933180777947236 -56.10191273526472 5.600000000000001
endloop
endfacet
facet normal 0 0 -1
outer loop
vertex 59.94606290238543 -56.215330282524434 5.6
vertex 60.933180777947236 -56.10191273526472 5.600000000000001
vertex 60.93318077794654 -56.10191273526526 0
endloop
endfacet
facet normal 0 0 -1
outer loop
vertex 59.94606290238543 -56.215330282524434 5.6
vertex 60.93318077794654 -56.10191273526526 0
vertex 59.94606290238463 -56.21533028252421 0
endloop
endfacet
facet normal 0 0 -1
outer loop
vertex 58.95918923785187 -56.330853485988285 5.6
vertex 58.99173511905438 -56.32704367264415 5.6
vertex 59.59907077335538 -56.25594910108518 5.6
endloop
endfacet
facet normal 0 0 -1
outer loop
vertex 58.95918923785187 -56.330853485988285 5.6
vertex 59.59907077335538 -56.25594910108518 5.6
vertex 59.94606290238543 -56.215330282524434 5.6
endloop
endfacet
facet normal 0 0 -1
outer loop
vertex 58.95918923785187 -56.330853485988285 5.6
vertex 59.94606290238543 -56.215330282524434 5.6
vertex 59.94606290238463 -56.21533028252421 0
endloop
endfacet
facet normal 0 0 -1
outer loop
vertex 58.95918923785187 -56.330853485988285 5.6
vertex 59.94606290238463 -56.21533028252421 0
vertex 58.95918923785558 -56.3308534859878 0
endloop
endfacet
facet normal 0 0 -1
outer loop
vertex 57.972564275999794 -56.44848181986641 5.6
vertex 58.37684308157734 -56.400282509934584 5.6
vertex 58.95918923785187 -56.330853485988285 5.6
endloop
endfacet
facet normal 0 0 -1
outer loop
vertex 57.972564275999794 -56.44848181986641 5.6
vertex 58.95918923785187 -56.330853485988285 5.6
vertex 58.95918923785558 -56.3308534859878 0
endloop
endfacet
facet normal 0 0 -1
outer loop
vertex 57.972564275999794 -56.44848181986641 5.6
vertex 58.95918923785558 -56.3308534859878 0
vertex 57.972564275998934 -56.44848181986575 0
endloop
endfacet
facet normal 0.001185105915366103 -0.009763020318176061 -0.9999516383096917
outer loop
vertex 56.98619250734082 -56.568214748784506 5.600000000000001
vertex 57.10995457273543 -56.553191615469316 5.6
vertex 57.74862428116402 -56.47566527374751 5.6
endloop
endfacet
facet normal 0.001185105915366103 -0.009763020318176061 -0.9999516383096917
outer loop
vertex 56.98619250734082 -56.568214748784506 5.600000000000001
vertex 57.74862428116402 -56.47566527374751 5.6
vertex 57.972564275999794 -56.44848181986641 5.6
endloop
endfacet
facet normal 0.001185105915366103 -0.009763020318176061 -0.9999516383096917
outer loop
vertex 56.98619250734082 -56.568214748784506 5.600000000000001
vertex 57.972564275999794 -56.44848181986641 5.6
vertex 57.972564275998934 -56.44848181986575 0
endloop
endfacet
facet normal 0.001185105915366103 -0.009763020318176061 -0.9999516383096917
outer loop
vertex 56.98619250734082 -56.568214748784506 5.600000000000001
vertex 57.972564275998934 -56.44848181986575 0
vertex 56.98619250733255 -56.56821474878535 0
endloop
endfacet
facet normal 0.005250306619505866 -0.04249449843547637 -0.999082905410316
outer loop
vertex 56.000078421220486 -56.69005172779498 5.6
vertex 56.46296258854082 -56.63286117614189 5.6
vertex 56.98619250734082 -56.568214748784506 5.600000000000001
endloop
endfacet
facet normal 0.005250306619505866 -0.04249449843547637 -0.999082905410316
outer loop
vertex 56.000078421220486 -56.69005172779498 5.6
vertex 56.98619250734082 -56.568214748784506 5.600000000000001
vertex 56.98619250733255 -56.56821474878535 0
endloop
endfacet
facet normal 0.005250306619505866 -0.04249449843547637 -0.999082905410316
outer loop
vertex 56.000078421220486 -56.69005172779498 5.6
vertex 56.98619250733255 -56.56821474878535 0
vertex 56.00007842122174 -56.69005172779495 0
endloop
endfacet
facet normal 0 0 -1
outer loop
vertex 55.01422650584681 -56.81399220236824 5.6
vertex 55.1364332739424 -56.7986284701507 5.6
vertex 55.80423031326736 -56.7146735873923 5.6
endloop
endfacet
facet normal 0 0 -1
outer loop
vertex 55.01422650584681 -56.81399220236824 5.6
vertex 55.80423031326736 -56.7146735873923 5.6
vertex 56.000078421220486 -56.69005172779498 5.6
endloop
endfacet
facet normal 0 0 -1
outer loop
vertex 55.01422650584681 -56.81399220236824 5.6
vertex 56.000078421220486 -56.69005172779498 5.6
vertex 56.00007842122174 -56.69005172779495 0
endloop
endfacet
facet normal 0 0 -1
outer loop
vertex 55.01422650584681 -56.81399220236824 5.6
vertex 56.00007842122174 -56.69005172779495 0
vertex 55.014226505847006 -56.81399220236807 0
endloop
endfacet
facet normal 0 0 -1
outer loop
vertex 54.02864124821562 -56.94003560840189 5.6
vertex 54.46113424329251 -56.884725436335955 5.6
vertex 55.01422650584681 -56.81399220236824 5.6
endloop
endfacet
facet normal 0 0 -1
outer loop
vertex 54.02864124821562 -56.94003560840189 5.6
vertex 55.01422650584681 -56.81399220236824 5.6
vertex 55.014226505847006 -56.81399220236807 0
endloop
endfacet
facet normal 0 0 -1
outer loop
vertex 54.02864124821562 -56.94003560840189 5.6
vertex 55.014226505847006 -56.81399220236807 0
vertex 54.02864124821453 -56.94003560840207 0
endloop
endfacet
facet normal 0.00023865661447035252 -0.0018350331969550805 0.9999982878466275
outer loop
vertex 53.043327134080236 -57.068181372226704 5.600000000000001
vertex 53.08052162709642 -57.06334401462841 5.6
vertex 53.775453831067956 -56.97296408724537 5.6
endloop
endfacet
facet normal 0.00023865661447035252 -0.0018350331969550805 0.9999982878466275
outer loop
vertex 53.043327134080236 -57.068181372226704 5.600000000000001
vertex 53.775453831067956 -56.97296408724537 5.6
vertex 54.02864124821562 -56.94003560840189 5.6
endloop
endfacet
facet normal 0.00023865661447035252 -0.0018350331969550805 0.9999982878466275
outer loop
vertex 53.043327134080236 -57.068181372226704 5.600000000000001
vertex 54.02864124821562 -56.94003560840189 5.6
vertex 54.02864124821453 -56.94003560840207 0
endloop
endfacet
facet normal 0.00023865661447035252 -0.0018350331969550805 0.9999982878466275
outer loop
vertex 53.043327134080236 -57.068181372226704 5.600000000000001
vertex 54.02864124821453 -56.94003560840207 0
vertex 53.04332713408201 -57.06818137222743 0
endloop
endfacet
facet normal 0.0009796802788528001 -0.00740914408636896 0.9999720720152433
outer loop
vertex 52.058288648020564 -57.19842891060014 5.600000000000001
vertex 52.38019328691785 -57.15586480026285 5.6
vertex 53.043327134080236 -57.068181372226704 5.600000000000001
endloop
endfacet
facet normal 0.0009796802788528001 -0.00740914408636896 0.9999720720152433
outer loop
vertex 52.058288648020564 -57.19842891060014 5.600000000000001
vertex 53.043327134080236 -57.068181372226704 5.600000000000001
vertex 53.04332713408201 -57.06818137222743 0
endloop
endfacet
facet normal 0.0009796802788528001 -0.00740914408636896 0.9999720720152433
outer loop
vertex 52.058288648020564 -57.19842891060014 5.600000000000001
vertex 53.04332713408201 -57.06818137222743 0
vertex 52.05828864801619 -57.198428910600626 0
endloop
endfacet
facet normal 0.0011776891969204532 -0.00876275417298792 -0.9999609128298261
outer loop
vertex 51.073530273302154 -57.330777630715566 5.6
vertex 51.670653159214766 -57.250526015973136 5.6
vertex 52.058288648020564 -57.19842891060014 5.600000000000001
endloop
endfacet
facet normal 0.0011776891969204532 -0.00876275417298792 -0.9999609128298261
outer loop
vertex 51.073530273302154 -57.330777630715566 5.6
vertex 52.058288648020564 -57.19842891060014 5.600000000000001
vertex 52.05828864801619 -57.198428910600626 0
endloop
endfacet
facet normal 0.0011776891969204532 -0.00876275417298792 -0.9999609128298261
outer loop
vertex 51.073530273302154 -57.330777630715566 5.6
vertex 52.05828864801619 -57.198428910600626 0
vertex 51.07353027330457 -57.33077763071509 0
endloop
endfacet
facet normal 0 0 1
outer loop
vertex 50.08905649196069 -57.4652269302009 5.6
vertex 50.22787903759485 -57.446267975308416 5.6
vertex 50.952349721150725 -57.34732722366226 5.6
endloop
endfacet
facet normal 0 0 1
outer loop
vertex 50.08905649196069 -57.4652269302009 5.6
vertex 50.952349721150725 -57.34732722366226 5.6
vertex 51.073530273302154 -57.330777630715566 5.6
endloop
endfacet
facet normal 0 0 1
outer loop
vertex 50.08905649196069 -57.4652269302009 5.6
vertex 51.073530273302154 -57.330777630715566 5.6
vertex 51.07353027330457 -57.33077763071509 0
endloop
endfacet
facet normal 0 0 1
outer loop
vertex 50.08905649196069 -57.4652269302009 5.6
vertex 51.07353027330457 -57.33077763071509 0
vertex 50.08905649195987 -57.46522693020103 0
endloop
endfacet
facet normal 0.0011091785623608063 -0.007994452136291819 0.9999674286985339
outer loop
vertex 49.10487178471431 -57.6017761971261 5.600000000000001
vertex 49.49716670029634 -57.54734781315847 5.6
vertex 50.08905649196069 -57.4652269302009 5.6
endloop
endfacet
facet normal 0.0011091785623608063 -0.007994452136291819 0.9999674286985339
outer loop
vertex 49.10487178471431 -57.6017761971261 5.600000000000001
vertex 50.08905649196069 -57.4652269302009 5.6
vertex 50.08905649195987 -57.46522693020103 0
endloop
endfacet
facet normal 0.0011091785623608063 -0.007994452136291819 0.9999674286985339
outer loop
vertex 49.10487178471431 -57.6017761971261 5.600000000000001
vertex 50.08905649195987 -57.46522693020103 0
vertex 49.34542206871624 -57.56840140000001 0
endloop
endfacet
facet normal 0.0011091785623608063 -0.007994452136291819 0.9999674286985339
outer loop
vertex 49.10487178471431 -57.6017761971261 5.600000000000001
vertex 49.34542206871624 -57.56840140000001 0
vertex 49.10487178471017 -57.601776197126895 0
endloop
endfacet
facet normal 0.0012696778832961381 -0.00901000602575779 0.9999586029978883
outer loop
vertex 48.12098063096064 -57.74042481000388 5.600000000000001
vertex 48.75864314571912 -57.650566269434705 5.6
vertex 49.10487178471431 -57.6017761971261 5.600000000000001
endloop
endfacet
facet normal 0.0012696778832961381 -0.00901000602575779 0.9999586029978883
outer loop
vertex 48.12098063096064 -57.74042481000388 5.600000000000001
vertex 49.10487178471431 -57.6017761971261 5.600000000000001
vertex 49.10487178471017 -57.601776197126895 0
endloop
endfacet
facet normal 0.0012696778832961381 -0.00901000602575779 0.9999586029978883
outer loop
vertex 48.12098063096064 -57.74042481000388 5.600000000000001
vertex 49.10487178471017 -57.601776197126895 0
vertex 48.12098063096255 -57.74042481000376 0
endloop
endfacet
facet normal 0.0011270914890697565 -0.007876522092200232 0.999968344531219
outer loop
vertex 47.13738750878119 -57.8811721377887 5.600000000000001
vertex 47.26146600476961 -57.8634171165793 5.6
vertex 48.01267461959353 -57.7559228664048 5.6
endloop
endfacet
facet normal 0.0011270914890697565 -0.007876522092200232 0.999968344531219
outer loop
vertex 47.13738750878119 -57.8811721377887 5.600000000000001
vertex 48.01267461959353 -57.7559228664048 5.6
vertex 48.12098063096064 -57.74042481000388 5.600000000000001
endloop
endfacet
facet normal 0.0011270914890697565 -0.007876522092200232 0.999968344531219
outer loop
vertex 47.13738750878119 -57.8811721377887 5.600000000000001
vertex 48.12098063096064 -57.74042481000388 5.600000000000001
vertex 48.12098063096255 -57.74042481000376 0
endloop
endfacet
facet normal 0.0011270914890697565 -0.007876522092200232 0.999968344531219
outer loop
vertex 47.13738750878119 -57.8811721377887 5.600000000000001
vertex 48.12098063096255 -57.74042481000376 0
vertex 47.13738750877572 -57.88117213778972 0
endloop
endfacet
facet normal 0.00026688578434318986 -0.0018371349925949015 -0.9999982768520139
outer loop
vertex 46.154096894879956 -58.02401753988726 5.6
vertex 46.50494722518123 -57.97304852238612 5.6
vertex 47.13738750878119 -57.8811721377887 5.600000000000001
endloop
endfacet
facet normal 0.00026688578434318986 -0.0018371349925949015 -0.9999982768520139
outer loop
vertex 46.154096894879956 -58.02401753988726 5.6
vertex 47.13738750878119 -57.8811721377887 5.600000000000001
vertex 47.13738750877572 -57.88117213778972 0
endloop
endfacet
facet normal 0.00026688578434318986 -0.0018371349925949015 -0.9999982768520139
outer loop
vertex 46.154096894879956 -58.02401753988726 5.6
vertex 47.13738750877572 -57.88117213778972 0
vertex 46.154096894878826 -58.024017539886756 0
endloop
endfacet
facet normal 0.00017896860540724753 -0.0012137420939328225 -0.9999992473999005
outer loop
vertex 45.17111326459592 -58.168960366152625 5.600000000000001
vertex 45.74176563758617 -58.084816576562815 5.6
vertex 46.154096894879956 -58.02401753988726 5.6
endloop
endfacet
facet normal 0.00017896860540724753 -0.0012137420939328225 -0.9999992473999005
outer loop
vertex 45.17111326459592 -58.168960366152625 5.600000000000001
vertex 46.154096894879956 -58.02401753988726 5.6
vertex 46.154096894878826 -58.024017539886756 0
endloop
endfacet
facet normal 0.00017896860540724753 -0.0012137420939328225 -0.9999992473999005
outer loop
vertex 45.17111326459592 -58.168960366152625 5.600000000000001
vertex 46.154096894878826 -58.024017539886756 0
vertex 45.17111326459832 -58.16896036615174 0
endloop
endfacet
facet normal 0 0 1
outer loop
vertex 44.18844109187575 -58.31599995689318 5.6
vertex 44.196724094624514 -58.31476055135394 5.6
vertex 44.97222320607345 -58.19872076195804 5.6
endloop
endfacet
facet normal 0 0 1
outer loop
vertex 44.18844109187575 -58.31599995689318 5.6
vertex 44.97222320607345 -58.19872076195804 5.6
vertex 45.17111326459592 -58.168960366152625 5.600000000000001
endloop
endfacet
facet normal 0 0 1
outer loop
vertex 44.18844109187575 -58.31599995689318 5.6
vertex 45.17111326459592 -58.168960366152625 5.600000000000001
vertex 45.17111326459832 -58.16896036615174 0
endloop
endfacet
facet normal 0 0 1
outer loop
vertex 44.18844109187575 -58.31599995689318 5.6
vertex 45.17111326459832 -58.16896036615174 0
vertex 44.188441091878644 -58.31599995689291 0
endloop
endfacet
facet normal 0.0005412664225043131 -0.0035653200343769968 0.9999934977407164
outer loop
vertex 43.20608484924858 -58.465135642874515 5.600000000000001
vertex 43.41818768574912 -58.43293540771836 5.6
vertex 44.18844109187575 -58.31599995689318 5.6
endloop
endfacet
facet normal 0.0005412664225043131 -0.0035653200343769968 0.9999934977407164
outer loop
vertex 43.20608484924858 -58.465135642874515 5.600000000000001
vertex 44.18844109187575 -58.31599995689318 5.6
vertex 44.188441091878644 -58.31599995689291 0
endloop
endfacet
facet normal 0.0005412664225043131 -0.0035653200343769968 0.9999934977407164
outer loop
vertex 43.20608484924858 -58.465135642874515 5.600000000000001
vertex 44.188441091878644 -58.31599995689291 0
vertex 43.20608484924237 -58.465135642875936 0
endloop
endfacet
facet normal 0.002357522394184843 -0.015308831653221692 0.9998800336848287
outer loop
vertex 42.22404900776989 -58.61636674532713 5.600000000000001
vertex 42.63393842260312 -58.55324478432473 5.6
vertex 43.20608484924858 -58.465135642874515 5.600000000000001
endloop
endfacet
facet normal 0.002357522394184843 -0.015308831653221692 0.9998800336848287
outer loop
vertex 42.22404900776989 -58.61636674532713 5.600000000000001
vertex 43.20608484924858 -58.465135642874515 5.600000000000001
vertex 43.20608484924237 -58.465135642875936 0
endloop
endfacet
facet normal 0.002357522394184843 -0.015308831653221692 0.9998800336848287
outer loop
vertex 42.22404900776989 -58.61636674532713 5.600000000000001
vertex 43.20608484924237 -58.465135642875936 0
vertex 42.22404900776987 -58.616366745327014 0
endloop
endfacet
facet normal 0 0 1
outer loop
vertex 25.721696199999993 -59.48121839999989 5.6
vertex 26.21951213114741 -59.45512897282616 5.6
vertex 28.799947303201535 -59.31989409727092 5.6
endloop
endfacet
facet normal 0 0 1
outer loop
vertex 25.721696199999993 -59.48121839999989 5.6
vertex 28.799947303201535 -59.31989409727092 5.6
vertex 31.33973172504396 -59.18678963723849 5.6
endloop
endfacet
facet normal 0 0 1
outer loop
vertex 25.721696199999993 -59.48121839999989 5.6
vertex 31.33973172504396 -59.18678963723849 5.6
vertex 33.83885364138092 -59.055816208797665 5.6
endloop
endfacet
facet normal 0 0 1
outer loop
vertex 25.721696199999993 -59.48121839999989 5.6
vertex 33.83885364138092 -59.055816208797665 5.6
vertex 36.297301489810366 -58.92697441790828 5.6
endloop
endfacet
facet normal 0 0 1
outer loop
vertex 25.721696199999993 -59.48121839999989 5.6
vertex 36.297301489810366 -58.92697441790828 5.6
vertex 38.71506389034293 -58.800264860970316 5.6
endloop
endfacet
facet normal 0 0 1
outer loop
vertex 25.721696199999993 -59.48121839999989 5.6
vertex 38.71506389034293 -58.800264860970316 5.6
vertex 41.09212965609696 -58.67568812426336 5.6
endloop
endfacet
facet normal 0 0 1
outer loop
vertex 25.721696199999993 -59.48121839999989 5.6
vertex 41.09212965609696 -58.67568812426336 5.6
vertex 42.22404900776989 -58.61636674532713 5.600000000000001
endloop
endfacet
facet normal 0 0 1
outer loop
vertex 25.721696199999993 -59.48121839999989 5.6
vertex 42.22404900776989 -58.61636674532713 5.600000000000001
vertex 42.22404900776987 -58.616366745327014 0
endloop
endfacet
facet normal 0 0 1
outer loop
vertex 25.721696199999993 -59.48121839999989 5.6
vertex 42.22404900776987 -58.616366745327014 0
vertex 25.721696199999997 -59.4812184 0
endloop
endfacet
facet normal 0 0 -1
outer loop
vertex 31.31837259999994 -166.2721643 5.6
vertex 25.820882493631117 -61.37380559999991 5.6
vertex 25.773063817990902 -60.46137092657409 5.6
endloop
endfacet
facet normal 0 0 -1
outer loop
vertex 31.31837259999994 -166.2721643 5.6
vertex 25.773063817990902 -60.46137092657409 5.6
vertex 25.765195853197596 -60.31124121698707 5.6
endloop
endfacet
facet normal 0 0 -1
outer loop
vertex 31.31837259999994 -166.2721643 5.6
vertex 25.765195853197596 -60.31124121698707 5.6
vertex 25.757439298323163 -60.163237335260646 5.6
endloop
endfacet
facet normal 0 0 -1
outer loop
vertex 31.31837259999994 -166.2721643 5.6
vertex 25.757439298323163 -60.163237335260646 5.6
vertex 25.749794189268087 -60.017359966417374 5.6
endloop
endfacet
facet normal 0 0 -1
outer loop
vertex 31.31837259999994 -166.2721643 5.6
vertex 25.749794189268087 -60.017359966417374 5.6
vertex 25.742260561403143 -59.87360978537126 5.6
endloop
endfacet
facet normal 0 0 -1
outer loop
vertex 31.31837259999994 -166.2721643 5.6
vertex 25.742260561403143 -59.87360978537126 5.6
vertex 25.73483844959874 -59.73198745748951 5.6
endloop
endfacet
facet normal 0 0 -1
outer loop
vertex 31.31837259999994 -166.2721643 5.6
vertex 25.73483844959874 -59.73198745748951 5.6
vertex 25.727527888202175 -59.59249363815812 5.6
endloop
endfacet
facet normal 0 0 -1
outer loop
vertex 31.31837259999994 -166.2721643 5.6
vertex 25.727527888202175 -59.59249363815812 5.6
vertex 25.721696199999993 -59.48121839999989 5.6
endloop
endfacet
facet normal 0 0 -1
outer loop
vertex 31.31837259999994 -166.2721643 5.6
vertex 25.721696199999993 -59.48121839999989 5.6
vertex 25.721696199999997 -59.4812184 0
endloop
endfacet
facet normal 0 0 -1
outer loop
vertex 31.31837259999994 -166.2721643 5.6
vertex 25.721696199999997 -59.4812184 0
vertex 31.263451065097406 -165.224199 0
endloop
endfacet
facet normal 0 0 -1
outer loop
vertex 31.31837259999994 -166.2721643 5.6
vertex 31.263451065097406 -165.224199 0
vertex 31.318372600000007 -166.27216429999996 0
endloop
endfacet
facet normal 0.0020978481423249242 -0.0006739157141002781 0.9999975724324445
outer loop
vertex 24.431008199999212 -187.71200359999978 5.600000000000001
vertex 24.464633149684587 -187.60733170000464 5.6
vertex 31.31837259999994 -166.2721643 5.6
endloop
endfacet
facet normal 0.0020978481423249242 -0.0006739157141002781 0.9999975724324445
outer loop
vertex 24.431008199999212 -187.71200359999978 5.600000000000001
vertex 31.31837259999994 -166.2721643 5.6
vertex 31.318372600000007 -166.27216429999996 0
endloop
endfacet
facet normal 0.0020978481423249242 -0.0006739157141002781 0.9999975724324445
outer loop
vertex 24.431008199999212 -187.71200359999978 5.600000000000001
vertex 31.318372600000007 -166.27216429999996 0
vertex 24.431008200000008 -187.7120036 0
endloop
endfacet
facet normal 0.000005167483077585697 3.871724219227481e-7 0.9999999999865736
outer loop
vertex 26.279609999998044 -212.3847798000001 5.6
vertex 26.269157022157728 -212.2452667999988 5.6
vertex 24.431008199999212 -187.71200359999978 5.600000000000001
endloop
endfacet
facet normal 0.000005167483077585697 3.871724219227481e-7 0.9999999999865736
outer loop
vertex 26.279609999998044 -212.3847798000001 5.6
vertex 24.431008199999212 -187.71200359999978 5.600000000000001
vertex 24.431008200000008 -187.7120036 0
endloop
endfacet
facet normal 0.000005167483077585697 3.871724219227481e-7 0.9999999999865736
outer loop
vertex 26.279609999998044 -212.3847798000001 5.6
vertex 24.431008200000008 -187.7120036 0
vertex 26.279610000000005 -212.3847798 0
endloop
endfacet
facet normal 0 0 1
outer loop
vertex 44.379241599996035 -227.158200600005 5.6
vertex 44.25245912950673 -227.05471723481034 5.6
vertex 44.12744536848646 -226.95267753929835 5.6
endloop
endfacet
facet normal 0 0 1
outer loop
vertex 44.379241599996035 -227.158200600005 5.6
vertex 44.12744536848646 -226.95267753929835 5.6
vertex 44.00420021856159 -226.8520814331655 5.6
endloop
endfacet
facet normal 0 0 1
outer loop
vertex 44.379241599996035 -227.158200600005 5.6
vertex 44.00420021856159 -226.8520814331655 5.6
vertex 43.88272394507719 -226.75292913299376 5.6
endloop
endfacet
facet normal 0 0 1
outer loop
vertex 44.379241599996035 -227.158200600005 5.6
vertex 43.88272394507719 -226.75292913299376 5.6
vertex 43.76301680959047 -226.6552208522734 5.6
endloop
endfacet
facet normal 0 0 1
outer loop
vertex 44.379241599996035 -227.158200600005 5.6
vertex 43.76301680959047 -226.6552208522734 5.6
vertex 43.645079069841856 -226.55895680137928 5.6
endloop
endfacet
facet normal 0 0 1
outer loop
vertex 44.379241599996035 -227.158200600005 5.6
vertex 43.645079069841856 -226.55895680137928 5.6
vertex 43.528910979765286 -226.46413718757933 5.6
endloop
endfacet
facet normal 0 0 1
outer loop
vertex 44.379241599996035 -227.158200600005 5.6
vertex 43.528910979765286 -226.46413718757933 5.6
vertex 43.414512789465434 -226.3707622150159 5.6
endloop
endfacet
facet normal 0 0 1
outer loop
vertex 44.379241599996035 -227.158200600005 5.6
vertex 43.414512789465434 -226.3707622150159 5.6
vertex 43.301884745273284 -226.27883208475117 5.6
endloop
endfacet
facet normal 0 0 1
outer loop
vertex 44.379241599996035 -227.158200600005 5.6
vertex 43.301884745273284 -226.27883208475117 5.6
vertex 43.191027089670214 -226.18834699470517 5.6
endloop
endfacet
facet normal 0 0 1
outer loop
vertex 44.379241599996035 -227.158200600005 5.6
vertex 43.191027089670214 -226.18834699470517 5.6
vertex 43.081940061350494 -226.09930713970675 5.6
endloop
endfacet
facet normal 0 0 1
outer loop
vertex 44.379241599996035 -227.158200600005 5.6
vertex 43.081940061350494 -226.09930713970675 5.6
vertex 42.97462389518148 -226.01171271146117 5.6
endloop
endfacet
facet normal 0 0 1
outer loop
vertex 44.379241599996035 -227.158200600005 5.6
vertex 42.97462389518148 -226.01171271146117 5.6
vertex 42.86907882222887 -225.92556389857066 5.6
endloop
endfacet
facet normal 0 0 1
outer loop
vertex 44.379241599996035 -227.158200600005 5.6
vertex 42.86907882222887 -225.92556389857066 5.6
vertex 42.76530506974434 -225.84086088652433 5.6
endloop
endfacet
facet normal 0 0 1
outer loop
vertex 44.379241599996035 -227.158200600005 5.6
vertex 42.76530506974434 -225.84086088652433 5.6
vertex 42.66330286114987 -225.75760385768538 5.6
endloop
endfacet
facet normal 0 0 1
outer loop
vertex 44.379241599996035 -227.158200600005 5.6
vertex 42.66330286114987 -225.75760385768538 5.6
vertex 42.56307241607942 -225.67579299132515 5.6
endloop
endfacet
facet normal 0 0 1
outer loop
vertex 44.379241599996035 -227.158200600005 5.6
vertex 42.56307241607942 -225.67579299132515 5.6
vertex 42.46461395032334 -225.5954284635777 5.6
endloop
endfacet
facet normal 0 0 1
outer loop
vertex 44.379241599996035 -227.158200600005 5.6
vertex 42.46461395032334 -225.5954284635777 5.6
vertex 42.367927675885596 -225.51651044748652 5.6
endloop
endfacet
facet normal 0 0 1
outer loop
vertex 44.379241599996035 -227.158200600005 5.6
vertex 42.367927675885596 -225.51651044748652 5.6
vertex 42.27301380092963 -225.43903911296042 5.6
endloop
endfacet
facet normal 0 0 1
outer loop
vertex 44.379241599996035 -227.158200600005 5.6
vertex 42.27301380092963 -225.43903911296042 5.6
vertex 42.17987252981682 -225.36301462680476 5.6
endloop
endfacet
facet normal 0 0 1
outer loop
vertex 44.379241599996035 -227.158200600005 5.6
vertex 42.17987252981682 -225.36301462680476 5.6
vertex 42.08850406309067 -225.28843715270875 5.6
endloop
endfacet
facet normal 0 0 1
outer loop
vertex 44.379241599996035 -227.158200600005 5.6
vertex 42.08850406309067 -225.28843715270875 5.6
vertex 41.99890859747178 -225.2153068512412 5.6
endloop
endfacet
facet normal 0 0 1
outer loop
vertex 44.379241599996035 -227.158200600005 5.6
vertex 41.99890859747178 -225.2153068512412 5.6
vertex 41.91108632586774 -225.1436238798586 5.6
endloop
endfacet
facet normal 0 0 1
outer loop
vertex 44.379241599996035 -227.158200600005 5.6
vertex 41.91108632586774 -225.1436238798586 5.6
vertex 41.82503743736832 -225.07338839290128 5.6
endloop
endfacet
facet normal 0 0 1
outer loop
vertex 44.379241599996035 -227.158200600005 5.6
vertex 41.82503743736832 -225.07338839290128 5.6
vertex 41.76398977570875 -225.02355960000182 5.6
endloop
endfacet
facet normal 0 0 1
outer loop
vertex 44.379241599996035 -227.158200600005 5.6
vertex 41.76398977570875 -225.02355960000182 5.6
vertex 26.279609999998044 -212.3847798000001 5.6
endloop
endfacet
facet normal 0 0 1
outer loop
vertex 44.379241599996035 -227.158200600005 5.6
vertex 26.279609999998044 -212.3847798000001 5.6
vertex 26.279610000000005 -212.3847798 0
endloop
endfacet
facet normal 0 0 1
outer loop
vertex 44.379241599996035 -227.158200600005 5.6
vertex 26.279610000000005 -212.3847798 0
vertex 39.78294049567506 -223.40657228853217 0
endloop
endfacet
facet normal 0 0 1
outer loop
vertex 44.379241599996035 -227.158200600005 5.6
vertex 39.78294049567506 -223.40657228853217 0
vertex 39.80461527117478 -223.42426384083996 0
endloop
endfacet
facet normal 0 0 1
outer loop
vertex 44.379241599996035 -227.158200600005 5.6
vertex 39.80461527117478 -223.42426384083996 0
vertex 39.81428403831019 -223.43215575646926 0
endloop
endfacet
facet normal 0 0 1
outer loop
vertex 44.379241599996035 -227.158200600005 5.6
vertex 39.81428403831019 -223.43215575646926 0
vertex 39.825730703147954 -223.44149884146358 0
endloop
endfacet
facet normal 0 0 1
outer loop
vertex 44.379241599996035 -227.158200600005 5.6
vertex 39.825730703147954 -223.44149884146358 0
vertex 39.838955241042314 -223.4522930757064 0
endloop
endfacet
facet normal 0 0 1
outer loop
vertex 44.379241599996035 -227.158200600005 5.6
vertex 39.838955241042314 -223.4522930757064 0
vertex 39.853957623519186 -223.46453843595634 0
endloop
endfacet
facet normal 0 0 1
outer loop
vertex 44.379241599996035 -227.158200600005 5.6
vertex 39.853957623519186 -223.46453843595634 0
vertex 39.870737818279615 -223.47823489585014 0
endloop
endfacet
facet normal 0 0 1
outer loop
vertex 44.379241599996035 -227.158200600005 5.6
vertex 39.870737818279615 -223.47823489585014 0
vertex 39.88929578919103 -223.49338242589536 0
endloop
endfacet
facet normal 0 0 1
outer loop
vertex 44.379241599996035 -227.158200600005 5.6
vertex 39.88929578919103 -223.49338242589536 0
vertex 39.909631496299205 -223.50998099348027 0
endloop
endfacet
facet normal 0 0 1
outer loop
vertex 44.379241599996035 -227.158200600005 5.6
vertex 39.909631496299205 -223.50998099348027 0
vertex 39.931744895817474 -223.52803056286498 0
endloop
endfacet
facet normal 0 0 1
outer loop
vertex 44.379241599996035 -227.158200600005 5.6
vertex 39.931744895817474 -223.52803056286498 0
vertex 39.95563594013519 -223.54753109518836 0
endloop
endfacet
facet normal 0 0 1
outer loop
vertex 44.379241599996035 -227.158200600005 5.6
vertex 39.95563594013519 -223.54753109518836 0
vertex 39.98130457781264 -223.5684825484639 0
endloop
endfacet
facet normal 0 0 1
outer loop
vertex 44.379241599996035 -227.158200600005 5.6
vertex 39.98130457781264 -223.5684825484639 0
vertex 40.008750753582795 -223.5908848775811 0
endloop
endfacet
facet normal 0 0 1
outer loop
vertex 44.379241599996035 -227.158200600005 5.6
vertex 40.008750753582795 -223.5908848775811 0
vertex 40.03797440835196 -223.61473803430604 0
endloop
endfacet
facet normal 0 0 1
outer loop
vertex 44.379241599996035 -227.158200600005 5.6
vertex 40.03797440835196 -223.61473803430604 0
vertex 40.068975479199366 -223.6400419672811 0
endloop
endfacet
facet normal 0 0 1
outer loop
vertex 44.379241599996035 -227.158200600005 5.6
vertex 40.068975479199366 -223.6400419672811 0
vertex 40.10175389937421 -223.66679662202236 0
endloop
endfacet
facet normal 0 0 1
outer loop
vertex 44.379241599996035 -227.158200600005 5.6
vertex 40.10175389937421 -223.66679662202236 0
vertex 40.136309598305594 -223.69500194092794 0
endloop
endfacet
facet normal 0 0 1
outer loop
vertex 44.379241599996035 -227.158200600005 5.6
vertex 40.136309598305594 -223.69500194092794 0
vertex 40.17264250158981 -223.72465786326745 0
endloop
endfacet
facet normal 0 0 1
outer loop
vertex 44.379241599996035 -227.158200600005 5.6
vertex 40.17264250158981 -223.72465786326745 0
vertex 40.21075253099958 -223.75576432518963 0
endloop
endfacet
facet normal 0 0 1
outer loop
vertex 44.379241599996035 -227.158200600005 5.6
vertex 40.21075253099958 -223.75576432518963 0
vertex 40.2506396044805 -223.7883212597194 0
endloop
endfacet
facet normal 0 0 1
outer loop
vertex 44.379241599996035 -227.158200600005 5.6
vertex 40.2506396044805 -223.7883212597194 0
vertex 40.292303636153264 -223.8223285967597 0
endloop
endfacet
facet normal 0 0 1
outer loop
vertex 44.379241599996035 -227.158200600005 5.6
vertex 40.292303636153264 -223.8223285967597 0
vertex 40.33574453631074 -223.85778626308905 0
endloop
endfacet
facet normal 0 0 1
outer loop
vertex 44.379241599996035 -227.158200600005 5.6
vertex 40.33574453631074 -223.85778626308905 0
vertex 40.38096221141964 -223.89469418236303 0
endloop
endfacet
facet normal 0 0 1
outer loop
vertex 44.379241599996035 -227.158200600005 5.6
vertex 40.38096221141964 -223.89469418236303 0
vertex 40.427956564123896 -223.9330522751169 0
endloop
endfacet
facet normal 0 0 1
outer loop
vertex 44.379241599996035 -227.158200600005 5.6
vertex 40.427956564123896 -223.9330522751169 0
vertex 40.47672749324128 -223.9728604587629 0
endloop
endfacet
facet normal 0 0 1
outer loop
vertex 44.379241599996035 -227.158200600005 5.6
vertex 40.47672749324128 -223.9728604587629 0
vertex 40.52727489376086 -224.01411864758825 0
endloop
endfacet
facet normal 0 0 1
outer loop
vertex 44.379241599996035 -227.158200600005 5.6
vertex 40.52727489376086 -224.01411864758825 0
vertex 40.57959865685395 -224.05682675276393 0
endloop
endfacet
facet normal 0 0 1
outer loop
vertex 44.379241599996035 -227.158200600005 5.6
vertex 40.57959865685395 -224.05682675276393 0
vertex 40.633698669858504 -224.10098468233204 0
endloop
endfacet
facet normal 0 0 1
outer loop
vertex 44.379241599996035 -227.158200600005 5.6
vertex 40.633698669858504 -224.10098468233204 0
vertex 40.68957481629499 -224.1465923412188 0
endloop
endfacet
facet normal 0 0 1
outer loop
vertex 44.379241599996035 -227.158200600005 5.6
vertex 40.68957481629499 -224.1465923412188 0
vertex 40.74722697585603 -224.19364963122595 0
endloop
endfacet
facet normal 0 0 1
outer loop
vertex 44.379241599996035 -227.158200600005 5.6
vertex 40.74722697585603 -224.19364963122595 0
vertex 40.80665502441518 -224.24215645103808 0
endloop
endfacet
facet normal 0 0 1
outer loop
vertex 44.379241599996035 -227.158200600005 5.6
vertex 40.80665502441518 -224.24215645103808 0
vertex 40.86785883401374 -224.29211269621175 0
endloop
endfacet
facet normal 0 0 1
outer loop
vertex 44.379241599996035 -227.158200600005 5.6
vertex 40.86785883401374 -224.29211269621175 0
vertex 40.93083827287572 -224.34351825918773 0
endloop
endfacet
facet normal 0 0 1
outer loop
vertex 44.379241599996035 -227.158200600005 5.6
vertex 40.93083827287572 -224.34351825918773 0
vertex 40.99559320540096 -224.39637302928543 0
endloop
endfacet
facet normal 0 0 1
outer loop
vertex 44.379241599996035 -227.158200600005 5.6
vertex 40.99559320540096 -224.39637302928543 0
vertex 41.06212349217046 -224.45067689270718 0
endloop
endfacet
facet normal 0 0 1
outer loop
vertex 44.379241599996035 -227.158200600005 5.6
vertex 41.06212349217046 -224.45067689270718 0
vertex 41.13042898993404 -224.50642973252823 0
endloop
endfacet
facet normal 0 0 1
outer loop
vertex 44.379241599996035 -227.158200600005 5.6
vertex 41.13042898993404 -224.50642973252823 0
vertex 41.20050955162442 -224.5636314287082 0
endloop
endfacet
facet normal 0 0 1
outer loop
vertex 44.379241599996035 -227.158200600005 5.6
vertex 41.20050955162442 -224.5636314287082 0
vertex 41.27236502635284 -224.62228185808746 0
endloop
endfacet
facet normal 0 0 1
outer loop
vertex 44.379241599996035 -227.158200600005 5.6
vertex 41.27236502635284 -224.62228185808746 0
vertex 41.345995259409236 -224.68238089438742 0
endloop
endfacet
facet normal 0 0 1
outer loop
vertex 44.379241599996035 -227.158200600005 5.6
vertex 41.345995259409236 -224.68238089438742 0
vertex 41.42140009226329 -224.74392840821122 0
endloop
endfacet
facet normal 0 0 1
outer loop
vertex 44.379241599996035 -227.158200600005 5.6
vertex 41.42140009226329 -224.74392840821122 0
vertex 41.49857936255121 -224.80692426703303 0
endloop
endfacet
facet normal 0 0 1
outer loop
vertex 44.379241599996035 -227.158200600005 5.6
vertex 41.49857936255121 -224.80692426703303 0
vertex 41.57753290411752 -224.87136833523215 0
endloop
endfacet
facet normal 0 0 1
outer loop
vertex 44.379241599996035 -227.158200600005 5.6
vertex 41.57753290411752 -224.87136833523215 0
vertex 41.65826054694959 -224.93726047403956 0
endloop
endfacet
facet normal 0 0 1
outer loop
vertex 44.379241599996035 -227.158200600005 5.6
vertex 41.65826054694959 -224.93726047403956 0
vertex 41.74076211724384 -225.00460054159197 0
endloop
endfacet
facet normal 0 0 1
outer loop
vertex 44.379241599996035 -227.158200600005 5.6
vertex 41.74076211724384 -225.00460054159197 0
vertex 41.8250374373719 -225.07338839290418 0
endloop
endfacet
facet normal 0 0 1
outer loop
vertex 44.379241599996035 -227.158200600005 5.6
vertex 41.8250374373719 -225.07338839290418 0
vertex 41.91108632586753 -225.1436238798584 0
endloop
endfacet
facet normal 0 0 1
outer loop
vertex 44.379241599996035 -227.158200600005 5.6
vertex 41.91108632586753 -225.1436238798584 0
vertex 41.99890859747127 -225.21530685124077 0
endloop
endfacet
facet normal 0 0 1
outer loop
vertex 44.379241599996035 -227.158200600005 5.6
vertex 41.99890859747127 -225.21530685124077 0
vertex 42.088504063089914 -225.28843715270813 0
endloop
endfacet
facet normal 0 0 1
outer loop
vertex 44.379241599996035 -227.158200600005 5.6
vertex 42.088504063089914 -225.28843715270813 0
vertex 42.17987252981742 -225.36301462680524 0
endloop
endfacet
facet normal 0 0 1
outer loop
vertex 44.379241599996035 -227.158200600005 5.6
vertex 42.17987252981742 -225.36301462680524 0
vertex 42.27301380092855 -225.4390391129595 0
endloop
endfacet
facet normal 0 0 1
outer loop
vertex 44.379241599996035 -227.158200600005 5.6
vertex 42.27301380092855 -225.4390391129595 0
vertex 42.36792767588392 -225.51651044748513 0
endloop
endfacet
facet normal 0 0 1
outer loop
vertex 44.379241599996035 -227.158200600005 5.6
vertex 42.36792767588392 -225.51651044748513 0
vertex 42.46461395032531 -225.59542846357928 0
endloop
endfacet
facet normal 0 0 1
outer loop
vertex 44.379241599996035 -227.158200600005 5.6
vertex 42.46461395032531 -225.59542846357928 0
vertex 42.563072416079585 -225.67579299132527 0
endloop
endfacet
facet normal 0 0 1
outer loop
vertex 44.379241599996035 -227.158200600005 5.6
vertex 42.563072416079585 -225.67579299132527 0
vertex 42.66330286114944 -225.757603857685 0
endloop
endfacet
facet normal 0 0 1
outer loop
vertex 44.379241599996035 -227.158200600005 5.6
vertex 42.66330286114944 -225.757603857685 0
vertex 42.76530506974492 -225.84086088652478 0
endloop
endfacet
facet normal 0 0 1
outer loop
vertex 44.379241599996035 -227.158200600005 5.6
vertex 42.76530506974492 -225.84086088652478 0
vertex 42.86907882222934 -225.92556389857103 0
endloop
endfacet
facet normal 0 0 1
outer loop
vertex 44.379241599996035 -227.158200600005 5.6
vertex 42.86907882222934 -225.92556389857103 0
vertex 42.974623895178226 -226.0117127114585 0
endloop
endfacet
facet normal 0 0 1
outer loop
vertex 44.379241599996035 -227.158200600005 5.6
vertex 42.974623895178226 -226.0117127114585 0
vertex 43.081940061352746 -226.09930713970857 0
endloop
endfacet
facet normal 0 0 1
outer loop
vertex 44.379241599996035 -227.158200600005 5.6
vertex 43.081940061352746 -226.09930713970857 0
vertex 43.1910270896722 -226.18834699470676 0
endloop
endfacet
facet normal 0 0 1
outer loop
vertex 44.379241599996035 -227.158200600005 5.6
vertex 43.1910270896722 -226.18834699470676 0
vertex 43.3018847452708 -226.27883208474913 0
endloop
endfacet
facet normal 0 0 1
outer loop
vertex 44.379241599996035 -227.158200600005 5.6
vertex 43.3018847452708 -226.27883208474913 0
vertex 43.414512789469285 -226.37076221501903 0
endloop
endfacet
facet normal 0 0 1
outer loop
vertex 44.379241599996035 -227.158200600005 5.6
vertex 43.414512789469285 -226.37076221501903 0
vertex 43.52891097976366 -226.464137187578 0
endloop
endfacet
facet normal 0 0 1
outer loop
vertex 44.379241599996035 -227.158200600005 5.6
vertex 43.52891097976366 -226.464137187578 0
vertex 43.64507906984382 -226.55895680138087 0
endloop
endfacet
facet normal 0 0 1
outer loop
vertex 44.379241599996035 -227.158200600005 5.6
vertex 43.64507906984382 -226.55895680138087 0
vertex 43.76301680959202 -226.65522085227465 0
endloop
endfacet
facet normal 0 0 1
outer loop
vertex 44.379241599996035 -227.158200600005 5.6
vertex 43.76301680959202 -226.65522085227465 0
vertex 43.882723945077444 -226.75292913299396 0
endloop
endfacet
facet normal 0 0 1
outer loop
vertex 44.379241599996035 -227.158200600005 5.6
vertex 43.882723945077444 -226.75292913299396 0
vertex 44.0042002185598 -226.85208143316402 0
endloop
endfacet
facet normal 0 0 1
outer loop
vertex 44.379241599996035 -227.158200600005 5.6
vertex 44.0042002185598 -226.85208143316402 0
vertex 44.12744536848784 -226.95267753929946 0
endloop
endfacet
facet normal 0 0 1
outer loop
vertex 44.379241599996035 -227.158200600005 5.6
vertex 44.12744536848784 -226.95267753929946 0
vertex 44.252459129508566 -227.05471723481182 0
endloop
endfacet
facet normal 0 0 1
outer loop
vertex 44.379241599996035 -227.158200600005 5.6
vertex 44.252459129508566 -227.05471723481182 0
vertex 44.37924160000004 -227.1582006 0
endloop
endfacet
facet normal 0.10463209067683003 -0.9945109982300828 0
outer loop
vertex 45.362834149372446 -227.054717234811 5.600000000000001
vertex 44.379241599996035 -227.158200600005 5.6
vertex 44.37924160000004 -227.1582006 0
endloop
endfacet
facet normal 0.10463209067683003 -0.9945109982300828 0
outer loop
vertex 45.362834149372446 -227.054717234811 5.600000000000001
vertex 44.37924160000004 -227.1582006 0
vertex 45.362834149358065 -227.05471723481182 0
endloop
endfacet
facet normal 0.10317283443521325 -0.9946634437007345 0
outer loop
vertex 46.34657328465666 -226.95267753929878 5.6
vertex 45.362834149372446 -227.054717234811 5.600000000000001
vertex 45.362834149358065 -227.05471723481182 0
endloop
endfacet
facet normal 0.10317283443521325 -0.9946634437007345 0
outer loop
vertex 46.34657328465666 -226.95267753929878 5.6
vertex 45.362834149358065 -227.05471723481182 0
vertex 46.3465732846459 -226.95267753929946 0
endloop
endfacet
facet normal 0.10171321416842702 -0.9948137625020714 0
outer loop
vertex 47.3304610877632 -226.85208143316547 5.600000000000001
vertex 46.34657328465666 -226.95267753929878 5.6
vertex 46.3465732846459 -226.95267753929946 0
endloop
endfacet
facet normal 0.10171321416842702 -0.9948137625020714 0
outer loop
vertex 47.3304610877632 -226.85208143316547 5.600000000000001
vertex 46.3465732846459 -226.95267753929946 0
vertex 47.33046108777776 -226.85208143316402 0
endloop
endfacet
facet normal 0.10025337490390034 -0.9949619393827978 0
outer loop
vertex 48.314495440399185 -226.75292913299356 5.600000000000001
vertex 47.3304610877632 -226.85208143316547 5.600000000000001
vertex 47.33046108777776 -226.85208143316402 0
endloop
endfacet
facet normal 0.10025337490390034 -0.9949619393827978 0
outer loop
vertex 48.314495440399185 -226.75292913299356 5.600000000000001
vertex 47.33046108777776 -226.85208143316402 0
vertex 48.31449544039711 -226.75292913299396 0
endloop
endfacet
facet normal 0.0987933197854431 -0.9951079740238097 0
outer loop
vertex 49.298674223784055 -226.65522085227332 5.6
vertex 48.314495440399185 -226.75292913299356 5.600000000000001
vertex 48.31449544039711 -226.75292913299396 0
endloop
endfacet
facet normal 0.0987933197854431 -0.9951079740238097 0
outer loop
vertex 49.298674223784055 -226.65522085227332 5.6
vertex 48.31449544039711 -226.75292913299396 0
vertex 49.2986742237712 -226.65522085227465 0
endloop
endfacet
facet normal 0.09733305195615574 -0.995251866110735 0
outer loop
vertex 50.28299531889273 -226.55895680137968 5.600000000000001
vertex 49.298674223784055 -226.65522085227332 5.6
vertex 49.2986742237712 -226.65522085227465 0
endloop
endfacet
facet normal 0.09733305195615574 -0.995251866110735 0
outer loop
vertex 50.28299531889273 -226.55895680137968 5.600000000000001
vertex 49.2986742237712 -226.65522085227465 0
vertex 50.28299531887623 -226.55895680138087 0
endloop
endfacet
facet normal 0.09587257456036026 -0.9953936153337373 0
outer loop
vertex 51.26745660636363 -226.46413718757728 5.6
vertex 50.28299531889273 -226.55895680137968 5.600000000000001
vertex 50.28299531887623 -226.55895680138087 0
endloop
endfacet
facet normal 0.09587257456036026 -0.9953936153337373 0
outer loop
vertex 51.26745660636363 -226.46413718757728 5.6
vertex 50.28299531887623 -226.55895680138087 0
vertex 51.26745660637775 -226.464137187578 0
endloop
endfacet
facet normal 0.09441189074271956 -0.9955332213876065 0
outer loop
vertex 52.252055966696275 -226.37076221501616 5.600000000000001
vertex 51.26745660636363 -226.46413718757728 5.6
vertex 51.26745660637775 -226.464137187578 0
endloop
endfacet
facet normal 0.09441189074271956 -0.9955332213876065 0
outer loop
vertex 52.252055966696275 -226.37076221501616 5.600000000000001
vertex 51.26745660637775 -226.464137187578 0
vertex 52.25205596666305 -226.37076221501903 0
endloop
endfacet
facet normal 0.09295100364789734 -0.9956706839717883 0
outer loop
vertex 53.2367912797757 -226.27883208474935 5.6
vertex 52.252055966696275 -226.37076221501616 5.600000000000001
vertex 52.25205596666305 -226.37076221501903 0
endloop
endfacet
facet normal 0.09295100364789734 -0.9956706839717883 0
outer loop
vertex 53.2367912797757 -226.27883208474935 5.6
vertex 52.25205596666305 -226.37076221501903 0
vertex 53.236791279797984 -226.27883208474913 0
endloop
endfacet
facet normal 0.09148991642149444 -0.9958060027902965 0
outer loop
vertex 54.221660425526096 -226.18834699470366 5.6
vertex 53.2367912797757 -226.27883208474935 5.6
vertex 53.236791279797984 -226.27883208474913 0
endloop
endfacet
facet normal 0.09148991642149444 -0.9958060027902965 0
outer loop
vertex 54.221660425526096 -226.18834699470366 5.6
vertex 53.236791279797984 -226.27883208474913 0
vertex 54.221660425508645 -226.18834699470676 0
endloop
endfacet
facet normal 0.09002863220945308 -0.9959391775517695 0
outer loop
vertex 55.206661283366046 -226.09930713970735 5.6
vertex 54.221660425526096 -226.18834699470366 5.6
vertex 54.221660425508645 -226.18834699470676 0
endloop
endfacet
facet normal 0.09002863220945308 -0.9959391775517695 0
outer loop
vertex 55.206661283366046 -226.09930713970735 5.6
vertex 54.221660425508645 -226.18834699470676 0
vertex 55.206661283345824 -226.09930713970857 0
endloop
endfacet
facet normal 0.08856715415782918 -0.9960702079694902 0
outer loop
vertex 56.19179173256278 -226.0117127114631 5.6
vertex 55.206661283366046 -226.09930713970735 5.6
vertex 55.206661283345824 -226.09930713970857 0
endloop
endfacet
facet normal 0.08856715415782918 -0.9960702079694902 0
outer loop
vertex 56.19179173256278 -226.0117127114631 5.6
vertex 55.206661283345824 -226.09930713970857 0
vertex 56.19179173259309 -226.0117127114585 0
endloop
endfacet
facet normal 0.0871054854133604 -0.9961990937613339 0
outer loop
vertex 57.17704965200228 -225.92556389857057 5.6
vertex 56.19179173256278 -226.0117127114631 5.6
vertex 56.19179173259309 -226.0117127114585 0
endloop
endfacet
facet normal 0.0871054854133604 -0.9961990937613339 0
outer loop
vertex 57.17704965200228 -225.92556389857057 5.6
vertex 56.19179173259309 -226.0117127114585 0
vertex 57.177049651997805 -225.92556389857103 0
endloop
endfacet
facet normal 0.08564362912341053 -0.9963258346497755 0
outer loop
vertex 58.162432920299366 -225.84086088652631 5.600000000000001
vertex 57.17704965200228 -225.92556389857057 5.6
vertex 57.177049651997805 -225.92556389857103 0
endloop
endfacet
facet normal 0.08564362912341053 -0.9963258346497755 0
outer loop
vertex 58.162432920299366 -225.84086088652631 5.600000000000001
vertex 57.177049651997805 -225.92556389857103 0
vertex 58.16243292029361 -225.84086088652478 0
endloop
endfacet
facet normal 0.08418158843505807 -0.9964504303619677 0
outer loop
vertex 59.147939415953196 -225.75760385768527 5.600000000000001
vertex 58.162432920299366 -225.84086088652631 5.600000000000001
vertex 58.16243292029361 -225.84086088652478 0
endloop
endfacet
facet normal 0.08418158843505807 -0.9964504303619677 0
outer loop
vertex 59.147939415953196 -225.75760385768527 5.600000000000001
vertex 58.16243292029361 -225.84086088652478 0
vertex 59.14793941595744 -225.757603857685 0
endloop
endfacet
facet normal 0.08271936649634883 -0.996572880629632 0
outer loop
vertex 60.133567016945754 -225.67579299132538 5.6
vertex 59.147939415953196 -225.75760385768527 5.600000000000001
vertex 59.14793941595744 -225.757603857685 0
endloop
endfacet
facet normal 0.08271936649634883 -0.996572880629632 0
outer loop
vertex 60.133567016945754 -225.67579299132538 5.6
vertex 59.14793941595744 -225.757603857685 0
vertex 60.13356701694411 -225.67579299132527 0
endloop
endfacet
facet normal 0.08125696645583946 -0.9966931851891006 0
outer loop
vertex 61.11931360127508 -225.59542846357647 5.6
vertex 60.133567016945754 -225.67579299132538 5.6
vertex 60.13356701694411 -225.67579299132527 0
endloop
endfacet
facet normal 0.08125696645583946 -0.9966931851891006 0
outer loop
vertex 61.11931360127508 -225.59542846357647 5.6
vertex 60.13356701694411 -225.67579299132527 0
vertex 61.119313601255385 -225.59542846357928 0
endloop
endfacet
facet normal 0.07979439146194535 -0.9968113437813686 0
outer loop
vertex 62.10517704640096 -225.51651044748635 5.6
vertex 61.11931360127508 -225.59542846357647 5.6
vertex 61.119313601255385 -225.59542846357928 0
endloop
endfacet
facet normal 0.07979439146194535 -0.9968113437813686 0
outer loop
vertex 62.10517704640096 -225.51651044748635 5.6
vertex 61.119313601255385 -225.59542846357928 0
vertex 62.105177046418476 -225.51651044748513 0
endloop
endfacet
facet normal 0.07833164466387646 -0.9969273561520179 0
outer loop
vertex 63.091155229778735 -225.43903911296033 5.6
vertex 62.10517704640096 -225.51651044748635 5.6
vertex 62.105177046418476 -225.51651044748513 0
endloop
endfacet
facet normal 0.07833164466387646 -0.9969273561520179 0
outer loop
vertex 63.091155229778735 -225.43903911296033 5.6
vertex 62.105177046418476 -225.51651044748513 0
vertex 63.091155229790246 -225.4390391129595 0
endloop
endfacet
facet normal 0.07686872921075859 -0.9970412220512868 0
outer loop
vertex 64.07724602847813 -225.36301462680555 5.600000000000001
vertex 63.091155229778735 -225.43903911296033 5.6
vertex 63.091155229790246 -225.4390391129595 0
endloop
endfacet
facet normal 0.07686872921075859 -0.9970412220512868 0
outer loop
vertex 64.07724602847813 -225.36301462680555 5.600000000000001
vertex 63.091155229790246 -225.4390391129595 0
vertex 64.0772460284717 -225.36301462680524 0
endloop
endfacet
facet normal 0.07540564825256986 -0.9971529412339963 0
outer loop
vertex 65.06344731933507 -225.28843715270804 5.6
vertex 64.07724602847813 -225.36301462680555 5.600000000000001
vertex 64.0772460284717 -225.36301462680524 0
endloop
endfacet
facet normal 0.07540564825256986 -0.9971529412339963 0
outer loop
vertex 65.06344731933507 -225.28843715270804 5.6
vertex 64.0772460284717 -225.36301462680524 0
vertex 65.06344731934325 -225.28843715270813 0
endloop
endfacet
facet normal 0.07394240493965754 -0.9972625134595905 0
outer loop
vertex 66.04975697900963 -225.21530685124006 5.600000000000001
vertex 65.06344731933507 -225.28843715270804 5.6
vertex 65.06344731934325 -225.28843715270813 0
endloop
endfacet
facet normal 0.07394240493965754 -0.9972625134595905 0
outer loop
vertex 66.04975697900963 -225.21530685124006 5.600000000000001
vertex 65.06344731934325 -225.28843715270813 0
vertex 66.04975697901531 -225.21530685124077 0
endloop
endfacet
facet normal 0.07247900242219887 -0.997369938492174 0
outer loop
vertex 67.03617288388573 -225.1436238798607 5.600000000000001
vertex 66.04975697900963 -225.21530685124006 5.600000000000001
vertex 66.04975697901531 -225.21530685124077 0
endloop
endfacet
facet normal 0.07247900242219887 -0.997369938492174 0
outer loop
vertex 67.03617288388573 -225.1436238798607 5.600000000000001
vertex 66.04975697901531 -225.21530685124077 0
vertex 67.03617288388801 -225.1436238798584 0
endloop
endfacet
facet normal 0.07101544385110967 -0.9974752161004452 0
outer loop
vertex 68.02269291011496 -225.07338839290142 5.6
vertex 67.03617288388573 -225.1436238798607 5.600000000000001
vertex 67.03617288388801 -225.1436238798584 0
endloop
endfacet
facet normal 0.07101544385110967 -0.9974752161004452 0
outer loop
vertex 68.02269291011496 -225.07338839290142 5.6
vertex 67.03617288388801 -225.1436238798584 0
vertex 68.02269291007391 -225.07338839290418 0
endloop
endfacet
facet normal 0 0 1
outer loop
vertex 69.00931493359283 -225.0046005415964 5.6
vertex 68.73738574532376 -225.02355960000182 5.6
vertex 68.02269291011496 -225.07338839290142 5.6
endloop
endfacet
facet normal 0 0 1
outer loop
vertex 69.00931493359283 -225.0046005415964 5.6
vertex 68.02269291011496 -225.07338839290142 5.6
vertex 68.02269291007391 -225.07338839290418 0
endloop
endfacet
facet normal 0 0 1
outer loop
vertex 69.00931493359283 -225.0046005415964 5.6
vertex 68.02269291007391 -225.07338839290418 0
vertex 69.00931493363885 -225.00460054159197 0
endloop
endfacet
facet normal 0.06808787115321024 -0.9976793281419756 0
outer loop
vertex 69.99603683013211 -224.93726047403962 5.6
vertex 69.00931493359283 -225.0046005415964 5.6
vertex 69.00931493363885 -225.00460054159197 0
endloop
endfacet
facet normal 0.06808787115321024 -0.9976793281419756 0
outer loop
vertex 69.99603683013211 -224.93726047403962 5.6
vertex 69.00931493363885 -225.00460054159197 0
vertex 69.99603683013576 -224.93726047403956 0
endloop
endfacet
facet normal 0.06662386332970982 -0.9977781621357646 0
outer loop
vertex 70.98285647513418 -224.87136833523 5.600000000000001
vertex 69.99603683013211 -224.93726047403962 5.6
vertex 69.99603683013576 -224.93726047403956 0
endloop
endfacet
facet normal 0.06662386332970982 -0.9977781621357646 0
outer loop
vertex 70.98285647513418 -224.87136833523 5.600000000000001
vertex 69.99603683013576 -224.93726047403956 0
vertex 70.98285647511888 -224.87136833523215 0
endloop
endfacet
facet normal 0.06515971205925548 -0.9978748478262969 0
outer loop
vertex 71.96977174397952 -224.80692426703317 5.600000000000001
vertex 70.98285647513418 -224.87136833523 5.600000000000001
vertex 70.98285647511888 -224.87136833523215 0
endloop
endfacet
facet normal 0.06515971205925548 -0.9978748478262969 0
outer loop
vertex 71.96977174397952 -224.80692426703317 5.600000000000001
vertex 70.98285647511888 -224.87136833523215 0
vertex 71.96977174400499 -224.80692426703303 0
endloop
endfacet
facet normal 0.06369542049412757 -0.9979693850054101 0
outer loop
vertex 72.9567805116501 -224.7439284082107 5.600000000000001
vertex 71.96977174397952 -224.80692426703317 5.600000000000001
vertex 71.96977174400499 -224.80692426703303 0
endloop
endfacet
facet normal 0.06369542049412757 -0.9979693850054101 0
outer loop
vertex 72.9567805116501 -224.7439284082107 5.600000000000001
vertex 71.96977174400499 -224.80692426703303 0
vertex 72.95678051164597 -224.74392840821122 0
endloop
endfacet
facet normal 0.06223099178731668 -0.9980617734695418 0
outer loop
vertex 73.94388065316559 -224.68238089438827 5.600000000000001
vertex 72.9567805116501 -224.7439284082107 5.600000000000001
vertex 72.95678051164597 -224.74392840821122 0
endloop
endfacet
facet normal 0.06223099178731668 -0.9980617734695418 0
outer loop
vertex 73.94388065316559 -224.68238089438827 5.600000000000001
vertex 72.95678051164597 -224.74392840821122 0
vertex 73.94388065315732 -224.68238089438742 0
endloop
endfacet
facet normal 0.06076642909170007 -0.9981520130197822 0
outer loop
vertex 74.93107004308904 -224.62228185808718 5.6
vertex 73.94388065316559 -224.68238089438827 5.600000000000001
vertex 73.94388065315732 -224.68238089438742 0
endloop
endfacet
facet normal 0.06076642909170007 -0.9981520130197822 0
outer loop
vertex 74.93107004308904 -224.62228185808718 5.6
vertex 73.94388065315732 -224.68238089438742 0
vertex 74.9310700430881 -224.62228185808746 0
endloop
endfacet
facet normal 0.059301735560666216 -0.998240103461834 0
outer loop
vertex 75.91834655594411 -224.5636314287087 5.600000000000001
vertex 74.93107004308904 -224.62228185808718 5.6
vertex 74.9310700430881 -224.62228185808746 0
endloop
endfacet
facet normal 0.059301735560666216 -0.998240103461834 0
outer loop
vertex 75.91834655594411 -224.5636314287087 5.600000000000001
vertex 74.9310700430881 -224.62228185808746 0
vertex 75.91834655596115 -224.5636314287082 0
endloop
endfacet
facet normal 0.05783691434800174 -0.9983260446060205 0
outer loop
vertex 76.90570806611632 -224.50642973252653 5.6
vertex 75.91834655594411 -224.5636314287087 5.600000000000001
vertex 75.91834655596115 -224.5636314287082 0
endloop
endfacet
facet normal 0.05783691434800174 -0.9983260446060205 0
outer loop
vertex 76.90570806611632 -224.50642973252653 5.6
vertex 75.91834655596115 -224.5636314287082 0
vertex 76.90570806609445 -224.50642973252823 0
endloop
endfacet
facet normal 0.056371968607265885 -0.9984098362673224 0
outer loop
vertex 77.89315244763515 -224.4506768927066 5.6
vertex 76.90570806611632 -224.50642973252653 5.6
vertex 76.90570806609445 -224.50642973252823 0
endloop
endfacet
facet normal 0.056371968607265885 -0.9984098362673224 0
outer loop
vertex 77.89315244763515 -224.4506768927066 5.6
vertex 76.90570806609445 -224.50642973252823 0
vertex 77.8931524476266 -224.45067689270718 0
endloop
endfacet
facet normal 0.05490690149281366 -0.9984914782653173 0
outer loop
vertex 78.88067757448593 -224.39637302928742 5.6
vertex 77.89315244763515 -224.4506768927066 5.6
vertex 77.8931524476266 -224.45067689270718 0
endloop
endfacet
facet normal 0.05490690149281366 -0.9984914782653173 0
outer loop
vertex 78.88067757448593 -224.39637302928742 5.6
vertex 77.8931524476266 -224.45067689270718 0
vertex 78.88067757451145 -224.39637302928543 0
endloop
endfacet
facet normal 0.053441716158999904 -0.9985709704242263 0
outer loop
vertex 79.86828132045291 -224.3435182591882 5.6
vertex 78.88067757448593 -224.39637302928742 5.6
vertex 78.88067757451145 -224.39637302928543 0
endloop
endfacet
facet normal 0.053441716158999904 -0.9985709704242263 0
outer loop
vertex 79.86828132045291 -224.3435182591882 5.6
vertex 78.88067757451145 -224.39637302928543 0
vertex 79.86828132045045 -224.34351825918773 0
endloop
endfacet
facet normal 0.05197641576040724 -0.9986483125729003 0
outer loop
vertex 80.85596155912219 -224.29211269621197 5.6
vertex 79.86828132045291 -224.3435182591882 5.6
vertex 79.86828132045045 -224.34351825918773 0
endloop
endfacet
facet normal 0.05197641576040724 -0.9986483125729003 0
outer loop
vertex 80.85596155912219 -224.29211269621197 5.6
vertex 79.86828132045045 -224.34351825918773 0
vertex 80.85596155910824 -224.29211269621175 0
endloop
endfacet
facet normal 0.05051100345241365 -0.9987235045447915 0
outer loop
vertex 81.84371616391476 -224.24215645103803 5.6
vertex 80.85596155912219 -224.29211269621197 5.6
vertex 80.85596155910824 -224.29211269621175 0
endloop
endfacet
facet normal 0.05051100345241365 -0.9987235045447915 0
outer loop
vertex 81.84371616391476 -224.24215645103803 5.6
vertex 80.85596155910824 -224.29211269621175 0
vertex 81.84371616391918 -224.24215645103808 0
endloop
endfacet
facet normal 0.049045482389459494 -0.9987965461780419 0
outer loop
vertex 82.83154300818741 -224.1936496312265 5.600000000000001
vertex 81.84371616391476 -224.24215645103803 5.6
vertex 81.84371616391918 -224.24215645103808 0
endloop
endfacet
facet normal 0.049045482389459494 -0.9987965461780419 0
outer loop
vertex 82.83154300818741 -224.1936496312265 5.600000000000001
vertex 81.84371616391918 -224.24215645103808 0
vertex 82.83154300818848 -224.19364963122595 0
endloop
endfacet
facet normal 0.047579855727519806 -0.9988674373153569 0
outer loop
vertex 83.81943996494367 -224.14659234121956 5.6
vertex 82.83154300818741 -224.1936496312265 5.600000000000001
vertex 82.83154300818848 -224.19364963122595 0
endloop
endfacet
facet normal 0.047579855727519806 -0.9988674373153569 0
outer loop
vertex 83.81943996494367 -224.14659234121956 5.6
vertex 82.83154300818848 -224.19364963122595 0
vertex 83.81943996495178 -224.1465923412188 0
endloop
endfacet
facet normal 0.046114126621944265 -0.9989361778041155 0
outer loop
vertex 84.80740490723502 -224.1009846823329 5.600000000000001
vertex 83.81943996494367 -224.14659234121956 5.6
vertex 83.81943996495178 -224.1465923412188 0
endloop
endfacet
facet normal 0.046114126621944265 -0.9989361778041155 0
outer loop
vertex 84.80740490723502 -224.1009846823329 5.600000000000001
vertex 83.81943996495178 -224.1465923412188 0
vertex 84.8074049072444 -224.10098468233204 0
endloop
endfacet
facet normal 0.04464829822853745 -0.9990027674963146 0
outer loop
vertex 85.79543570787823 -224.05682675276194 5.6
vertex 84.80740490723502 -224.1009846823329 5.600000000000001
vertex 84.8074049072444 -224.10098468233204 0
endloop
endfacet
facet normal 0.04464829822853745 -0.9990027674963146 0
outer loop
vertex 85.79543570787823 -224.05682675276194 5.6
vertex 84.8074049072444 -224.10098468233204 0
vertex 85.7954357078727 -224.05682675276393 0
endloop
endfacet
facet normal 0.043182373703587025 -0.9990672062485706 0
outer loop
vertex 86.78353023958005 -224.01411864758697 5.600000000000001
vertex 85.79543570787823 -224.05682675276194 5.6
vertex 85.7954357078727 -224.05682675276393 0
endloop
endfacet
facet normal 0.043182373703587025 -0.9990672062485706 0
outer loop
vertex 86.78353023958005 -224.01411864758697 5.600000000000001
vertex 85.7954357078727 -224.05682675276393 0
vertex 86.783530239565 -224.01411864758825 0
endloop
endfacet
facet normal 0.04171635620332384 -0.9991294939221429 0
outer loop
vertex 87.7716863747891 -223.97286045876172 5.6
vertex 86.78353023958005 -224.01411864758697 5.600000000000001
vertex 86.783530239565 -224.01411864758825 0
endloop
endfacet
facet normal 0.04171635620332384 -0.9991294939221429 0
outer loop
vertex 87.7716863747891 -223.97286045876172 5.6
vertex 86.783530239565 -224.01411864758825 0
vertex 87.77168637478186 -223.9728604587629 0
endloop
endfacet
facet normal 0.04025024888403547 -0.9991896303829286 0
outer loop
vertex 88.75990198603536 -223.93305227511584 5.600000000000001
vertex 87.7716863747891 -223.97286045876172 5.6
vertex 87.77168637478186 -223.9728604587629 0
endloop
endfacet
facet normal 0.04025024888403547 -0.9991896303829286 0
outer loop
vertex 88.75990198603536 -223.93305227511584 5.600000000000001
vertex 87.77168637478186 -223.9728604587629 0
vertex 88.75990198602186 -223.9330522751169 0
endloop
endfacet
facet normal 0.03878405490226556 -0.9992476155014522 0
outer loop
vertex 89.74817494549099 -223.89469418236362 5.600000000000001
vertex 88.75990198603536 -223.93305227511584 5.600000000000001
vertex 88.75990198602186 -223.9330522751169 0
endloop
endfacet
facet normal 0.03878405490226556 -0.9992476155014522 0
outer loop
vertex 89.74817494549099 -223.89469418236362 5.600000000000001
vertex 88.75990198602186 -223.9330522751169 0
vertex 89.74817494551739 -223.89469418236303 0
endloop
endfacet
facet normal 0.03731777741532484 -0.9993034491528489 0
outer loop
vertex 90.73650312544784 -223.85778626308894 5.600000000000001
vertex 89.74817494549099 -223.89469418236362 5.600000000000001
vertex 89.74817494551739 -223.89469418236303 0
endloop
endfacet
facet normal 0.03731777741532484 -0.9993034491528489 0
outer loop
vertex 90.73650312544784 -223.85778626308894 5.600000000000001
vertex 89.74817494551739 -223.89469418236303 0
vertex 90.73650312543674 -223.85778626308905 0
endloop
endfacet
facet normal 0.03585141957964311 -0.999357131216926 0
outer loop
vertex 91.72488439788052 -223.82232859675912 5.6
vertex 90.73650312544784 -223.85778626308894 5.600000000000001
vertex 90.73650312543674 -223.85778626308905 0
endloop
endfacet
facet normal 0.03585141957964311 -0.999357131216926 0
outer loop
vertex 91.72488439788052 -223.82232859675912 5.6
vertex 90.73650312543674 -223.85778626308905 0
vertex 91.72488439786714 -223.8223285967597 0
endloop
endfacet
facet normal 0.03438498455307125 -0.999408661578078 0
outer loop
vertex 92.71331663469034 -223.78832125971954 5.600000000000001
vertex 91.72488439788052 -223.82232859675912 5.6
vertex 91.72488439786714 -223.8223285967597 0
endloop
endfacet
facet normal 0.03438498455307125 -0.999408661578078 0
outer loop
vertex 92.71331663469034 -223.78832125971954 5.600000000000001
vertex 91.72488439786714 -223.8223285967597 0
vertex 92.71331663470086 -223.7883212597194 0
endloop
endfacet
facet normal 0.03291847549246541 -0.9994580401253732 0
outer loop
vertex 93.70179770772866 -223.75576432519043 5.600000000000001
vertex 92.71331663469034 -223.78832125971954 5.600000000000001
vertex 92.71331663470086 -223.7883212597194 0
endloop
endfacet
facet normal 0.03291847549246541 -0.9994580401253732 0
outer loop
vertex 93.70179770772866 -223.75576432519043 5.600000000000001
vertex 92.71331663470086 -223.7883212597194 0
vertex 93.70179770774041 -223.75576432518963 0
endloop
endfacet
facet normal 0.03145189555550588 -0.9995052667524897 0
outer loop
vertex 94.69032548873369 -223.72465786326669 5.6
vertex 93.70179770772866 -223.75576432519043 5.600000000000001
vertex 93.70179770774041 -223.75576432518963 0
endloop
endfacet
facet normal 0.03145189555550588 -0.9995052667524897 0
outer loop
vertex 94.69032548873369 -223.72465786326669 5.6
vertex 93.70179770774041 -223.75576432518963 0
vertex 94.69032548872516 -223.72465786326745 0
endloop
endfacet
facet normal 0.029985247900015097 -0.99955034135774 0
outer loop
vertex 95.67889784925919 -223.69500194092745 5.6
vertex 94.69032548873369 -223.72465786326669 5.6
vertex 94.69032548872516 -223.72465786326745 0
endloop
endfacet
facet normal 0.029985247900015097 -0.99955034135774 0
outer loop
vertex 95.67889784925919 -223.69500194092745 5.6
vertex 94.69032548872516 -223.72465786326745 0
vertex 95.67889784925912 -223.69500194092794 0
endloop
endfacet
facet normal 0.028518535683417657 -0.9995932638440865 0
outer loop
vertex 96.6675126608807 -223.66679662202358 5.6
vertex 95.67889784925919 -223.69500194092745 5.6
vertex 95.67889784925912 -223.69500194092794 0
endloop
endfacet
facet normal 0.028518535683417657 -0.9995932638440865 0
outer loop
vertex 96.6675126608807 -223.66679662202358 5.6
vertex 95.67889784925912 -223.69500194092794 0
vertex 96.6675126608871 -223.66679662202236 0
endloop
endfacet
facet normal 0.02705176206421812 -0.9996340341190976 0
outer loop
vertex 97.65616779498725 -223.64004196728018 5.600000000000001
vertex 96.6675126608807 -223.66679662202358 5.6
vertex 96.6675126608871 -223.66679662202236 0
endloop
endfacet
facet normal 0.02705176206421812 -0.9996340341190976 0
outer loop
vertex 97.65616779498725 -223.64004196728018 5.600000000000001
vertex 96.6675126608871 -223.66679662202236 0
vertex 97.65616779495903 -223.6400419672811 0
endloop
endfacet
facet normal 0.025584930200068363 -0.9996726520950034 0
outer loop
vertex 98.64486112294762 -223.61473803430613 5.600000000000001
vertex 97.65616779498725 -223.64004196728018 5.600000000000001
vertex 97.65616779495903 -223.6400419672811 0
endloop
endfacet
facet normal 0.025584930200068363 -0.9996726520950034 0
outer loop
vertex 98.64486112294762 -223.61473803430613 5.600000000000001
vertex 97.65616779495903 -223.6400419672811 0
vertex 98.64486112293768 -223.61473803430604 0
endloop
endfacet
facet normal 0.024118043249245595 -0.9997091176886543 0
outer loop
vertex 99.63359051598769 -223.59088487758248 5.600000000000001
vertex 98.64486112294762 -223.61473803430613 5.600000000000001
vertex 98.64486112293768 -223.61473803430604 0
endloop
endfacet
facet normal 0.024118043249245595 -0.9997091176886543 0
outer loop
vertex 99.63359051598769 -223.59088487758248 5.600000000000001
vertex 98.64486112293768 -223.61473803430604 0
vertex 99.633590515998 -223.5908848775811 0
endloop
endfacet
facet normal 0.022651104370368113 -0.9997434308215297 0
outer loop
vertex 100.62235384530305 -223.56848254846363 5.600000000000001
vertex 99.63359051598769 -223.59088487758248 5.600000000000001
vertex 99.633590515998 -223.5908848775811 0
endloop
endfacet
facet normal 0.022651104370368113 -0.9997434308215297 0
outer loop
vertex 100.62235384530305 -223.56848254846363 5.600000000000001
vertex 99.633590515998 -223.5908848775811 0
vertex 100.62235384531886 -223.5684825484639 0
endloop
endfacet
facet normal 0.02118411672148568 -0.9997755914197599 0
outer loop
vertex 101.61114898200928 -223.54753109518776 5.600000000000001
vertex 100.62235384530305 -223.56848254846363 5.600000000000001
vertex 100.62235384531886 -223.5684825484639 0
endloop
endfacet
facet normal 0.02118411672148568 -0.9997755914197599 0
outer loop
vertex 101.61114898200928 -223.54753109518776 5.600000000000001
vertex 100.62235384531886 -223.5684825484639 0
vertex 101.6111489820248 -223.54753109518836 0
endloop
endfacet
facet normal 0.01971708346155765 -0.9998055994140911 0
outer loop
vertex 102.59997379713826 -223.528030562865 5.6
vertex 101.61114898200928 -223.54753109518776 5.600000000000001
vertex 101.6111489820248 -223.54753109518836 0
endloop
endfacet
facet normal 0.01971708346155765 -0.9998055994140911 0
outer loop
vertex 102.59997379713826 -223.528030562865 5.6
vertex 101.6111489820248 -223.54753109518836 0
vertex 102.59997379713877 -223.52803056286498 0
endloop
endfacet
facet normal 0.018250007749003316 -0.9998334547399188 0
outer loop
vertex 103.58882616164848 -223.50998099347842 5.6
vertex 102.59997379713826 -223.528030562865 5.6
vertex 102.59997379713877 -223.52803056286498 0
endloop
endfacet
facet normal 0.018250007749003316 -0.9998334547399188 0
outer loop
vertex 103.58882616164848 -223.50998099347842 5.6
vertex 102.59997379713877 -223.52803056286498 0
vertex 103.58882616162477 -223.50998099348027 0
endloop
endfacet
facet normal 0.016782892742526204 -0.9998591573372686 0
outer loop
vertex 104.57770394647993 -223.49338242589465 5.6
vertex 103.58882616164848 -223.50998099347842 5.6
vertex 103.58882616162477 -223.50998099348027 0
endloop
endfacet
facet normal 0.016782892742526204 -0.9998591573372686 0
outer loop
vertex 104.57770394647993 -223.49338242589465 5.6
vertex 103.58882616162477 -223.50998099348027 0
vertex 104.57770394646698 -223.49338242589536 0
endloop
endfacet
facet normal 0.015315741601000353 -0.9998827071507995 0
outer loop
vertex 105.56660502245279 -223.47823489585102 5.600000000000001
vertex 104.57770394647993 -223.49338242589465 5.6
vertex 104.57770394646698 -223.49338242589536 0
endloop
endfacet
facet normal 0.015315741601000353 -0.9998827071507995 0
outer loop
vertex 105.56660502245279 -223.47823489585102 5.600000000000001
vertex 104.57770394646698 -223.49338242589536 0
vertex 105.56660502242184 -223.47823489585014 0
endloop
endfacet
facet normal 0.01384855748338509 -0.9999041041298058 0
outer loop
vertex 106.55552726041019 -223.4645384359581 5.600000000000001
vertex 105.56660502245279 -223.47823489585102 5.600000000000001
vertex 105.56660502242184 -223.47823489585014 0
endloop
endfacet
facet normal 0.01384855748338509 -0.9999041041298058 0
outer loop
vertex 106.55552726041019 -223.4645384359581 5.600000000000001
vertex 105.56660502242184 -223.47823489585014 0
vertex 106.55552726044368 -223.46453843595634 0
endloop
endfacet
facet normal 0.012381343548497625 -0.9999233482282202 0
outer loop
vertex 107.54446853111878 -223.45229307570665 5.600000000000001
vertex 106.55552726041019 -223.4645384359581 5.600000000000001
vertex 106.55552726044368 -223.46453843595634 0
endloop
endfacet
facet normal 0.012381343548497625 -0.9999233482282202 0
outer loop
vertex 107.54446853111878 -223.45229307570665 5.600000000000001
vertex 106.55552726044368 -223.46453843595634 0
vertex 107.54446853110518 -223.4522930757064 0
endloop
endfacet
facet normal 0.010914102955666749 -0.9999404394046043 0
outer loop
vertex 108.53342670530093 -223.44149884146466 5.6
vertex 107.54446853111878 -223.45229307570665 5.600000000000001
vertex 107.54446853110518 -223.4522930757064 0
endloop
endfacet
facet normal 0.010914102955666749 -0.9999404394046043 0
outer loop
vertex 108.53342670530093 -223.44149884146466 5.6
vertex 107.54446853110518 -223.4522930757064 0
vertex 108.53342670528076 -223.44149884146358 0
endloop
endfacet
facet normal 0.00944683886382336 -0.9999553776221624 0
outer loop
vertex 109.52239965362756 -223.43215575646965 5.600000000000001
vertex 108.53342670530093 -223.44149884146466 5.6
vertex 108.53342670528076 -223.44149884146358 0
endloop
endfacet
facet normal 0.00944683886382336 -0.9999553776221624 0
outer loop
vertex 109.52239965362756 -223.43215575646965 5.600000000000001
vertex 108.53342670528076 -223.44149884146358 0
vertex 109.5223996536261 -223.43215575646926 0
endloop
endfacet
facet normal 0.007979554432097302 -0.9999681628487306 0
outer loop
vertex 110.51138524676388 -223.42426384083913 5.600000000000001
vertex 109.52239965362756 -223.43215575646965 5.600000000000001
vertex 109.5223996536261 -223.43215575646926 0
endloop
endfacet
facet normal 0.007979554432097302 -0.9999681628487306 0
outer loop
vertex 110.51138524676388 -223.42426384083913 5.600000000000001
vertex 109.5223996536261 -223.43215575646926 0
vertex 110.51138524678616 -223.42426384083996 0
endloop
endfacet
facet normal 0.0065122528196468465 -0.9999787950567817 0
outer loop
vertex 111.50038135532955 -223.41782311156933 5.6
vertex 110.51138524676388 -223.42426384083913 5.600000000000001
vertex 110.51138524678616 -223.42426384083996 0
endloop
endfacet
facet normal 0.0065122528196468465 -0.9999787950567817 0
outer loop
vertex 111.50038135532955 -223.41782311156933 5.6
vertex 110.51138524678616 -223.42426384083996 0
vertex 111.50038135532955 -223.41782311156933 0
endloop
endfacet
facet normal 0.005044937185687104 -0.9999872742234237 0
outer loop
vertex 112.48938584993925 -223.4128335825206 5.600000000000003
vertex 111.50038135532955 -223.41782311156933 5.6
vertex 111.50038135532955 -223.41782311156933 0
endloop
endfacet
facet normal 0.005044937185687104 -0.9999872742234237 0
outer loop
vertex 112.48938584993925 -223.4128335825206 5.600000000000003
vertex 111.50038135532955 -223.41782311156933 0
vertex 112.48938584993925 -223.4128335825206 0
endloop
endfacet
facet normal 0.0035776106896605597 -0.9999936003303987 0
outer loop
vertex 113.47839660117664 -223.40929526444035 5.6
vertex 112.48938584993925 -223.4128335825206 5.600000000000003
vertex 112.48938584993925 -223.4128335825206 0
endloop
endfacet
facet normal 0.0035776106896605597 -0.9999936003303987 0
outer loop
vertex 113.47839660117664 -223.40929526444035 5.6
vertex 112.48938584993925 -223.4128335825206 0
vertex 113.47839660117664 -223.40929526444035 0
endloop
endfacet
facet normal 0.0021102764907254823 -0.9999977733640875 0
outer loop
vertex 114.46741147961575 -223.40720816494724 5.600000000000003
vertex 113.47839660117664 -223.40929526444035 5.6
vertex 113.47839660117664 -223.40929526444035 0
endloop
endfacet
facet normal 0.0021102764907254823 -0.9999977733640875 0
outer loop
vertex 114.46741147961575 -223.40720816494724 5.600000000000003
vertex 113.47839660117664 -223.40929526444035 0
vertex 114.46741147961575 -223.40720816494724 0
endloop
endfacet
facet normal 0.000642937748125405 -0.9999997933155047 0
outer loop
vertex 115.45642835581462 -223.40657228853124 5.600000000000001
vertex 114.46741147961575 -223.40720816494724 5.600000000000003
vertex 114.46741147961575 -223.40720816494724 0
endloop
endfacet
facet normal 0.000642937748125405 -0.9999997933155047 0
outer loop
vertex 115.45642835581462 -223.40657228853124 5.600000000000001
vertex 114.46741147961575 -223.40720816494724 0
vertex 115.45642835580718 -223.40657228853217 0
endloop
endfacet
facet normal -0.0008244023787824517 -0.9999996601803013 0
outer loop
vertex 116.4454451003539 -223.40738763656705 5.600000000000001
vertex 115.45642835581462 -223.40657228853124 5.600000000000001
vertex 115.45642835580718 -223.40657228853217 0
endloop
endfacet
facet normal -0.0008244023787824517 -0.9999996601803013 0
outer loop
vertex 116.4454451003539 -223.40738763656705 5.600000000000001
vertex 115.45642835580718 -223.40657228853217 0
vertex 116.4454451003539 -223.40738763656705 0
endloop
endfacet
facet normal -0.0022917407306692894 -0.9999973739587638 0
outer loop
vertex 117.43445958377428 -223.40965420729296 5.600000000000001
vertex 116.4454451003539 -223.40738763656705 5.600000000000001
vertex 116.4454451003539 -223.40738763656705 0
endloop
endfacet
facet normal -0.0022917407306692894 -0.9999973739587638 0
outer loop
vertex 117.43445958377428 -223.40965420729296 5.600000000000001
vertex 116.4454451003539 -223.40738763656705 0
vertex 117.43445958377428 -223.40965420729296 0
endloop
endfacet
facet normal -0.00375907414837684 -0.999992934655814 0
outer loop
vertex 118.42346967664817 -223.41337199583384 5.6
vertex 117.43445958377428 -223.40965420729296 5.600000000000001
vertex 117.43445958377428 -223.40965420729296 0
endloop
endfacet
facet normal -0.00375907414837684 -0.999992934655814 0
outer loop
vertex 118.42346967664817 -223.41337199583384 5.6
vertex 117.43445958377428 -223.40965420729296 0
vertex 118.42346967664817 -223.41337199583384 0
endloop
endfacet
facet normal -0.0052263994722352445 -0.9999863422810117 0
outer loop
vertex 119.41247324955079 -223.418540994182 5.6
vertex 118.42346967664817 -223.41337199583384 5.6
vertex 118.42346967664817 -223.41337199583384 0
endloop
endfacet
facet normal -0.0052263994722352445 -0.9999863422810117 0
outer loop
vertex 119.41247324955079 -223.418540994182 5.6
vertex 118.42346967664817 -223.41337199583384 0
vertex 119.41247324955079 -223.418540994182 0
endloop
endfacet
facet normal -0.006693713543199921 -0.9999775968485503 0
outer loop
vertex 120.40146817305565 -223.4251611912096 5.600000000000001
vertex 119.41247324955079 -223.418540994182 5.6
vertex 119.41247324955079 -223.418540994182 0
endloop
endfacet
facet normal -0.006693713543199921 -0.9999775968485503 0
outer loop
vertex 120.40146817305565 -223.4251611912096 5.600000000000001
vertex 119.41247324955079 -223.418540994182 0
vertex 120.40146817309342 -223.42516119120847 0
endloop
endfacet
facet normal -0.008161013202112597 -0.9999666983772584 0
outer loop
vertex 121.39045231785474 -223.43323257266061 5.6
vertex 120.40146817305565 -223.4251611912096 5.600000000000001
vertex 120.40146817309342 -223.42516119120847 0
endloop
endfacet
facet normal -0.008161013202112597 -0.9999666983772584 0
outer loop
vertex 121.39045231785474 -223.43323257266061 5.6
vertex 120.40146817309342 -223.42516119120847 0
vertex 121.39045231780965 -223.43323257266027 0
endloop
endfacet
facet normal -0.009628295289758173 -0.9999536468906013 0
outer loop
vertex 122.37942355441791 -223.4427551211583 5.6
vertex 121.39045231785474 -223.43323257266061 5.6
vertex 121.39045231780965 -223.43323257266027 0
endloop
endfacet
facet normal -0.009628295289758173 -0.9999536468906013 0
outer loop
vertex 122.37942355441791 -223.4427551211583 5.6
vertex 121.39045231780965 -223.43323257266027 0
vertex 122.3794235543902 -223.44275512115885 0
endloop
endfacet
facet normal -0.011095556646637306 -0.9999384424166826 0
outer loop
vertex 123.36837975352705 -223.45372881620239 5.6
vertex 122.37942355441791 -223.4427551211583 5.6
vertex 122.3794235543902 -223.44275512115885 0
endloop
endfacet
facet normal -0.011095556646637306 -0.9999384424166826 0
outer loop
vertex 123.36837975352705 -223.45372881620239 5.6
vertex 122.3794235543902 -223.44275512115885 0
vertex 123.36837975356049 -223.4537288162019 0
endloop
endfacet
facet normal -0.01256279411398964 -0.9999210849882352 0
outer loop
vertex 124.35731878585788 -223.46615363416063 5.6
vertex 123.36837975352705 -223.45372881620239 5.6
vertex 123.36837975356049 -223.4537288162019 0
endloop
endfacet
facet normal -0.01256279411398964 -0.9999210849882352 0
outer loop
vertex 124.35731878585788 -223.46615363416063 5.6
vertex 123.36837975356049 -223.4537288162019 0
vertex 124.35731878584961 -223.46615363416052 0
endloop
endfacet
facet normal -0.01403000453245795 -0.9999015746426342 0
outer loop
vertex 125.34623852213832 -223.4800295482838 5.600000000000001
vertex 124.35731878585788 -223.46615363416063 5.6
vertex 124.35731878584961 -223.46615363416052 0
endloop
endfacet
facet normal -0.01403000453245795 -0.9999015746426342 0
outer loop
vertex 125.34623852213832 -223.4800295482838 5.600000000000001
vertex 124.35731878584961 -223.46615363416052 0
vertex 125.34623852214894 -223.48002954828485 0
endloop
endfacet
facet normal -0.015497184743082922 -0.9998799114218861 0
outer loop
vertex 126.33513683309269 -223.49535652869866 5.600000000000001
vertex 125.34623852213832 -223.4800295482838 5.600000000000001
vertex 125.34623852214894 -223.48002954828485 0
endloop
endfacet
facet normal -0.015497184743082922 -0.9998799114218861 0
outer loop
vertex 126.33513683309269 -223.49535652869866 5.600000000000001
vertex 125.34623852214894 -223.48002954828485 0
vertex 126.33513683307261 -223.4953565286966 0
endloop
endfacet
facet normal -0.016964331586962086 -0.999856095372633 0
outer loop
vertex 127.32401158955436 -223.51213454239704 5.600000000000001
vertex 126.33513683309269 -223.49535652869866 5.600000000000001
vertex 126.33513683307261 -223.4953565286966 0
endloop
endfacet
facet normal -0.016964331586962086 -0.999856095372633 0
outer loop
vertex 127.32401158955436 -223.51213454239704 5.600000000000001
vertex 126.33513683307261 -223.4953565286966 0
vertex 127.32401158958098 -223.51213454239777 0
endloop
endfacet
facet normal -0.018431441905249812 -0.9998301265461516 0
outer loop
vertex 128.3128606624406 -223.53036355326142 5.6
vertex 127.32401158955436 -223.51213454239704 5.600000000000001
vertex 127.32401158958098 -223.51213454239777 0
endloop
endfacet
facet normal -0.018431441905249812 -0.9998301265461516 0
outer loop
vertex 128.3128606624406 -223.53036355326142 5.6
vertex 127.32401158958098 -223.51213454239777 0
vertex 128.31286066242916 -223.53036355326205 0
endloop
endfacet
facet normal -0.019898512538873092 -0.9998020049983598 0
outer loop
vertex 129.30168192263173 -223.55004352204162 5.6
vertex 128.3128606624406 -223.53036355326142 5.6
vertex 128.31286066242916 -223.53036355326205 0
endloop
endfacet
facet normal -0.019898512538873092 -0.9998020049983598 0
outer loop
vertex 129.30168192263173 -223.55004352204162 5.6
vertex 128.31286066242916 -223.53036355326205 0
vertex 129.30168192263164 -223.55004352204236 0
endloop
endfacet
facet normal -0.02136554032927052 -0.9997717307898031 0
outer loop
vertex 130.2904732411183 -223.57117440636392 5.600000000000001
vertex 129.30168192263173 -223.55004352204162 5.6
vertex 129.30168192263164 -223.55004352204236 0
endloop
endfacet
facet normal -0.02136554032927052 -0.9997717307898031 0
outer loop
vertex 130.2904732411183 -223.57117440636392 5.600000000000001
vertex 129.30168192263164 -223.55004352204236 0
vertex 130.29047324111747 -223.571174406365 0
endloop
endfacet
facet normal -0.02283252211805119 -0.9997393039856584 0
outer loop
vertex 131.27923248892162 -223.59375616073288 5.6
vertex 130.2904732411183 -223.57117440636392 5.600000000000001
vertex 130.29047324111747 -223.571174406365 0
endloop
endfacet
facet normal -0.02283252211805119 -0.9997393039856584 0
outer loop
vertex 131.27923248892162 -223.59375616073288 5.6
vertex 130.29047324111747 -223.571174406365 0
vertex 131.27923248889957 -223.59375616073277 0
endloop
endfacet
facet normal -0.024299454746085303 -0.9997047246557571 0
outer loop
vertex 132.26795753715413 -223.61778873652716 5.600000000000001
vertex 131.27923248892162 -223.59375616073288 5.6
vertex 131.27923248889957 -223.59375616073277 0
endloop
endfacet
facet normal -0.024299454746085303 -0.9997047246557571 0
outer loop
vertex 132.26795753715413 -223.61778873652716 5.600000000000001
vertex 131.27923248889957 -223.59375616073277 0
vertex 132.26795753719125 -223.61778873652713 0
endloop
endfacet
facet normal -0.02576633505549352 -0.9996679928745384 0
outer loop
vertex 133.25664625708 -223.64327208200092 5.600000000000001
vertex 132.26795753715413 -223.61778873652716 5.600000000000001
vertex 132.26795753719125 -223.61778873652713 0
endloop
endfacet
facet normal -0.02576633505549352 -0.9996679928745384 0
outer loop
vertex 133.25664625708 -223.64327208200092 5.600000000000001
vertex 132.26795753719125 -223.61778873652713 0
vertex 133.25664625705562 -223.64327208200103 0
endloop
endfacet
facet normal -0.027233159887714457 -0.9996291087210947 0
outer loop
vertex 134.24529651991463 -223.67020614229085 5.6
vertex 133.25664625708 -223.64327208200092 5.600000000000001
vertex 133.25664625705562 -223.64327208200103 0
endloop
endfacet
facet normal -0.027233159887714457 -0.9996291087210947 0
outer loop
vertex 134.24529651991463 -223.67020614229085 5.6
vertex 133.25664625705562 -223.64327208200103 0
vertex 134.24529651990034 -223.6702061422902 0
endloop
endfacet
facet normal -0.028699926084470927 -0.9995880722791494 0
outer loop
vertex 135.23390619692836 -223.6985908594011 5.6
vertex 134.24529651991463 -223.67020614229085 5.6
vertex 134.24529651990034 -223.6702061422902 0
endloop
endfacet
facet normal -0.028699926084470927 -0.9995880722791494 0
outer loop
vertex 135.23390619692836 -223.6985908594011 5.6
vertex 134.24529651990034 -223.6702061422902 0
vertex 135.23390619692034 -223.69859085939885 0
endloop
endfacet
facet normal -0.03016663048782675 -0.9995448836370535 0
outer loop
vertex 136.22247315976426 -223.7284261722164 5.6
vertex 135.23390619692836 -223.6985908594011 5.6
vertex 135.23390619692034 -223.69859085939885 0
endloop
endfacet
facet normal -0.03016663048782675 -0.9995448836370535 0
outer loop
vertex 136.22247315976426 -223.7284261722164 5.6
vertex 135.23390619692034 -223.69859085939885 0
vertex 136.2224731597368 -223.72842617221767 0
endloop
endfacet
facet normal -0.03163326993990267 -0.9994995428877942 0
outer loop
vertex 137.21099527967823 -223.7597120165015 5.600000000000001
vertex 136.22247315976426 -223.7284261722164 5.6
vertex 136.2224731597368 -223.72842617221767 0
endloop
endfacet
facet normal -0.03163326993990267 -0.9994995428877942 0
outer loop
vertex 137.21099527967823 -223.7597120165015 5.600000000000001
vertex 136.2224731597368 -223.72842617221767 0
vertex 137.21099527969025 -223.75971201650304 0
endloop
endfacet
facet normal -0.03309984128270571 -0.9994520501289994 0
outer loop
vertex 138.19947042852962 -223.79244832489618 5.600000000000001
vertex 137.21099527967823 -223.7597120165015 5.600000000000001
vertex 137.21099527969025 -223.75971201650304 0
endloop
endfacet
facet normal -0.03309984128270571 -0.9994520501289994 0
outer loop
vertex 138.19947042852962 -223.79244832489618 5.600000000000001
vertex 137.21099527969025 -223.75971201650304 0
vertex 138.19947042854463 -223.792448324898 0
endloop
endfacet
facet normal -0.034566341358640784 -0.9994024054629236 0
outer loop
vertex 139.18789647798712 -223.8266350269167 5.6
vertex 138.19947042852962 -223.79244832489618 5.600000000000001
vertex 138.19947042854463 -223.792448324898 0
endloop
endfacet
facet normal -0.034566341358640784 -0.9994024054629236 0
outer loop
vertex 139.18789647798712 -223.8266350269167 5.6
vertex 138.19947042854463 -223.792448324898 0
vertex 139.18789647797828 -223.82663502691688 0
endloop
endfacet
facet normal -0.03603276701028337 -0.9993506089964536 0
outer loop
vertex 140.176271299777 -223.86227204895167 5.6
vertex 139.18789647798712 -223.8266350269167 5.6
vertex 139.18789647797828 -223.82663502691688 0
endloop
endfacet
facet normal -0.03603276701028337 -0.9993506089964536 0
outer loop
vertex 140.176271299777 -223.86227204895167 5.6
vertex 139.18789647797828 -223.82663502691688 0
vertex 140.17627129976935 -223.8622720489508 0
endloop
endfacet
facet normal -0.037499115080322526 -0.9992966608411102 0
outer loop
vertex 141.16459276593227 -223.89935931427073 5.600000000000001
vertex 140.176271299777 -223.86227204895167 5.6
vertex 140.17627129976935 -223.8622720489508 0
endloop
endfacet
facet normal -0.037499115080322526 -0.9992966608411102 0
outer loop
vertex 141.16459276593227 -223.89935931427073 5.600000000000001
vertex 140.17627129976935 -223.8622720489508 0
vertex 141.16459276594176 -223.8993593142732 0
endloop
endfacet
facet normal -0.038965382411276984 -0.9992405611130599 0
outer loop
vertex 142.15285874856457 -223.93789674303102 5.6
vertex 141.16459276593227 -223.89935931427073 5.600000000000001
vertex 141.16459276594176 -223.8993593142732 0
endloop
endfacet
facet normal -0.038965382411276984 -0.9992405611130599 0
outer loop
vertex 142.15285874856457 -223.93789674303102 5.6
vertex 141.16459276594176 -223.8993593142732 0
vertex 142.1528587485666 -223.93789674303224 0
endloop
endfacet
facet normal 0 0 1
outer loop
vertex 143.14106711971826 -223.9778842522518 5.6
vertex 143.08448805481913 -223.9755947999993 5.6
vertex 142.15285874856457 -223.93789674303102 5.6
endloop
endfacet
facet normal 0 0 1
outer loop
vertex 143.14106711971826 -223.9778842522518 5.6
vertex 142.15285874856457 -223.93789674303102 5.6
vertex 142.1528587485666 -223.93789674303224 0
endloop
endfacet
facet normal 0 0 1
outer loop
vertex 143.14106711971826 -223.9778842522518 5.6
vertex 142.1528587485666 -223.93789674303224 0
vertex 143.14106711972386 -223.9778842522499 0
endloop
endfacet
facet normal -0.04189766222910407 -0.9991219074265842 0
outer loop
vertex 144.12921575180962 -224.0193217558317 5.6
vertex 143.14106711971826 -223.9778842522518 5.6
vertex 143.14106711972386 -223.9778842522499 0
endloop
endfacet
facet normal -0.04189766222910407 -0.9991219074265842 0
outer loop
vertex 144.12921575180962 -224.0193217558317 5.6
vertex 143.14106711972386 -223.9778842522499 0
vertex 144.12921575179962 -224.01932175583295 0
endloop
endfacet
facet normal -0.043363668402435024 -0.9990593537236332 0
outer loop
vertex 145.11730251718438 -224.06220916456255 5.6
vertex 144.12921575180962 -224.0193217558317 5.6
vertex 144.12921575179962 -224.01932175583295 0
endloop
endfacet
facet normal -0.043363668402435024 -0.9990593537236332 0
outer loop
vertex 145.11730251718438 -224.06220916456255 5.6
vertex 144.12921575179962 -224.01932175583295 0
vertex 145.11730251721153 -224.06220916456243 0
endloop
endfacet
facet normal -0.044829581209796784 -0.9989946489589192 0
outer loop
vertex 146.10532528844874 -224.10654638609432 5.6
vertex 145.11730251718438 -224.06220916456255 5.6
vertex 145.11730251721153 -224.06220916456243 0
endloop
endfacet
facet normal -0.044829581209796784 -0.9989946489589192 0
outer loop
vertex 146.10532528844874 -224.10654638609432 5.6
vertex 145.11730251721153 -224.06220916456243 0
vertex 146.10532528843763 -224.10654638609404 0
endloop
endfacet
facet normal -0.046295397495327996 -0.9989277932717407 0
outer loop
vertex 147.09328193828898 -224.15233332497124 5.6
vertex 146.10532528844874 -224.10654638609432 5.6
vertex 146.10532528843763 -224.10654638609404 0
endloop
endfacet
facet normal -0.046295397495327996 -0.9989277932717407 0
outer loop
vertex 147.09328193828898 -224.15233332497124 5.6
vertex 146.10532528843763 -224.10654638609404 0
vertex 147.09328193830817 -224.1523333249719 0
endloop
endfacet
facet normal -0.047761114102797785 -0.9988587868060528 0
outer loop
vertex 148.0811703395579 -224.19956988260586 5.6
vertex 147.09328193828898 -224.15233332497124 5.6
vertex 147.09328193830817 -224.1523333249719 0
endloop
endfacet
facet normal -0.047761114102797785 -0.9988587868060528 0
outer loop
vertex 148.0811703395579 -224.19956988260586 5.6
vertex 147.09328193830817 -224.1523333249719 0
vertex 148.0811703395793 -224.19956988260867 0
endloop
endfacet
facet normal -0.04922672787640183 -0.9987876297104319 0
outer loop
vertex 149.06898836532255 -224.24825595730493 5.6
vertex 148.0811703395579 -224.19956988260586 5.6
vertex 148.0811703395793 -224.19956988260867 0
endloop
endfacet
facet normal -0.04922672787640183 -0.9987876297104319 0
outer loop
vertex 149.06898836532255 -224.24825595730493 5.6
vertex 148.0811703395793 -224.19956988260867 0
vertex 149.0689883652849 -224.24825595730195 0
endloop
endfacet
facet normal -0.05069223566061968 -0.9987143221380819 0
outer loop
vertex 150.05673388854194 -224.2983914442233 5.600000000000001
vertex 149.06898836532255 -224.24825595730493 5.6
vertex 149.0689883652849 -224.24825595730195 0
endloop
endfacet
facet normal -0.05069223566061968 -0.9987143221380819 0
outer loop
vertex 150.05673388854194 -224.2983914442233 5.600000000000001
vertex 149.0689883652849 -224.24825595730195 0
vertex 150.0567338885266 -224.29839144422448 0
endloop
endfacet
facet normal -0.05215763429987417 -0.9986388642468511 0
outer loop
vertex 151.04440478260472 -224.34997623542674 5.600000000000001
vertex 150.05673388854194 -224.2983914442233 5.600000000000001
vertex 150.0567338885266 -224.29839144422448 0
endloop
endfacet
facet normal -0.05215763429987417 -0.9986388642468511 0
outer loop
vertex 151.04440478260472 -224.34997623542674 5.600000000000001
vertex 150.0567338885266 -224.29839144422448 0
vertex 151.04440478263348 -224.3499762354316 0
endloop
endfacet
facet normal -0.0536229206395831 -0.9985612561991783 0
outer loop
vertex 152.0319989210714 -224.40301021985925 5.600000000000001
vertex 151.04440478260472 -224.34997623542674 5.600000000000001
vertex 151.04440478263348 -224.3499762354316 0
endloop
endfacet
facet normal -0.0536229206395831 -0.9985612561991783 0
outer loop
vertex 152.0319989210714 -224.40301021985925 5.600000000000001
vertex 151.04440478263348 -224.3499762354316 0
vertex 152.03199892104615 -224.40301021985613 0
endloop
endfacet
facet normal -0.05508809152414077 -0.9984814981621982 0
outer loop
vertex 153.01951417743368 -224.4574932833135 5.6
vertex 152.0319989210714 -224.40301021985925 5.600000000000001
vertex 152.03199892104615 -224.40301021985613 0
endloop
endfacet
facet normal -0.05508809152414077 -0.9984814981621982 0
outer loop
vertex 153.01951417743368 -224.4574932833135 5.6
vertex 152.03199892104615 -224.40301021985613 0
vertex 153.0195141774567 -224.45749328331476 0
endloop
endfacet
facet normal -0.05655314379927747 -0.9983995903076174 0
outer loop
vertex 154.00694842554242 -224.51342530849266 5.6
vertex 153.01951417743368 -224.4574932833135 5.6
vertex 153.0195141774567 -224.45749328331476 0
endloop
endfacet
facet normal -0.05655314379927747 -0.9983995903076174 0
outer loop
vertex 154.00694842554242 -224.51342530849266 5.6
vertex 153.0195141774567 -224.45749328331476 0
vertex 154.00694842553983 -224.51342530849416 0
endloop
endfacet
facet normal -0.058018074310666606 -0.998315532811787 0
outer loop
vertex 154.99429953935038 -224.57080617497328 5.600000000000001
vertex 154.00694842554242 -224.51342530849266 5.6
vertex 154.00694842553983 -224.51342530849416 0
endloop
endfacet
facet normal -0.058018074310666606 -0.998315532811787 0
outer loop
vertex 154.99429953935038 -224.57080617497328 5.600000000000001
vertex 154.00694842553983 -224.51342530849416 0
vertex 154.99429953933412 -224.57080617497184 0
endloop
endfacet
facet normal -0.05948287990418069 -0.9982293258556898 0
outer loop
vertex 155.9815653929711 -224.6296357592032 5.6
vertex 154.99429953935038 -224.57080617497328 5.600000000000001
vertex 154.99429953933412 -224.57080617497184 0
endloop
endfacet
facet normal -0.05948287990418069 -0.9982293258556898 0
outer loop
vertex 155.9815653929711 -224.6296357592032 5.6
vertex 154.99429953933412 -224.57080617497184 0
vertex 155.9815653929672 -224.62963575920068 0
endloop
endfacet
facet normal -0.06094755742566345 -0.998140969624955 0
outer loop
vertex 156.96874386080674 -224.68991393451608 5.6
vertex 155.9815653929711 -224.6296357592032 5.6
vertex 155.9815653929672 -224.62963575920068 0
endloop
endfacet
facet normal -0.06094755742566345 -0.998140969624955 0
outer loop
vertex 156.96874386080674 -224.68991393451608 5.6
vertex 155.9815653929672 -224.62963575920068 0
vertex 156.96874386082536 -224.68991393451873 0
endloop
endfacet
facet normal -0.06241210372184011 -0.9980504643098036 0
outer loop
vertex 157.95583281732019 -224.7516405711357 5.600000000000001
vertex 156.96874386080674 -224.68991393451608 5.6
vertex 156.96874386082536 -224.68991393451873 0
endloop
endfacet
facet normal -0.06241210372184011 -0.9980504643098036 0
outer loop
vertex 157.95583281732019 -224.7516405711357 5.600000000000001
vertex 156.96874386082536 -224.68991393451873 0
vertex 157.9558328173243 -224.75164057113557 0
endloop
endfacet
facet normal -0.06387651563926514 -0.99795781010511 0
outer loop
vertex 158.94283013725726 -224.81481553615168 5.6
vertex 157.95583281732019 -224.7516405711357 5.600000000000001
vertex 157.9558328173243 -224.75164057113557 0
endloop
endfacet
facet normal -0.06387651563926514 -0.99795781010511 0
outer loop
vertex 158.94283013725726 -224.81481553615168 5.6
vertex 157.9558328173243 -224.75164057113557 0
vertex 158.94283013725183 -224.81481553615302 0
endloop
endfacet
facet normal -0.06534079002517498 -0.9978630072103516 0
outer loop
vertex 159.92973369551223 -224.87943869354828 5.600000000000001
vertex 158.94283013725726 -224.81481553615168 5.6
vertex 158.94283013725183 -224.81481553615302 0
endloop
endfacet
facet normal -0.06534079002517498 -0.9978630072103516 0
outer loop
vertex 159.92973369551223 -224.87943869354828 5.600000000000001
vertex 158.94283013725183 -224.81481553615302 0
vertex 159.92973369550717 -224.8794386935495 0
endloop
endfacet
facet normal -0.06680492372646545 -0.9977660558296726 0
outer loop
vertex 160.91654136720064 -224.94550990418807 5.600000000000001
vertex 159.92973369551223 -224.87943869354828 5.600000000000001
vertex 159.92973369550717 -224.8794386935495 0
endloop
endfacet
facet normal -0.06680492372646545 -0.9977660558296726 0
outer loop
vertex 160.91654136720064 -224.94550990418807 5.600000000000001
vertex 159.92973369550717 -224.8794386935495 0
vertex 160.91654136718597 -224.9455099041845 0
endloop
endfacet
facet normal -0.0682689135910266 -0.9976669561717983 0
outer loop
vertex 161.90325102759732 -225.01302902580025 5.600000000000001
vertex 160.91654136720064 -224.94550990418807 5.600000000000001
vertex 160.91654136718597 -224.9455099041845 0
endloop
endfacet
facet normal -0.0682689135910266 -0.9976669561717983 0
outer loop
vertex 161.90325102759732 -225.01302902580025 5.600000000000001
vertex 160.91654136718597 -224.9455099041845 0
vertex 161.90325102759306 -225.01302902580022 0
endloop
endfacet
facet normal -0.06973275646663525 -0.9975657084501076 0
outer loop
vertex 162.88986055231618 -225.08199591303006 5.600000000000001
vertex 161.90325102759732 -225.01302902580025 5.600000000000001
vertex 161.90325102759306 -225.01302902580022 0
endloop
endfacet
facet normal -0.06973275646663525 -0.9975657084501076 0
outer loop
vertex 162.88986055231618 -225.08199591303006 5.600000000000001
vertex 161.90325102759306 -225.01302902580022 0
vertex 162.88986055234616 -225.08199591302827 0
endloop
endfacet
facet normal -0.07119644920169332 -0.9974623128825825 0
outer loop
vertex 163.87636781702173 -225.15241041736502 5.6
vertex 162.88986055231618 -225.08199591303006 5.600000000000001
vertex 162.88986055234616 -225.08199591302827 0
endloop
endfacet
facet normal -0.07119644920169332 -0.9974623128825825 0
outer loop
vertex 163.87636781702173 -225.15241041736502 5.6
vertex 162.88986055234616 -225.08199591302827 0
vertex 163.8763678170288 -225.15241041736587 0
endloop
endfacet
facet normal -0.07265998864440343 -0.9973567696918668 0
outer loop
vertex 164.8627706977193 -225.22427238721392 5.600000000000001
vertex 163.87636781702173 -225.15241041736502 5.6
vertex 163.8763678170288 -225.15241041736587 0
endloop
endfacet
facet normal -0.07265998864440343 -0.9973567696918668 0
outer loop
vertex 164.8627706977193 -225.22427238721392 5.600000000000001
vertex 163.8763678170288 -225.15241041736587 0
vertex 164.86277069772163 -225.22427238721252 0
endloop
endfacet
facet normal -0.07412337164396372 -0.9972490791051807 0
outer loop
vertex 165.84906707059403 -225.2975816678428 5.6
vertex 164.8627706977193 -225.22427238721392 5.600000000000001
vertex 164.86277069772163 -225.22427238721252 0
endloop
endfacet
facet normal -0.07412337164396372 -0.9972490791051807 0
outer loop
vertex 165.84906707059403 -225.2975816678428 5.6
vertex 164.86277069772163 -225.22427238721252 0
vertex 165.84906707059918 -225.29758166784228 0
endloop
endfacet
facet normal -0.07558659504925921 -0.9971392413544156 0
outer loop
vertex 166.83525481207917 -225.3723381014124 5.600000000000001
vertex 165.84906707059403 -225.2975816678428 5.6
vertex 165.84906707059918 -225.29758166784228 0
endloop
endfacet
facet normal -0.07558659504925921 -0.9971392413544156 0
outer loop
vertex 166.83525481207917 -225.3723381014124 5.600000000000001
vertex 165.84906707059918 -225.29758166784228 0
vertex 166.83525481203603 -225.37233810141046 0
endloop
endfacet
facet normal -0.07704965571025467 -0.9970272566760305 0
outer loop
vertex 167.8213317987201 -225.44854152696328 5.600000000000001
vertex 166.83525481207917 -225.3723381014124 5.600000000000001
vertex 166.83525481203603 -225.37233810141046 0
endloop
endfacet
facet normal -0.07704965571025467 -0.9970272566760305 0
outer loop
vertex 167.8213317987201 -225.44854152696328 5.600000000000001
vertex 166.83525481203603 -225.37233810141046 0
vertex 167.8213317987366 -225.44854152696414 0
endloop
endfacet
facet normal -0.07851255047660295 -0.9969131253111572 0
outer loop
vertex 168.80729590757093 -225.52619178042897 5.600000000000001
vertex 167.8213317987201 -225.44854152696328 5.600000000000001
vertex 167.8213317987366 -225.44854152696414 0
endloop
endfacet
facet normal -0.07851255047660295 -0.9969131253111572 0
outer loop
vertex 168.80729590757093 -225.52619178042897 5.600000000000001
vertex 167.8213317987366 -225.44854152696414 0
vertex 168.8072959075774 -225.52619178042963 0
endloop
endfacet
facet normal -0.07997527619852472 -0.9967968475055334 0
outer loop
vertex 169.79314501564988 -225.60528869461515 5.6
vertex 168.80729590757093 -225.52619178042897 5.600000000000001
vertex 168.8072959075774 -225.52619178042963 0
endloop
endfacet
facet normal -0.07997527619852472 -0.9967968475055334 0
outer loop
vertex 169.79314501564988 -225.60528869461515 5.6
vertex 168.8072959075774 -225.52619178042963 0
vertex 169.79314501567077 -225.60528869461743 0
endloop
endfacet
facet normal -0.08143782972666708 -0.9966784235095141 0
outer loop
vertex 170.77887700037908 -225.68583209922141 5.6
vertex 169.79314501564988 -225.60528869461515 5.6
vertex 169.79314501567077 -225.60528869461743 0
endloop
endfacet
facet normal -0.08143782972666708 -0.9966784235095141 0
outer loop
vertex 170.77887700037908 -225.68583209922141 5.6
vertex 169.79314501567077 -225.60528869461743 0
vertex 170.77887700039187 -225.68583209922448 0
endloop
endfacet
facet normal -0.08290020791218908 -0.9965578535780628 0
outer loop
vertex 171.7644897394081 -225.7678218208375 5.6
vertex 170.77887700037908 -225.68583209922141 5.6
vertex 170.77887700039187 -225.68583209922448 0
endloop
endfacet
facet normal -0.08290020791218908 -0.9965578535780628 0
outer loop
vertex 171.7644897394081 -225.7678218208375 5.6
vertex 170.77887700039187 -225.68583209922448 0
vertex 171.76448973938847 -225.76782182083508 0
endloop
endfacet
facet normal -0.08436240760624963 -0.996435137970795 0
outer loop
vertex 172.74998111059543 -225.85125768292374 5.600000000000001
vertex 171.7644897394081 -225.7678218208375 5.6
vertex 171.76448973938847 -225.76782182083508 0
endloop
endfacet
facet normal -0.08436240760624963 -0.996435137970795 0
outer loop
vertex 172.74998111059543 -225.85125768292374 5.600000000000001
vertex 171.76448973938847 -225.76782182083508 0
vertex 172.7499811105931 -225.8512576829217 0
endloop
endfacet
facet normal -0.08582442566080327 -0.9963102769519109 0
outer loop
vertex 173.7353489920846 -225.93613950583102 5.600000000000001
vertex 172.74998111059543 -225.85125768292374 5.600000000000001
vertex 172.7499811105931 -225.8512576829217 0
endloop
endfacet
facet normal -0.08582442566080327 -0.9963102769519109 0
outer loop
vertex 173.7353489920846 -225.93613950583102 5.600000000000001
vertex 172.7499811105931 -225.8512576829217 0
vertex 173.7353489921022 -225.9361395058352 0
endloop
endfacet
facet normal -0.08728625892771895 -0.9961832707902715 0
outer loop
vertex 174.7205912623458 -226.02246710681686 5.6
vertex 173.7353489920846 -225.93613950583102 5.600000000000001
vertex 173.7353489921022 -225.9361395058352 0
endloop
endfacet
facet normal -0.08728625892771895 -0.9961832707902715 0
outer loop
vertex 174.7205912623458 -226.02246710681686 5.6
vertex 173.7353489921022 -225.9361395058352 0
vertex 174.720591262351 -226.02246710681897 0
endloop
endfacet
facet normal -0.08874790425994661 -0.9960541197592967 0
outer loop
vertex 175.70570580000017 -226.11024029999794 5.6
vertex 174.7205912623458 -226.02246710681686 5.6
vertex 174.720591262351 -226.02246710681897 0
endloop
endfacet
facet normal -0.08874790425994661 -0.9960541197592967 0
outer loop
vertex 175.70570580000017 -226.11024029999794 5.6
vertex 174.720591262351 -226.02246710681897 0
vertex 175.70570579999992 -226.11024029999996 0
endloop
endfacet
facet normal 0 0 -1
outer loop
vertex 193.80533710000017 -211.33681450000012 5.6
vertex 178.32096220899183 -223.9755947999993 5.6
vertex 178.3181572914208 -223.97788425224968 5.6
endloop
endfacet
facet normal 0 0 -1
outer loop
vertex 193.80533710000017 -211.33681450000012 5.6
vertex 178.3181572914208 -223.97788425224968 5.6
vertex 178.26739022175053 -224.01932175583335 5.6
endloop
endfacet
facet normal 0 0 -1
outer loop
vertex 193.80533710000017 -211.33681450000012 5.6
vertex 178.26739022175053 -224.01932175583335 5.6
vertex 178.2148468038666 -224.0622091645612 5.6
endloop
endfacet
facet normal 0 0 -1
outer loop
vertex 193.80533710000017 -211.33681450000012 5.6
vertex 178.2148468038666 -224.0622091645612 5.6
vertex 178.16052715089756 -224.10654638609455 5.6
endloop
endfacet
facet normal 0 0 -1
outer loop
vertex 193.80533710000017 -211.33681450000012 5.6
vertex 178.16052715089756 -224.10654638609455 5.6
vertex 178.104431379799 -224.15233332497098 5.6
endloop
endfacet
facet normal 0 0 -1
outer loop
vertex 193.80533710000017 -211.33681450000012 5.6
vertex 178.104431379799 -224.15233332497098 5.6
vertex 178.04655961134944 -224.19956988260765 5.6
endloop
endfacet
facet normal 0 0 -1
outer loop
vertex 193.80533710000017 -211.33681450000012 5.6
vertex 178.04655961134944 -224.19956988260765 5.6
vertex 177.98691197014722 -224.24825595730385 5.6
endloop
endfacet
facet normal 0 0 -1
outer loop
vertex 193.80533710000017 -211.33681450000012 5.6
vertex 177.98691197014722 -224.24825595730385 5.6
vertex 177.92548858463002 -224.29839144422525 5.6
endloop
endfacet
facet normal 0 0 -1
outer loop
vertex 193.80533710000017 -211.33681450000012 5.6
vertex 177.92548858463002 -224.29839144422525 5.6
vertex 177.86228958704243 -224.34997623543006 5.6
endloop
endfacet
facet normal 0 0 -1
outer loop
vertex 193.80533710000017 -211.33681450000012 5.6
vertex 177.86228958704243 -224.34997623543006 5.6
vertex 177.79731511345037 -224.40301021985752 5.6
endloop
endfacet
facet normal 0 0 -1
outer loop
vertex 193.80533710000017 -211.33681450000012 5.6
vertex 177.79731511345037 -224.40301021985752 5.6
vertex 177.7305653037584 -224.45749328331348 5.6
endloop
endfacet
facet normal 0 0 -1
outer loop
vertex 193.80533710000017 -211.33681450000012 5.6
vertex 177.7305653037584 -224.45749328331348 5.6
vertex 177.662040301681 -224.51342530849433 5.6
endloop
endfacet
facet normal 0 0 -1
outer loop
vertex 193.80533710000017 -211.33681450000012 5.6
vertex 177.662040301681 -224.51342530849433 5.6
vertex 177.59174025475923 -224.5708061749728 5.6
endloop
endfacet
facet normal 0 0 -1
outer loop
vertex 193.80533710000017 -211.33681450000012 5.6
vertex 177.59174025475923 -224.5708061749728 5.6
vertex 177.51966531435775 -224.6296357592009 5.6
endloop
endfacet
facet normal 0 0 -1
outer loop
vertex 193.80533710000017 -211.33681450000012 5.6
vertex 177.51966531435775 -224.6296357592009 5.6
vertex 177.44581563565498 -224.68991393451756 5.6
endloop
endfacet
facet normal 0 0 -1
outer loop
vertex 193.80533710000017 -211.33681450000012 5.6
vertex 177.44581563565498 -224.68991393451756 5.6
vertex 177.37019137765998 -224.7516405711353 5.6
endloop
endfacet
facet normal 0 0 -1
outer loop
vertex 193.80533710000017 -211.33681450000012 5.6
vertex 177.37019137765998 -224.7516405711353 5.6
vertex 177.29279270319557 -224.8148155361534 5.6
endloop
endfacet
facet normal 0 0 -1
outer loop
vertex 193.80533710000017 -211.33681450000012 5.6
vertex 177.29279270319557 -224.8148155361534 5.6
vertex 177.21361977890894 -224.87943869354984 5.6
endloop
endfacet
facet normal 0 0 -1
outer loop
vertex 193.80533710000017 -211.33681450000012 5.6
vertex 177.21361977890894 -224.87943869354984 5.6
vertex 177.13267277526612 -224.94550990418549 5.6
endloop
endfacet
facet normal 0 0 -1
outer loop
vertex 193.80533710000017 -211.33681450000012 5.6
vertex 177.13267277526612 -224.94550990418549 5.6
vertex 177.04995186655643 -225.0130290258005 5.6
endloop
endfacet
facet normal 0 0 -1
outer loop
vertex 193.80533710000017 -211.33681450000012 5.6
vertex 177.04995186655643 -225.0130290258005 5.6
vertex 176.96545723087797 -225.08199591302616 5.6
endloop
endfacet
facet normal 0 0 -1
outer loop
vertex 193.80533710000017 -211.33681450000012 5.6
vertex 176.96545723087797 -225.08199591302616 5.6
vertex 176.87918905016176 -225.1524104173654 5.6
endloop
endfacet
facet normal 0 0 -1
outer loop
vertex 193.80533710000017 -211.33681450000012 5.6
vertex 176.87918905016176 -225.1524104173654 5.6
vertex 176.79114751014717 -225.22427238721238 5.6
endloop
endfacet
facet normal 0 0 -1
outer loop
vertex 193.80533710000017 -211.33681450000012 5.6
vertex 176.79114751014717 -225.22427238721238 5.6
vertex 176.7013328003957 -225.29758166784194 5.6
endloop
endfacet
facet normal 0 0 -1
outer loop
vertex 193.80533710000017 -211.33681450000012 5.6
vertex 176.7013328003957 -225.29758166784194 5.6
vertex 176.60974511428478 -225.37233810141376 5.6
endloop
endfacet
facet normal 0 0 -1
outer loop
vertex 193.80533710000017 -211.33681450000012 5.6
vertex 176.60974511428478 -225.37233810141376 5.6
vertex 176.5163846490205 -225.44854152696283 5.6
endloop
endfacet
facet normal 0 0 -1
outer loop
vertex 193.80533710000017 -211.33681450000012 5.6
vertex 176.5163846490205 -225.44854152696283 5.6
vertex 176.4212516056007 -225.5261917804291 5.6
endloop
endfacet
facet normal 0 0 -1
outer loop
vertex 193.80533710000017 -211.33681450000012 5.6
vertex 176.4212516056007 -225.5261917804291 5.6
vertex 176.32434618886614 -225.60528869461572 5.6
endloop
endfacet
facet normal 0 0 -1
outer loop
vertex 193.80533710000017 -211.33681450000012 5.6
vertex 176.32434618886614 -225.60528869461572 5.6
vertex 176.2256686074587 -225.68583209922343 5.6
endloop
endfacet
facet normal 0 0 -1
outer loop
vertex 193.80533710000017 -211.33681450000012 5.6
vertex 176.2256686074587 -225.68583209922343 5.6
vertex 176.125219073838 -225.76782182083673 5.6
endloop
endfacet
facet normal 0 0 -1
outer loop
vertex 193.80533710000017 -211.33681450000012 5.6
vertex 176.125219073838 -225.76782182083673 5.6
vertex 176.02299780428388 -225.8512576829219 5.6
endloop
endfacet
facet normal 0 0 -1
outer loop
vertex 193.80533710000017 -211.33681450000012 5.6
vertex 176.02299780428388 -225.8512576829219 5.6
vertex 175.91900501888847 -225.93613950583367 5.6
endloop
endfacet
facet normal 0 0 -1
outer loop
vertex 193.80533710000017 -211.33681450000012 5.6
vertex 175.91900501888847 -225.93613950583367 5.6
vertex 175.81324094155175 -226.0224671068185 5.6
endloop
endfacet
facet normal 0 0 -1
outer loop
vertex 193.80533710000017 -211.33681450000012 5.6
vertex 175.81324094155175 -226.0224671068185 5.6
vertex 175.70570580000017 -226.11024029999794 5.6
endloop
endfacet
facet normal 0 0 -1
outer loop
vertex 193.80533710000017 -211.33681450000012 5.6
vertex 175.70570580000017 -226.11024029999794 5.6
vertex 175.70570579999992 -226.11024029999996 0
endloop
endfacet
facet normal 0 0 -1
outer loop
vertex 193.80533710000017 -211.33681450000012 5.6
vertex 175.70570579999992 -226.11024029999996 0
vertex 175.81324094155116 -226.02246710681897 0
endloop
endfacet
facet normal 0 0 -1
outer loop
vertex 193.80533710000017 -211.33681450000012 5.6
vertex 175.81324094155116 -226.02246710681897 0
vertex 175.91900501888654 -225.9361395058352 0
endloop
endfacet
facet normal 0 0 -1
outer loop
vertex 193.80533710000017 -211.33681450000012 5.6
vertex 175.91900501888654 -225.9361395058352 0
vertex 176.02299780428416 -225.8512576829217 0
endloop
endfacet
facet normal 0 0 -1
outer loop
vertex 193.80533710000017 -211.33681450000012 5.6
vertex 176.02299780428416 -225.8512576829217 0
vertex 176.12521907384001 -225.76782182083508 0
endloop
endfacet
facet normal 0 0 -1
outer loop
vertex 193.80533710000017 -211.33681450000012 5.6
vertex 176.12521907384001 -225.76782182083508 0
vertex 176.22566860745744 -225.68583209922448 0
endloop
endfacet
facet normal 0 0 -1
outer loop
vertex 193.80533710000017 -211.33681450000012 5.6
vertex 176.22566860745744 -225.68583209922448 0
vertex 176.32434618886404 -225.60528869461743 0
endloop
endfacet
facet normal 0 0 -1
outer loop
vertex 193.80533710000017 -211.33681450000012 5.6
vertex 176.32434618886404 -225.60528869461743 0
vertex 176.42125160560002 -225.52619178042963 0
endloop
endfacet
facet normal 0 0 -1
outer loop
vertex 193.80533710000017 -211.33681450000012 5.6
vertex 176.42125160560002 -225.52619178042963 0
vertex 176.51638464901896 -225.44854152696414 0
endloop
endfacet
facet normal 0 0 -1
outer loop
vertex 193.80533710000017 -211.33681450000012 5.6
vertex 176.51638464901896 -225.44854152696414 0
vertex 176.6097451142888 -225.37233810141046 0
endloop
endfacet
facet normal 0 0 -1
outer loop
vertex 193.80533710000017 -211.33681450000012 5.6
vertex 176.6097451142888 -225.37233810141046 0
vertex 176.70133280039522 -225.29758166784228 0
endloop
endfacet
facet normal 0 0 -1
outer loop
vertex 193.80533710000017 -211.33681450000012 5.6
vertex 176.70133280039522 -225.29758166784228 0
vertex 176.79114751014706 -225.22427238721252 0
endloop
endfacet
facet normal 0 0 -1
outer loop
vertex 193.80533710000017 -211.33681450000012 5.6
vertex 176.79114751014706 -225.22427238721252 0
vertex 176.87918905016116 -225.15241041736587 0
endloop
endfacet
facet normal 0 0 -1
outer loop
vertex 193.80533710000017 -211.33681450000012 5.6
vertex 176.87918905016116 -225.15241041736587 0
vertex 176.96545723087542 -225.08199591302827 0
endloop
endfacet
facet normal 0 0 -1
outer loop
vertex 193.80533710000017 -211.33681450000012 5.6
vertex 176.96545723087542 -225.08199591302827 0
vertex 177.04995186655677 -225.01302902580022 0
endloop
endfacet
facet normal 0 0 -1
outer loop
vertex 193.80533710000017 -211.33681450000012 5.6
vertex 177.04995186655677 -225.01302902580022 0
vertex 177.1326727752673 -224.9455099041845 0
endloop
endfacet
facet normal 0 0 -1
outer loop
vertex 193.80533710000017 -211.33681450000012 5.6
vertex 177.1326727752673 -224.9455099041845 0
vertex 177.21361977890945 -224.8794386935495 0
endloop
endfacet
facet normal 0 0 -1
outer loop
vertex 193.80533710000017 -211.33681450000012 5.6
vertex 177.21361977890945 -224.8794386935495 0
vertex 177.29279270319608 -224.81481553615302 0
endloop
endfacet
facet normal 0 0 -1
outer loop
vertex 193.80533710000017 -211.33681450000012 5.6
vertex 177.29279270319608 -224.81481553615302 0
vertex 177.3701913776596 -224.75164057113557 0
endloop
endfacet
facet normal 0 0 -1
outer loop
vertex 193.80533710000017 -211.33681450000012 5.6
vertex 177.3701913776596 -224.75164057113557 0
vertex 177.44581563565364 -224.68991393451873 0
endloop
endfacet
facet normal 0 0 -1
outer loop
vertex 193.80533710000017 -211.33681450000012 5.6
vertex 177.44581563565364 -224.68991393451873 0
vertex 177.51966531435806 -224.62963575920068 0
endloop
endfacet
facet normal 0 0 -1
outer loop
vertex 193.80533710000017 -211.33681450000012 5.6
vertex 177.51966531435806 -224.62963575920068 0
vertex 177.59174025476042 -224.57080617497184 0
endloop
endfacet
facet normal 0 0 -1
outer loop
vertex 193.80533710000017 -211.33681450000012 5.6
vertex 177.59174025476042 -224.57080617497184 0
vertex 177.66204030168123 -224.51342530849416 0
endloop
endfacet
facet normal 0 0 -1
outer loop
vertex 193.80533710000017 -211.33681450000012 5.6
vertex 177.66204030168123 -224.51342530849416 0
vertex 177.73056530375686 -224.45749328331476 0
endloop
endfacet
facet normal 0 0 -1
outer loop
vertex 193.80533710000017 -211.33681450000012 5.6
vertex 177.73056530375686 -224.45749328331476 0
vertex 177.79731511345202 -224.40301021985613 0
endloop
endfacet
facet normal 0 0 -1
outer loop
vertex 193.80533710000017 -211.33681450000012 5.6
vertex 177.79731511345202 -224.40301021985613 0
vertex 177.86228958704055 -224.3499762354316 0
endloop
endfacet
facet normal 0 0 -1
outer loop
vertex 193.80533710000017 -211.33681450000012 5.6
vertex 177.86228958704055 -224.3499762354316 0
vertex 177.92548858463098 -224.29839144422448 0
endloop
endfacet
facet normal 0 0 -1
outer loop
vertex 193.80533710000017 -211.33681450000012 5.6
vertex 177.92548858463098 -224.29839144422448 0
vertex 177.98691197014955 -224.24825595730195 0
endloop
endfacet
facet normal 0 0 -1
outer loop
vertex 193.80533710000017 -211.33681450000012 5.6
vertex 177.98691197014955 -224.24825595730195 0
vertex 178.04655961134813 -224.19956988260867 0
endloop
endfacet
facet normal 0 0 -1
outer loop
vertex 193.80533710000017 -211.33681450000012 5.6
vertex 178.04655961134813 -224.19956988260867 0
vertex 178.10443137979783 -224.1523333249719 0
endloop
endfacet
facet normal 0 0 -1
outer loop
vertex 193.80533710000017 -211.33681450000012 5.6
vertex 178.10443137979783 -224.1523333249719 0
vertex 178.16052715089825 -224.10654638609404 0
endloop
endfacet
facet normal 0 0 -1
outer loop
vertex 193.80533710000017 -211.33681450000012 5.6
vertex 178.16052715089825 -224.10654638609404 0
vertex 178.21484680386516 -224.06220916456243 0
endloop
endfacet
facet normal 0 0 -1
outer loop
vertex 193.80533710000017 -211.33681450000012 5.6
vertex 178.21484680386516 -224.06220916456243 0
vertex 178.26739022175104 -224.01932175583295 0
endloop
endfacet
facet normal 0 0 -1
outer loop
vertex 193.80533710000017 -211.33681450000012 5.6
vertex 178.26739022175104 -224.01932175583295 0
vertex 178.31815729142053 -223.9778842522499 0
endloop
endfacet
facet normal 0 0 -1
outer loop
vertex 193.80533710000017 -211.33681450000012 5.6
vertex 178.31815729142053 -223.9778842522499 0
vertex 178.3671479035672 -223.93789674303224 0
endloop
endfacet
facet normal 0 0 -1
outer loop
vertex 193.80533710000017 -211.33681450000012 5.6
vertex 178.3671479035672 -223.93789674303224 0
vertex 178.41436195271405 -223.8993593142732 0
endloop
endfacet
facet normal 0 0 -1
outer loop
vertex 193.80533710000017 -211.33681450000012 5.6
vertex 178.41436195271405 -223.8993593142732 0
vertex 178.45979933720076 -223.8622720489508 0
endloop
endfacet
facet normal 0 0 -1
outer loop
vertex 193.80533710000017 -211.33681450000012 5.6
vertex 178.45979933720076 -223.8622720489508 0
vertex 178.50345995919707 -223.82663502691688 0
endloop
endfacet
facet normal 0 0 -1
outer loop
vertex 193.80533710000017 -211.33681450000012 5.6
vertex 178.50345995919707 -223.82663502691688 0
vertex 178.54534372470147 -223.792448324898 0
endloop
endfacet
facet normal 0 0 -1
outer loop
vertex 193.80533710000017 -211.33681450000012 5.6
vertex 178.54534372470147 -223.792448324898 0
vertex 178.58545054353237 -223.75971201650304 0
endloop
endfacet
facet normal 0 0 -1
outer loop
vertex 193.80533710000017 -211.33681450000012 5.6
vertex 178.58545054353237 -223.75971201650304 0
vertex 178.6237803293343 -223.72842617221767 0
endloop
endfacet
facet normal 0 0 -1
outer loop
vertex 193.80533710000017 -211.33681450000012 5.6
vertex 178.6237803293343 -223.72842617221767 0
vertex 178.66033299958505 -223.69859085939885 0
endloop
endfacet
facet normal 0 0 -1
outer loop
vertex 193.80533710000017 -211.33681450000012 5.6
vertex 178.66033299958505 -223.69859085939885 0
vertex 178.6951084755766 -223.6702061422902 0
endloop
endfacet
facet normal 0 0 -1
outer loop
vertex 193.80533710000017 -211.33681450000012 5.6
vertex 178.6951084755766 -223.6702061422902 0
vertex 178.7281066824411 -223.64327208200103 0
endloop
endfacet
facet normal 0 0 -1
outer loop
vertex 193.80533710000017 -211.33681450000012 5.6
vertex 178.7281066824411 -223.64327208200103 0
vertex 178.75932754912512 -223.61778873652713 0
endloop
endfacet
facet normal 0 0 -1
outer loop
vertex 193.80533710000017 -211.33681450000012 5.6
vertex 178.75932754912512 -223.61778873652713 0
vertex 178.78877100841183 -223.59375616073277 0
endloop
endfacet
facet normal 0 0 -1
outer loop
vertex 193.80533710000017 -211.33681450000012 5.6
vertex 178.78877100841183 -223.59375616073277 0
vertex 178.81643699690338 -223.571174406365 0
endloop
endfacet
facet normal 0 0 -1
outer loop
vertex 193.80533710000017 -211.33681450000012 5.6
vertex 178.81643699690338 -223.571174406365 0
vertex 178.84232545503494 -223.55004352204236 0
endloop
endfacet
facet normal 0 0 -1
outer loop
vertex 193.80533710000017 -211.33681450000012 5.6
vertex 178.84232545503494 -223.55004352204236 0
vertex 178.86643632706563 -223.53036355326205 0
endloop
endfacet
facet normal 0 0 -1
outer loop
vertex 193.80533710000017 -211.33681450000012 5.6
vertex 178.86643632706563 -223.53036355326205 0
vertex 178.88876956108146 -223.51213454239777 0
endloop
endfacet
facet normal 0 0 -1
outer loop
vertex 193.80533710000017 -211.33681450000012 5.6
vertex 178.88876956108146 -223.51213454239777 0
vertex 178.90932510899896 -223.4953565286966 0
endloop
endfacet
facet normal 0 0 -1
outer loop
vertex 193.80533710000017 -211.33681450000012 5.6
vertex 178.90932510899896 -223.4953565286966 0
vertex 178.928102926558 -223.48002954828485 0
endloop
endfacet
facet normal 0 0 -1
outer loop
vertex 193.80533710000017 -211.33681450000012 5.6
vertex 178.928102926558 -223.48002954828485 0
vertex 178.94510297333122 -223.46615363416052 0
endloop
endfacet
facet normal 0 0 -1
outer loop
vertex 193.80533710000017 -211.33681450000012 5.6
vertex 178.94510297333122 -223.46615363416052 0
vertex 178.96032521271334 -223.4537288162019 0
endloop
endfacet
facet normal 0 0 -1
outer loop
vertex 193.80533710000017 -211.33681450000012 5.6
vertex 178.96032521271334 -223.4537288162019 0
vertex 178.9737696119317 -223.44275512115885 0
endloop
endfacet
facet normal 0 0 -1
outer loop
vertex 193.80533710000017 -211.33681450000012 5.6
vertex 178.9737696119317 -223.44275512115885 0
vertex 178.98543614203743 -223.43323257266027 0
endloop
endfacet
facet normal 0 0 -1
outer loop
vertex 193.80533710000017 -211.33681450000012 5.6
vertex 178.98543614203743 -223.43323257266027 0
vertex 178.9953247779122 -223.42516119120847 0
endloop
endfacet
facet normal 0 0 -1
outer loop
vertex 193.80533710000017 -211.33681450000012 5.6
vertex 178.9953247779122 -223.42516119120847 0
vertex 179.01809893261859 -223.40657228853217 0
endloop
endfacet
facet normal 0 0 -1
outer loop
vertex 193.80533710000017 -211.33681450000012 5.6
vertex 179.01809893261859 -223.40657228853217 0
vertex 193.80533710000003 -211.3368145 0
endloop
endfacet
facet normal -0.000056164653695820916 0.000004208123118178673 0.9999999984139117
outer loop
vertex 195.65393890000325 -186.6640383000003 5.600000000000001
vertex 193.8157900778423 -211.19730149999842 5.6
vertex 193.80533710000017 -211.33681450000012 5.6
endloop
endfacet
facet normal -0.000056164653695820916 0.000004208123118178673 0.9999999984139117
outer loop
vertex 195.65393890000325 -186.6640383000003 5.600000000000001
vertex 193.80533710000017 -211.33681450000012 5.6
vertex 193.80533710000003 -211.3368145 0
endloop
endfacet
facet normal -0.000056164653695820916 0.000004208123118178673 0.9999999984139117
outer loop
vertex 195.65393890000325 -186.6640383000003 5.600000000000001
vertex 193.80533710000003 -211.3368145 0
vertex 195.65393890000004 -186.66403830000007 0
endloop
endfacet
facet normal -0.0005711806117258812 -0.0001834868702198505 0.9999998200426224
outer loop
vertex 188.7665744999989 -165.22419900000037 5.600000000000001
vertex 195.62031395031516 -186.55936640000382 5.6
vertex 195.65393890000325 -186.6640383000003 5.600000000000001
endloop
endfacet
facet normal -0.0005711806117258812 -0.0001834868702198505 0.9999998200426224
outer loop
vertex 188.7665744999989 -165.22419900000037 5.600000000000001
vertex 195.65393890000325 -186.6640383000003 5.600000000000001
vertex 195.65393890000004 -186.66403830000007 0
endloop
endfacet
facet normal -0.0005711806117258812 -0.0001834868702198505 0.9999998200426224
outer loop
vertex 188.7665744999989 -165.22419900000037 5.600000000000001
vertex 195.65393890000004 -186.66403830000007 0
vertex 189.1032243600414 -166.27216429999996 0
endloop
endfacet
facet normal -0.0005711806117258812 -0.0001834868702198505 0.9999998200426224
outer loop
vertex 188.7665744999989 -165.22419900000037 5.600000000000001
vertex 189.1032243600414 -166.27216429999996 0
vertex 188.7665745 -165.224199 0
endloop
endfacet
facet normal -0.0006939983370894713 0.00003637091217896886 -0.9999997585217033
outer loop
vertex 194.36325089999747 -58.433253099999874 5.600000000000001
vertex 194.35819517700128 -58.52972204025224 5.6
vertex 194.35179990197452 -58.651751155495845 5.6
endloop
endfacet
facet normal -0.0006939983370894713 0.00003637091217896886 -0.9999997585217033
outer loop
vertex 194.36325089999747 -58.433253099999874 5.600000000000001
vertex 194.35179990197452 -58.651751155495845 5.6
vertex 194.34529281457296 -58.77591377791691 5.6
endloop
endfacet
facet normal -0.0006939983370894713 0.00003637091217896886 -0.9999997585217033
outer loop
vertex 194.36325089999747 -58.433253099999874 5.600000000000001
vertex 194.34529281457296 -58.77591377791691 5.6
vertex 194.3386739448617 -58.902209333839124 5.6
endloop
endfacet
facet normal -0.0006939983370894713 0.00003637091217896886 -0.9999997585217033
outer loop
vertex 194.36325089999747 -58.433253099999874 5.600000000000001
vertex 194.3386739448617 -58.902209333839124 5.6
vertex 194.33194332353057 -59.030637237665644 5.6
endloop
endfacet
facet normal -0.0006939983370894713 0.00003637091217896886 -0.9999997585217033
outer loop
vertex 194.36325089999747 -58.433253099999874 5.600000000000001
vertex 194.33194332353057 -59.030637237665644 5.6
vertex 194.32510098168467 -59.16119689587504 5.6
endloop
endfacet
facet normal -0.0006939983370894713 0.00003637091217896886 -0.9999997585217033
outer loop
vertex 194.36325089999747 -58.433253099999874 5.600000000000001
vertex 194.32510098168467 -59.16119689587504 5.6
vertex 194.31814695099666 -59.29388770411816 5.6
endloop
endfacet
facet normal -0.0006939983370894713 0.00003637091217896886 -0.9999997585217033
outer loop
vertex 194.36325089999747 -58.433253099999874 5.600000000000001
vertex 194.31814695099666 -59.29388770411816 5.6
vertex 194.31108126365828 -59.428709048139154 5.6
endloop
endfacet
facet normal -0.0006939983370894713 0.00003637091217896886 -0.9999997585217033
outer loop
vertex 194.36325089999747 -58.433253099999874 5.600000000000001
vertex 194.31108126365828 -59.428709048139154 5.6
vertex 194.26406460636872 -60.32584030000338 5.6
endloop
endfacet
facet normal -0.0006939983370894713 0.00003637091217896886 -0.9999997585217033
outer loop
vertex 194.36325089999747 -58.433253099999874 5.600000000000001
vertex 194.26406460636872 -60.32584030000338 5.6
vertex 188.7665744999989 -165.22419900000037 5.600000000000001
endloop
endfacet
facet normal -0.0006939983370894713 0.00003637091217896886 -0.9999997585217033
outer loop
vertex 194.36325089999747 -58.433253099999874 5.600000000000001
vertex 188.7665744999989 -165.22419900000037 5.600000000000001
vertex 188.7665745 -165.224199 0
endloop
endfacet
facet normal -0.0006939983370894713 0.00003637091217896886 -0.9999997585217033
outer loop
vertex 194.36325089999747 -58.433253099999874 5.600000000000001
vertex 188.7665745 -165.224199 0
vertex 194.35365432035854 -58.616366745327014 0
endloop
endfacet
facet normal -0.0006939983370894713 0.00003637091217896886 -0.9999997585217033
outer loop
vertex 194.36325089999747 -58.433253099999874 5.600000000000001
vertex 194.35365432035854 -58.616366745327014 0
vertex 194.36325090000003 -58.4332531 0
endloop
endfacet
facet normal 0 0 -1
outer loop
vertex 177.8608978 -57.56840140000071 5.6
vertex 179.04315893119167 -57.630361081928925 5.6
vertex 181.04556303924434 -57.73530263701761 5.6
endloop
endfacet
facet normal 0 0 -1
outer loop
vertex 177.8608978 -57.56840140000071 5.6
vertex 181.04556303924434 -57.73530263701761 5.6
vertex 183.08875781526348 -57.842381940481985 5.6
endloop
endfacet
facet normal 0 0 -1
outer loop
vertex 177.8608978 -57.56840140000071 5.6
vertex 183.08875781526348 -57.842381940481985 5.6
vertex 185.1727338113233 -57.95159849717726 5.6
endloop
endfacet
facet normal 0 0 -1
outer loop
vertex 177.8608978 -57.56840140000071 5.6
vertex 185.1727338113233 -57.95159849717726 5.6
vertex 187.2974813759774 -58.06295180129254 5.6
endloop
endfacet
facet normal 0 0 -1
outer loop
vertex 177.8608978 -57.56840140000071 5.6
vertex 187.2974813759774 -58.06295180129254 5.6
vertex 189.4629906840744 -58.176441337913445 5.6
endloop
endfacet
facet normal 0 0 -1
outer loop
vertex 177.8608978 -57.56840140000071 5.6
vertex 189.4629906840744 -58.176441337913445 5.6
vertex 191.66925171347512 -58.29206658180189 5.6
endloop
endfacet
facet normal 0 0 -1
outer loop
vertex 177.8608978 -57.56840140000071 5.6
vertex 191.66925171347512 -58.29206658180189 5.6
vertex 193.91625424593363 -58.40982699744232 5.6
endloop
endfacet
facet normal 0 0 -1
outer loop
vertex 177.8608978 -57.56840140000071 5.6
vertex 193.91625424593363 -58.40982699744232 5.6
vertex 194.36325089999747 -58.433253099999874 5.600000000000001
endloop
endfacet
facet normal 0 0 -1
outer loop
vertex 177.8608978 -57.56840140000071 5.6
vertex 194.36325089999747 -58.433253099999874 5.600000000000001
vertex 194.36325090000003 -58.4332531 0
endloop
endfacet
facet normal 0 0 -1
outer loop
vertex 177.8608978 -57.56840140000071 5.6
vertex 194.36325090000003 -58.4332531 0
vertex 177.86089780000034 -57.56840140000001 0
endloop
endfacet
facet normal -1 0 0
outer loop
vertex 107.1525666 -221.45297569723334 4
vertex 107.1525666 -221.44188395190227 4
vertex 107.1525666 -221.43226993644112 4
endloop
endfacet
facet normal -1 0 0
outer loop
vertex 107.1525666 -221.45297569723334 4
vertex 107.1525666 -221.43226993644112 4
vertex 107.1525666 -221.42413367229764 4
endloop
endfacet
facet normal -1 0 0
outer loop
vertex 107.1525666 -221.45297569723334 4
vertex 107.1525666 -221.42413367229764 4
vertex 107.1525666 -214.4859750744427 4
endloop
endfacet
facet normal -1 0 0
outer loop
vertex 107.1525666 -221.45297569723334 4
vertex 107.1525666 -214.4859750744427 4
vertex 107.1525666 -213.94106817843337 4
endloop
endfacet
facet normal -1 0 0
outer loop
vertex 107.1525666 -221.45297569723334 4
vertex 107.1525666 -213.94106817843337 4
vertex 107.1525666 -213.0593903000001 4
endloop
endfacet
facet normal -1 0 0
outer loop
vertex 107.1525666 -221.45297569723334 4
vertex 107.1525666 -213.0593903000001 4
vertex 107.1525666 -213.05939029999996 1
endloop
endfacet
facet normal -1 0 0
outer loop
vertex 107.1525666 -221.45297569723334 4
vertex 107.1525666 -213.05939029999996 1
vertex 107.1525666 -213.33661599921462 1
endloop
endfacet
facet normal -1 0 0
outer loop
vertex 107.1525666 -221.45297569723334 4
vertex 107.1525666 -213.33661599921462 1
vertex 107.1525666 -213.97284371238007 1
endloop
endfacet
facet normal -1 0 0
outer loop
vertex 107.1525666 -221.45297569723334 4
vertex 107.1525666 -213.97284371238007 1
vertex 107.1525666 -214.8300309915432 1
endloop
endfacet
facet normal -1 0 0
outer loop
vertex 107.1525666 -221.45297569723334 4
vertex 107.1525666 -214.8300309915432 1
vertex 107.1525666 -215.8047883999946 1
endloop
endfacet
facet normal -1 0 0
outer loop
vertex 107.1525666 -221.45297569723334 4
vertex 107.1525666 -215.8047883999946 1
vertex 107.1525666 -216.77954580847745 1
endloop
endfacet
facet normal -1 0 0
outer loop
vertex 107.1525666 -221.45297569723334 4
vertex 107.1525666 -216.77954580847745 1
vertex 107.1525666 -217.6367330876096 1
endloop
endfacet
facet normal -1 0 0
outer loop
vertex 107.1525666 -221.45297569723334 4
vertex 107.1525666 -217.6367330876096 1
vertex 107.1525666 -218.27296080078605 1
endloop
endfacet
facet normal -1 0 0
outer loop
vertex 107.1525666 -221.45297569723334 4
vertex 107.1525666 -218.27296080078605 1
vertex 107.1525666 -218.6114904960848 1
endloop
endfacet
facet normal -1 0 0
outer loop
vertex 107.1525666 -221.45297569723334 4
vertex 107.1525666 -218.6114904960848 1
vertex 107.1525666 -221.4578949559155 1
endloop
endfacet
facet normal -1 0 0
outer loop
vertex 107.1525666 -221.45297569723334 4
vertex 107.1525666 -221.4578949559155 1
vertex 107.1525666 -221.45789495591546 4
endloop
endfacet
facet normal 1 0 0
outer loop
vertex 112.8525666 -221.40561913951848 1
vertex 112.8525666 -217.56352519608478 1
vertex 112.8525666 -217.22499550078567 1
endloop
endfacet
facet normal 1 0 0
outer loop
vertex 112.8525666 -221.40561913951848 1
vertex 112.8525666 -217.22499550078567 1
vertex 112.8525666 -216.5887677876066 1
endloop
endfacet
facet normal 1 0 0
outer loop
vertex 112.8525666 -221.40561913951848 1
vertex 112.8525666 -216.5887677876066 1
vertex 112.8525666 -215.73158050847815 1
endloop
endfacet
facet normal 1 0 0
outer loop
vertex 112.8525666 -221.40561913951848 1
vertex 112.8525666 -215.73158050847815 1
vertex 112.8525666 -214.75682310000008 1
endloop
endfacet
facet normal 1 0 0
outer loop
vertex 112.8525666 -221.40561913951848 1
vertex 112.8525666 -214.75682310000008 1
vertex 112.8525666 -213.78206569152184 1
endloop
endfacet
facet normal 1 0 0
outer loop
vertex 112.8525666 -221.40561913951848 1
vertex 112.8525666 -213.78206569152184 1
vertex 112.8525666 -213.05939029999996 1
endloop
endfacet
facet normal 1 0 0
outer loop
vertex 112.8525666 -221.40561913951848 1
vertex 112.8525666 -213.05939029999996 1
vertex 112.8525666 -213.0593903000001 4
endloop
endfacet
facet normal 1 0 0
outer loop
vertex 112.8525666 -221.40561913951848 1
vertex 112.8525666 -213.0593903000001 4
vertex 112.8525666 -213.94106817843337 4
endloop
endfacet
facet normal 1 0 0
outer loop
vertex 112.8525666 -221.40561913951848 1
vertex 112.8525666 -213.94106817843337 4
vertex 112.8525666 -214.4859750744427 4
endloop
endfacet
facet normal 1 0 0
outer loop
vertex 112.8525666 -221.40561913951848 1
vertex 112.8525666 -214.4859750744427 4
vertex 112.8525666 -221.41095541228853 4
endloop
endfacet
facet normal 1 0 0
outer loop
vertex 112.8525666 -221.40561913951848 1
vertex 112.8525666 -221.41095541228853 4
vertex 112.8525666 -221.41095541228856 1
endloop
endfacet
facet normal -0.052335956012740326 -0.9986295347666383 0
outer loop
vertex 191.43179497867536 -76.15411844469173 4
vertex 188.43590639921823 -75.99711057795547 4
vertex 188.4359063992182 -75.99711057795545 1
endloop
endfacet
facet normal -0.052335956012740326 -0.9986295347666383 0
outer loop
vertex 191.43179497867536 -76.15411844469173 4
vertex 188.4359063992182 -75.99711057795545 1
vertex 191.43179497867536 -76.15411844469172 1
endloop
endfacet
facet normal 0.05233595052692409 0.9986295350541378 0
outer loop
vertex 188.73422129999997 -70.3049222 4
vertex 191.73010993652616 -70.46193005322445 4
vertex 191.73010993652616 -70.46193005322445 1
endloop
endfacet
facet normal 0.05233595052692409 0.9986295350541378 0
outer loop
vertex 188.73422129999997 -70.3049222 4
vertex 191.73010993652616 -70.46193005322445 1
vertex 188.7342213 -70.3049222 1
endloop
endfacet
facet normal 0 0 -1
outer loop
vertex 27.937961006382032 -63.55542455109279 4
vertex 28.01924589826254 -63.09443502156128 4
vertex 28.035658330760157 -63.00135549152185 4
endloop
endfacet
facet normal 0 0 -1
outer loop
vertex 27.937961006382032 -63.55542455109279 4
vertex 28.035658330760157 -63.00135549152185 4
vertex 28.035658330760157 -63.00135549152185 1
endloop
endfacet
facet normal 0 0 -1
outer loop
vertex 27.937961006382032 -63.55542455109279 4
vertex 28.035658330760157 -63.00135549152185 1
vertex 27.937961006382032 -63.55542455109282 1
endloop
endfacet
facet normal 0 0 -1
outer loop
vertex 28.035658330760157 -64.95087030847816 4
vertex 28.019245898262447 -64.8577907784382 4
vertex 28.00070416998293 -64.7526354119423 4
endloop
endfacet
facet normal 0 0 -1
outer loop
vertex 28.035658330760157 -64.95087030847816 4
vertex 28.00070416998293 -64.7526354119423 4
vertex 28.000704169982928 -64.75263541194225 1
endloop
endfacet
facet normal 0 0 -1
outer loop
vertex 28.035658330760157 -64.95087030847816 4
vertex 28.000704169982928 -64.75263541194225 1
vertex 28.035658330760157 -64.95087030847813 1
endloop
endfacet
facet normal 0.9999999999999997 -1.0588468261291981e-8 2.0269344721176257e-8
outer loop
vertex 110.50256658415258 -55.12480725879349 4
vertex 110.50256651323593 -61.82234269999999 4
vertex 110.50256657404397 -61.82234270000001 1
endloop
endfacet
facet normal 0.9999999999999997 -1.0588468261291981e-8 2.0269344721176257e-8
outer loop
vertex 110.50256658415258 -55.12480725879349 4
vertex 110.50256657404397 -61.82234270000001 1
vertex 110.50256658636287 -59.565660500006324 1
endloop
endfacet
facet normal 0.9999999999999997 -1.0588468261291981e-8 2.0269344721176257e-8
outer loop
vertex 110.50256658415258 -55.12480725879349 4
vertex 110.50256658636287 -59.565660500006324 1
vertex 110.5025665989613 -55.12480725869484 1
endloop
endfacet
facet normal 0.3420201433256554 0.9396926207859133 0
outer loop
vertex 31.273504596664846 -61.19300517082614 4
vertex 32.13878229999999 -61.50794049921436 4
vertex 32.13878230000001 -61.50794049921436 1
endloop
endfacet
facet normal 0.3420201433256554 0.9396926207859133 0
outer loop
vertex 31.273504596664846 -61.19300517082614 4
vertex 32.13878230000001 -61.50794049921436 1
vertex 31.27350459666482 -61.19300517082613 1
endloop
endfacet
facet normal -0.3420201433256691 0.9396926207859082 0
outer loop
vertex 29.288782299999994 -61.50794049921436 4
vertex 29.965758716387494 -61.2615412343491 4
vertex 29.965758716387505 -61.2615412343491 1
endloop
endfacet
facet normal -0.3420201433256691 0.9396926207859082 0
outer loop
vertex 29.288782299999994 -61.50794049921436 4
vertex 29.965758716387505 -61.2615412343491 1
vertex 29.288782300000015 -61.50794049921436 1
endloop
endfacet
facet normal -1 0 4.736951571734001e-15
outer loop
vertex 109.5025666 -55.132548726456164 1
vertex 109.5025666 -60.61362576934063 1
vertex 109.5025666 -61.507940499213774 1
endloop
endfacet
facet normal -1 0 4.736951571734001e-15
outer loop
vertex 109.5025666 -55.132548726456164 1
vertex 109.5025666 -61.507940499213774 1
vertex 109.5025666 -61.82234270000001 1
endloop
endfacet
facet normal -1 0 4.736951571734001e-15
outer loop
vertex 109.5025666 -55.132548726456164 1
vertex 109.5025666 -61.82234270000001 1
vertex 109.50256660000001 -61.82234269999999 4
endloop
endfacet
facet normal -1 0 4.736951571734001e-15
outer loop
vertex 109.5025666 -55.132548726456164 1
vertex 109.50256660000001 -61.82234269999999 4
vertex 109.5025666 -55.13254872645617 4
endloop
endfacet
facet normal 0 0 1
outer loop
vertex 45.362834149372446 -227.054717234811 5.600000000000001
vertex 44.25245912950673 -227.05471723481034 5.6
vertex 44.379241599996035 -227.158200600005 5.6
endloop
endfacet
facet normal 0 0 1
outer loop
vertex 45.362834149372446 -227.054717234811 5.600000000000001
vertex 46.34657328465666 -226.95267753929878 5.6
vertex 44.12744536848646 -226.95267753929835 5.6
endloop
endfacet
facet normal 0 0 1
outer loop
vertex 45.362834149372446 -227.054717234811 5.600000000000001
vertex 44.12744536848646 -226.95267753929835 5.6
vertex 44.25245912950673 -227.05471723481034 5.6
endloop
endfacet
facet normal 0 0 1
outer loop
vertex 46.34657328465666 -226.95267753929878 5.6
vertex 47.3304610877632 -226.85208143316547 5.600000000000001
vertex 44.00420021856159 -226.8520814331655 5.6
endloop
endfacet
facet normal 0 0 1
outer loop
vertex 46.34657328465666 -226.95267753929878 5.6
vertex 44.00420021856159 -226.8520814331655 5.6
vertex 44.12744536848646 -226.95267753929835 5.6
endloop
endfacet
facet normal 0 0 1
outer loop
vertex 47.3304610877632 -226.85208143316547 5.600000000000001
vertex 48.314495440399185 -226.75292913299356 5.600000000000001
vertex 43.88272394507719 -226.75292913299376 5.6
endloop
endfacet
facet normal 0 0 1
outer loop
vertex 47.3304610877632 -226.85208143316547 5.600000000000001
vertex 43.88272394507719 -226.75292913299376 5.6
vertex 44.00420021856159 -226.8520814331655 5.6
endloop
endfacet
facet normal 0 0 1
outer loop
vertex 48.314495440399185 -226.75292913299356 5.600000000000001
vertex 49.298674223784055 -226.65522085227332 5.6
vertex 43.76301680959047 -226.6552208522734 5.6
endloop
endfacet
facet normal 0 0 1
outer loop
vertex 48.314495440399185 -226.75292913299356 5.600000000000001
vertex 43.76301680959047 -226.6552208522734 5.6
vertex 43.88272394507719 -226.75292913299376 5.6
endloop
endfacet
facet normal 0 0 1
outer loop
vertex 49.298674223784055 -226.65522085227332 5.6
vertex 50.28299531889273 -226.55895680137968 5.600000000000001
vertex 43.645079069841856 -226.55895680137928 5.6
endloop
endfacet
facet normal 0 0 1
outer loop
vertex 49.298674223784055 -226.65522085227332 5.6
vertex 43.645079069841856 -226.55895680137928 5.6
vertex 43.76301680959047 -226.6552208522734 5.6
endloop
endfacet
facet normal 0 0 1
outer loop
vertex 50.28299531889273 -226.55895680137968 5.600000000000001
vertex 51.26745660636363 -226.46413718757728 5.6
vertex 43.528910979765286 -226.46413718757933 5.6
endloop
endfacet
facet normal 0 0 1
outer loop
vertex 50.28299531889273 -226.55895680137968 5.600000000000001
vertex 43.528910979765286 -226.46413718757933 5.6
vertex 43.645079069841856 -226.55895680137928 5.6
endloop
endfacet
facet normal 0 0 1
outer loop
vertex 51.26745660636363 -226.46413718757728 5.6
vertex 52.252055966696275 -226.37076221501616 5.600000000000001
vertex 43.414512789465434 -226.3707622150159 5.6
endloop
endfacet
facet normal 0 0 1
outer loop
vertex 51.26745660636363 -226.46413718757728 5.6
vertex 43.414512789465434 -226.3707622150159 5.6
vertex 43.528910979765286 -226.46413718757933 5.6
endloop
endfacet
facet normal 0 0 1
outer loop
vertex 52.252055966696275 -226.37076221501616 5.600000000000001
vertex 53.2367912797757 -226.27883208474935 5.6
vertex 43.301884745273284 -226.27883208475117 5.6
endloop
endfacet
facet normal 0 0 1
outer loop
vertex 52.252055966696275 -226.37076221501616 5.600000000000001
vertex 43.301884745273284 -226.27883208475117 5.6
vertex 43.414512789465434 -226.3707622150159 5.6
endloop
endfacet
facet normal 0 0 1
outer loop
vertex 53.2367912797757 -226.27883208474935 5.6
vertex 54.221660425526096 -226.18834699470366 5.6
vertex 43.191027089670214 -226.18834699470517 5.6
endloop
endfacet
facet normal 0 0 1
outer loop
vertex 53.2367912797757 -226.27883208474935 5.6
vertex 43.191027089670214 -226.18834699470517 5.6
vertex 43.301884745273284 -226.27883208475117 5.6
endloop
endfacet
facet normal 0 0 1
outer loop
vertex 54.221660425526096 -226.18834699470366 5.6
vertex 55.206661283366046 -226.09930713970735 5.6
vertex 43.081940061350494 -226.09930713970675 5.6
endloop
endfacet
facet normal 0 0 1
outer loop
vertex 54.221660425526096 -226.18834699470366 5.6
vertex 43.081940061350494 -226.09930713970675 5.6
vertex 43.191027089670214 -226.18834699470517 5.6
endloop
endfacet
facet normal 0 0 1
outer loop
vertex 175.81324094155175 -226.0224671068185 5.6
vertex 174.7205912623458 -226.02246710681686 5.6
vertex 175.70570580000017 -226.11024029999794 5.6
endloop
endfacet
facet normal 0 0 1
outer loop
vertex 55.206661283366046 -226.09930713970735 5.6
vertex 56.19179173256278 -226.0117127114631 5.6
vertex 42.97462389518148 -226.01171271146117 5.6
endloop
endfacet
facet normal 0 0 1
outer loop
vertex 55.206661283366046 -226.09930713970735 5.6
vertex 42.97462389518148 -226.01171271146117 5.6
vertex 43.081940061350494 -226.09930713970675 5.6
endloop
endfacet
facet normal 0 0 1
outer loop
vertex 175.81324094155175 -226.0224671068185 5.6
vertex 175.91900501888847 -225.93613950583367 5.6
vertex 173.7353489920846 -225.93613950583102 5.600000000000001
endloop
endfacet
facet normal 0 0 1
outer loop
vertex 175.81324094155175 -226.0224671068185 5.6
vertex 173.7353489920846 -225.93613950583102 5.600000000000001
vertex 174.7205912623458 -226.02246710681686 5.6
endloop
endfacet
facet normal 0 0 1
outer loop
vertex 56.19179173256278 -226.0117127114631 5.6
vertex 57.17704965200228 -225.92556389857057 5.6
vertex 42.86907882222887 -225.92556389857066 5.6
endloop
endfacet
facet normal 0 0 1
outer loop
vertex 56.19179173256278 -226.0117127114631 5.6
vertex 42.86907882222887 -225.92556389857066 5.6
vertex 42.97462389518148 -226.01171271146117 5.6
endloop
endfacet
facet normal 0 0 1
outer loop
vertex 175.91900501888847 -225.93613950583367 5.6
vertex 176.02299780428388 -225.8512576829219 5.6
vertex 172.74998111059543 -225.85125768292374 5.600000000000001
endloop
endfacet
facet normal 0 0 1
outer loop
vertex 175.91900501888847 -225.93613950583367 5.6
vertex 172.74998111059543 -225.85125768292374 5.600000000000001
vertex 173.7353489920846 -225.93613950583102 5.600000000000001
endloop
endfacet
facet normal 0 0 1
outer loop
vertex 57.17704965200228 -225.92556389857057 5.6
vertex 58.162432920299366 -225.84086088652631 5.600000000000001
vertex 42.76530506974434 -225.84086088652433 5.6
endloop
endfacet
facet normal 0 0 1
outer loop
vertex 57.17704965200228 -225.92556389857057 5.6
vertex 42.76530506974434 -225.84086088652433 5.6
vertex 42.86907882222887 -225.92556389857066 5.6
endloop
endfacet
facet normal 0 0 1
outer loop
vertex 176.02299780428388 -225.8512576829219 5.6
vertex 176.125219073838 -225.76782182083673 5.6
vertex 171.7644897394081 -225.7678218208375 5.6
endloop
endfacet
facet normal 0 0 1
outer loop
vertex 176.02299780428388 -225.8512576829219 5.6
vertex 171.7644897394081 -225.7678218208375 5.6
vertex 172.74998111059543 -225.85125768292374 5.600000000000001
endloop
endfacet
facet normal 0 0 1
outer loop
vertex 58.162432920299366 -225.84086088652631 5.600000000000001
vertex 59.147939415953196 -225.75760385768527 5.600000000000001
vertex 42.66330286114987 -225.75760385768538 5.6
endloop
endfacet
facet normal 0 0 1
outer loop
vertex 58.162432920299366 -225.84086088652631 5.600000000000001
vertex 42.66330286114987 -225.75760385768538 5.6
vertex 42.76530506974434 -225.84086088652433 5.6
endloop
endfacet
facet normal 0 0 1
outer loop
vertex 176.125219073838 -225.76782182083673 5.6
vertex 176.2256686074587 -225.68583209922343 5.6
vertex 170.77887700037908 -225.68583209922141 5.6
endloop
endfacet
facet normal 0 0 1
outer loop
vertex 176.125219073838 -225.76782182083673 5.6
vertex 170.77887700037908 -225.68583209922141 5.6
vertex 171.7644897394081 -225.7678218208375 5.6
endloop
endfacet
facet normal 0 0 1
outer loop
vertex 59.147939415953196 -225.75760385768527 5.600000000000001
vertex 60.133567016945754 -225.67579299132538 5.6
vertex 42.56307241607942 -225.67579299132515 5.6
endloop
endfacet
facet normal 0 0 1
outer loop
vertex 59.147939415953196 -225.75760385768527 5.600000000000001
vertex 42.56307241607942 -225.67579299132515 5.6
vertex 42.66330286114987 -225.75760385768538 5.6
endloop
endfacet
facet normal 0 0 1
outer loop
vertex 176.2256686074587 -225.68583209922343 5.6
vertex 176.32434618886614 -225.60528869461572 5.6
vertex 169.79314501564988 -225.60528869461515 5.6
endloop
endfacet
facet normal 0 0 1
outer loop
vertex 176.2256686074587 -225.68583209922343 5.6
vertex 169.79314501564988 -225.60528869461515 5.6
vertex 170.77887700037908 -225.68583209922141 5.6
endloop
endfacet
facet normal 0 0 1
outer loop
vertex 60.133567016945754 -225.67579299132538 5.6
vertex 61.11931360127508 -225.59542846357647 5.6
vertex 42.46461395032334 -225.5954284635777 5.6
endloop
endfacet
facet normal 0 0 1
outer loop
vertex 60.133567016945754 -225.67579299132538 5.6
vertex 42.46461395032334 -225.5954284635777 5.6
vertex 42.56307241607942 -225.67579299132515 5.6
endloop
endfacet
facet normal 0 0 1
outer loop
vertex 176.32434618886614 -225.60528869461572 5.6
vertex 176.4212516056007 -225.5261917804291 5.6
vertex 168.80729590757093 -225.52619178042897 5.600000000000001
endloop
endfacet
facet normal 0 0 1
outer loop
vertex 176.32434618886614 -225.60528869461572 5.6
vertex 168.80729590757093 -225.52619178042897 5.600000000000001
vertex 169.79314501564988 -225.60528869461515 5.6
endloop
endfacet
facet normal 0 0 1
outer loop
vertex 61.11931360127508 -225.59542846357647 5.6
vertex 62.10517704640096 -225.51651044748635 5.6
vertex 42.367927675885596 -225.51651044748652 5.6
endloop
endfacet
facet normal 0 0 1
outer loop
vertex 61.11931360127508 -225.59542846357647 5.6
vertex 42.367927675885596 -225.51651044748652 5.6
vertex 42.46461395032334 -225.5954284635777 5.6
endloop
endfacet
facet normal 0 0 1
outer loop
vertex 176.4212516056007 -225.5261917804291 5.6
vertex 176.5163846490205 -225.44854152696283 5.6
vertex 167.8213317987201 -225.44854152696328 5.600000000000001
endloop
endfacet
facet normal 0 0 1
outer loop
vertex 176.4212516056007 -225.5261917804291 5.6
vertex 167.8213317987201 -225.44854152696328 5.600000000000001
vertex 168.80729590757093 -225.52619178042897 5.600000000000001
endloop
endfacet
facet normal 0 0 1
outer loop
vertex 62.10517704640096 -225.51651044748635 5.6
vertex 63.091155229778735 -225.43903911296033 5.6
vertex 42.27301380092963 -225.43903911296042 5.6
endloop
endfacet
facet normal 0 0 1
outer loop
vertex 62.10517704640096 -225.51651044748635 5.6
vertex 42.27301380092963 -225.43903911296042 5.6
vertex 42.367927675885596 -225.51651044748652 5.6
endloop
endfacet
facet normal 0 0 1
outer loop
vertex 176.5163846490205 -225.44854152696283 5.6
vertex 176.60974511428478 -225.37233810141376 5.6
vertex 166.83525481207917 -225.3723381014124 5.600000000000001
endloop
endfacet
facet normal 0 0 1
outer loop
vertex 176.5163846490205 -225.44854152696283 5.6
vertex 166.83525481207917 -225.3723381014124 5.600000000000001
vertex 167.8213317987201 -225.44854152696328 5.600000000000001
endloop
endfacet
facet normal 0 0 1
outer loop
vertex 63.091155229778735 -225.43903911296033 5.6
vertex 64.07724602847813 -225.36301462680555 5.600000000000001
vertex 42.17987252981682 -225.36301462680476 5.6
endloop
endfacet
facet normal 0 0 1
outer loop
vertex 63.091155229778735 -225.43903911296033 5.6
vertex 42.17987252981682 -225.36301462680476 5.6
vertex 42.27301380092963 -225.43903911296042 5.6
endloop
endfacet
facet normal 0 0 1
outer loop
vertex 176.60974511428478 -225.37233810141376 5.6
vertex 176.7013328003957 -225.29758166784194 5.6
vertex 165.84906707059403 -225.2975816678428 5.6
endloop
endfacet
facet normal 0 0 1
outer loop
vertex 176.60974511428478 -225.37233810141376 5.6
vertex 165.84906707059403 -225.2975816678428 5.6
vertex 166.83525481207917 -225.3723381014124 5.600000000000001
endloop
endfacet
facet normal 0 0 1
outer loop
vertex 64.07724602847813 -225.36301462680555 5.600000000000001
vertex 65.06344731933507 -225.28843715270804 5.6
vertex 42.08850406309067 -225.28843715270875 5.6
endloop
endfacet
facet normal 0 0 1
outer loop
vertex 64.07724602847813 -225.36301462680555 5.600000000000001
vertex 42.08850406309067 -225.28843715270875 5.6
vertex 42.17987252981682 -225.36301462680476 5.6
endloop
endfacet
facet normal 0 0 1
outer loop
vertex 176.7013328003957 -225.29758166784194 5.6
vertex 176.79114751014717 -225.22427238721238 5.6
vertex 164.8627706977193 -225.22427238721392 5.600000000000001
endloop
endfacet
facet normal 0 0 1
outer loop
vertex 176.7013328003957 -225.29758166784194 5.6
vertex 164.8627706977193 -225.22427238721392 5.600000000000001
vertex 165.84906707059403 -225.2975816678428 5.6
endloop
endfacet
facet normal 0 0 1
outer loop
vertex 65.06344731933507 -225.28843715270804 5.6
vertex 66.04975697900963 -225.21530685124006 5.600000000000001
vertex 41.99890859747178 -225.2153068512412 5.6
endloop
endfacet
facet normal 0 0 1
outer loop
vertex 65.06344731933507 -225.28843715270804 5.6
vertex 41.99890859747178 -225.2153068512412 5.6
vertex 42.08850406309067 -225.28843715270875 5.6
endloop
endfacet
facet normal 0 0 1
outer loop
vertex 176.79114751014717 -225.22427238721238 5.6
vertex 176.87918905016176 -225.1524104173654 5.6
vertex 163.87636781702173 -225.15241041736502 5.6
endloop
endfacet
facet normal 0 0 1
outer loop
vertex 176.79114751014717 -225.22427238721238 5.6
vertex 163.87636781702173 -225.15241041736502 5.6
vertex 164.8627706977193 -225.22427238721392 5.600000000000001
endloop
endfacet
facet normal 0 0 1
outer loop
vertex 66.04975697900963 -225.21530685124006 5.600000000000001
vertex 67.03617288388573 -225.1436238798607 5.600000000000001
vertex 41.91108632586774 -225.1436238798586 5.6
endloop
endfacet
facet normal 0 0 1
outer loop
vertex 66.04975697900963 -225.21530685124006 5.600000000000001
vertex 41.91108632586774 -225.1436238798586 5.6
vertex 41.99890859747178 -225.2153068512412 5.6
endloop
endfacet
facet normal 0 0 1
outer loop
vertex 176.87918905016176 -225.1524104173654 5.6
vertex 176.96545723087797 -225.08199591302616 5.6
vertex 162.88986055231618 -225.08199591303006 5.600000000000001
endloop
endfacet
facet normal 0 0 1
outer loop
vertex 176.87918905016176 -225.1524104173654 5.6
vertex 162.88986055231618 -225.08199591303006 5.600000000000001
vertex 163.87636781702173 -225.15241041736502 5.6
endloop
endfacet
facet normal 0 0 1
outer loop
vertex 67.03617288388573 -225.1436238798607 5.600000000000001
vertex 68.02269291011496 -225.07338839290142 5.6
vertex 41.82503743736832 -225.07338839290128 5.6
endloop
endfacet
facet normal 0 0 1
outer loop
vertex 67.03617288388573 -225.1436238798607 5.600000000000001
vertex 41.82503743736832 -225.07338839290128 5.6
vertex 41.91108632586774 -225.1436238798586 5.6
endloop
endfacet
facet normal 0 0 1
outer loop
vertex 68.02269291011496 -225.07338839290142 5.6
vertex 68.73738574532376 -225.02355960000182 5.6
vertex 46.234856700001586 -225.02355960000182 5.6
endloop
endfacet
facet normal 0 0 1
outer loop
vertex 68.02269291011496 -225.07338839290142 5.6
vertex 46.234856700001586 -225.02355960000182 5.6
vertex 41.76398977570875 -225.02355960000182 5.6
endloop
endfacet
facet normal 0 0 1
outer loop
vertex 68.02269291011496 -225.07338839290142 5.6
vertex 41.76398977570875 -225.02355960000182 5.6
vertex 41.82503743736832 -225.07338839290128 5.6
endloop
endfacet
facet normal 0 0 1
outer loop
vertex 176.96545723087797 -225.08199591302616 5.6
vertex 177.04995186655643 -225.0130290258005 5.6
vertex 161.90325102759732 -225.01302902580025 5.600000000000001
endloop
endfacet
facet normal 0 0 1
outer loop
vertex 176.96545723087797 -225.08199591302616 5.6
vertex 161.90325102759732 -225.01302902580025 5.600000000000001
vertex 162.88986055231618 -225.08199591303006 5.600000000000001
endloop
endfacet
facet normal 0 0 1
outer loop
vertex 68.73738574532376 -225.02355960000182 5.6
vertex 69.00931493359283 -225.0046005415964 5.6
vertex 46.417075703590825 -225.00460054159512 5.6
endloop
endfacet
facet normal 0 0 1
outer loop
vertex 68.73738574532376 -225.02355960000182 5.6
vertex 46.417075703590825 -225.00460054159512 5.6
vertex 46.234856700001586 -225.02355960000182 5.6
endloop
endfacet
facet normal 0 0 1
outer loop
vertex 177.04995186655643 -225.0130290258005 5.6
vertex 177.13267277526612 -224.94550990418549 5.6
vertex 160.91654136720064 -224.94550990418807 5.600000000000001
endloop
endfacet
facet normal 0 0 1
outer loop
vertex 177.04995186655643 -225.0130290258005 5.6
vertex 160.91654136720064 -224.94550990418807 5.600000000000001
vertex 161.90325102759732 -225.01302902580025 5.600000000000001
endloop
endfacet
facet normal 0 0 1
outer loop
vertex 69.00931493359283 -225.0046005415964 5.6
vertex 69.99603683013211 -224.93726047403962 5.6
vertex 47.06429350040019 -224.93726047403982 5.6
endloop
endfacet
facet normal 0 0 1
outer loop
vertex 69.00931493359283 -225.0046005415964 5.6
vertex 47.06429350040019 -224.93726047403982 5.6
vertex 46.417075703590825 -225.00460054159512 5.6
endloop
endfacet
facet normal 0 0 1
outer loop
vertex 177.13267277526612 -224.94550990418549 5.6
vertex 177.21361977890894 -224.87943869354984 5.6
vertex 159.92973369551223 -224.87943869354828 5.600000000000001
endloop
endfacet
facet normal 0 0 1
outer loop
vertex 177.13267277526612 -224.94550990418549 5.6
vertex 159.92973369551223 -224.87943869354828 5.600000000000001
vertex 160.91654136720064 -224.94550990418807 5.600000000000001
endloop
endfacet
facet normal 0 0 1
outer loop
vertex 69.99603683013211 -224.93726047403962 5.6
vertex 70.98285647513418 -224.87136833523 5.600000000000001
vertex 47.70463545682765 -224.87136833523113 5.6
endloop
endfacet
facet normal 0 0 1
outer loop
vertex 69.99603683013211 -224.93726047403962 5.6
vertex 47.70463545682765 -224.87136833523113 5.6
vertex 47.22036024359772 -224.9210224393599 5.6
endloop
endfacet
facet normal 0 0 1
outer loop
vertex 69.99603683013211 -224.93726047403962 5.6
vertex 47.22036024359772 -224.9210224393599 5.6
vertex 47.06429350040019 -224.93726047403982 5.6
endloop
endfacet
facet normal 0 0 1
outer loop
vertex 177.21361977890894 -224.87943869354984 5.6
vertex 177.29279270319557 -224.8148155361534 5.6
vertex 158.94283013725726 -224.81481553615168 5.6
endloop
endfacet
facet normal 0 0 1
outer loop
vertex 177.21361977890894 -224.87943869354984 5.6
vertex 158.94283013725726 -224.81481553615168 5.6
vertex 159.92973369551223 -224.87943869354828 5.600000000000001
endloop
endfacet
facet normal 0 0 1
outer loop
vertex 70.98285647513418 -224.87136833523 5.600000000000001
vertex 71.96977174397952 -224.80692426703317 5.600000000000001
vertex 48.3350532539789 -224.80692426703465 5.6
endloop
endfacet
facet normal 0 0 1
outer loop
vertex 70.98285647513418 -224.87136833523 5.600000000000001
vertex 48.3350532539789 -224.80692426703465 5.6
vertex 48.20601896484642 -224.81996006936188 5.6
endloop
endfacet
facet normal 0 0 1
outer loop
vertex 70.98285647513418 -224.87136833523 5.600000000000001
vertex 48.20601896484642 -224.81996006936188 5.6
vertex 47.70463545682765 -224.87136833523113 5.6
endloop
endfacet
facet normal 0 0 1
outer loop
vertex 177.29279270319557 -224.8148155361534 5.6
vertex 177.37019137765998 -224.7516405711353 5.6
vertex 157.95583281732019 -224.7516405711357 5.600000000000001
endloop
endfacet
facet normal 0 0 1
outer loop
vertex 177.29279270319557 -224.8148155361534 5.6
vertex 157.95583281732019 -224.7516405711357 5.600000000000001
vertex 158.94283013725726 -224.81481553615168 5.6
endloop
endfacet
facet normal 0 0 1
outer loop
vertex 71.96977174397952 -224.80692426703317 5.600000000000001
vertex 72.9567805116501 -224.7439284082107 5.600000000000001
vertex 48.958614862044946 -224.74392840821096 5.6
endloop
endfacet
facet normal 0 0 1
outer loop
vertex 71.96977174397952 -224.80692426703317 5.600000000000001
vertex 48.958614862044946 -224.74392840821096 5.6
vertex 48.3350532539789 -224.80692426703465 5.6
endloop
endfacet
facet normal 0 0 1
outer loop
vertex 177.37019137765998 -224.7516405711353 5.6
vertex 177.44581563565498 -224.68991393451756 5.6
vertex 156.96874386080674 -224.68991393451608 5.6
endloop
endfacet
facet normal 0 0 1
outer loop
vertex 177.37019137765998 -224.7516405711353 5.6
vertex 156.96874386080674 -224.68991393451608 5.6
vertex 157.95583281732019 -224.7516405711357 5.600000000000001
endloop
endfacet
facet normal 0 0 1
outer loop
vertex 72.9567805116501 -224.7439284082107 5.600000000000001
vertex 73.94388065316559 -224.68238089438827 5.600000000000001
vertex 49.57353204442052 -224.6823808943869 5.6
endloop
endfacet
facet normal 0 0 1
outer loop
vertex 72.9567805116501 -224.7439284082107 5.600000000000001
vertex 49.57353204442052 -224.6823808943869 5.6
vertex 49.191827324833966 -224.7203679144414 5.6
endloop
endfacet
facet normal 0 0 1
outer loop
vertex 72.9567805116501 -224.7439284082107 5.600000000000001
vertex 49.191827324833966 -224.7203679144414 5.6
vertex 48.958614862044946 -224.74392840821096 5.6
endloop
endfacet
facet normal 0 0 1
outer loop
vertex 177.44581563565498 -224.68991393451756 5.6
vertex 177.51966531435775 -224.6296357592009 5.6
vertex 155.9815653929711 -224.6296357592032 5.6
endloop
endfacet
facet normal 0 0 1
outer loop
vertex 177.44581563565498 -224.68991393451756 5.6
vertex 155.9815653929711 -224.6296357592032 5.6
vertex 156.96874386080674 -224.68991393451608 5.6
endloop
endfacet
facet normal 0 0 1
outer loop
vertex 73.94388065316559 -224.68238089438827 5.600000000000001
vertex 74.93107004308904 -224.62228185808718 5.6
vertex 50.177424788974314 -224.6222818580874 5.6
endloop
endfacet
facet normal 0 0 1
outer loop
vertex 73.94388065316559 -224.68238089438827 5.600000000000001
vertex 50.177424788974314 -224.6222818580874 5.6
vertex 49.57353204442052 -224.6823808943869 5.6
endloop
endfacet
facet normal 0 0 1
outer loop
vertex 177.51966531435775 -224.6296357592009 5.6
vertex 177.59174025475923 -224.5708061749728 5.6
vertex 154.99429953935038 -224.57080617497328 5.600000000000001
endloop
endfacet
facet normal 0 0 1
outer loop
vertex 177.51966531435775 -224.6296357592009 5.6
vertex 154.99429953935038 -224.57080617497328 5.600000000000001
vertex 155.9815653929711 -224.6296357592032 5.6
endloop
endfacet
facet normal 0 0 1
outer loop
vertex 74.93107004308904 -224.62228185808718 5.6
vertex 75.91834655594411 -224.5636314287087 5.600000000000001
vertex 50.77581156582655 -224.56363142870921 5.6
endloop
endfacet
facet normal 0 0 1
outer loop
vertex 74.93107004308904 -224.62228185808718 5.6
vertex 50.77581156582655 -224.56363142870921 5.6
vertex 50.177783130864746 -224.6222461961218 5.6
endloop
endfacet
facet normal 0 0 1
outer loop
vertex 74.93107004308904 -224.62228185808718 5.6
vertex 50.177783130864746 -224.6222461961218 5.6
vertex 50.177424788974314 -224.6222818580874 5.6
endloop
endfacet
facet normal 0 0 1
outer loop
vertex 177.59174025475923 -224.5708061749728 5.6
vertex 177.662040301681 -224.51342530849433 5.6
vertex 154.00694842554242 -224.51342530849266 5.6
endloop
endfacet
facet normal 0 0 1
outer loop
vertex 177.59174025475923 -224.5708061749728 5.6
vertex 154.00694842554242 -224.51342530849266 5.6
vertex 154.99429953935038 -224.57080617497328 5.600000000000001
endloop
endfacet
facet normal 0 0 1
outer loop
vertex 75.91834655594411 -224.5636314287087 5.600000000000001
vertex 76.90570806611632 -224.50642973252653 5.6
vertex 51.36247343889752 -224.506429732527 5.6
endloop
endfacet
facet normal 0 0 1
outer loop
vertex 75.91834655594411 -224.5636314287087 5.600000000000001
vertex 51.36247343889752 -224.506429732527 5.6
vertex 51.163884183294776 -224.5255951333054 5.6
endloop
endfacet
facet normal 0 0 1
outer loop
vertex 75.91834655594411 -224.5636314287087 5.600000000000001
vertex 51.163884183294776 -224.5255951333054 5.6
vertex 50.77581156582655 -224.56363142870921 5.6
endloop
endfacet
facet normal 0 0 1
outer loop
vertex 177.662040301681 -224.51342530849433 5.6
vertex 177.7305653037584 -224.45749328331348 5.6
vertex 153.01951417743368 -224.4574932833135 5.6
endloop
endfacet
facet normal 0 0 1
outer loop
vertex 177.662040301681 -224.51342530849433 5.6
vertex 153.01951417743368 -224.4574932833135 5.6
vertex 154.00694842554242 -224.51342530849266 5.6
endloop
endfacet
facet normal 0 0 1
outer loop
vertex 76.90570806611632 -224.50642973252653 5.6
vertex 77.89315244763515 -224.4506768927066 5.6
vertex 51.940176722313694 -224.4506768927067 5.6
endloop
endfacet
facet normal 0 0 1
outer loop
vertex 76.90570806611632 -224.50642973252653 5.6
vertex 51.940176722313694 -224.4506768927067 5.6
vertex 51.36247343889752 -224.506429732527 5.6
endloop
endfacet
facet normal 0 0 1
outer loop
vertex 177.7305653037584 -224.45749328331348 5.6
vertex 177.79731511345037 -224.40301021985752 5.6
vertex 152.0319989210714 -224.40301021985925 5.600000000000001
endloop
endfacet
facet normal 0 0 1
outer loop
vertex 177.7305653037584 -224.45749328331348 5.6
vertex 152.0319989210714 -224.40301021985925 5.600000000000001
vertex 153.01951417743368 -224.4574932833135 5.6
endloop
endfacet
facet normal 0 0 1
outer loop
vertex 77.89315244763515 -224.4506768927066 5.6
vertex 78.88067757448593 -224.39637302928742 5.6
vertex 52.50845449382586 -224.39637302928682 5.6
endloop
endfacet
facet normal 0 0 1
outer loop
vertex 77.89315244763515 -224.4506768927066 5.6
vertex 52.50845449382586 -224.39637302928682 5.6
vertex 52.150128297021865 -224.43041494015986 5.6
endloop
endfacet
facet normal 0 0 1
outer loop
vertex 77.89315244763515 -224.4506768927066 5.6
vertex 52.150128297021865 -224.43041494015986 5.6
vertex 51.940176722313694 -224.4506768927067 5.6
endloop
endfacet
facet normal 0 0 1
outer loop
vertex 177.79731511345037 -224.40301021985752 5.6
vertex 177.86228958704243 -224.34997623543006 5.6
vertex 151.04440478260472 -224.34997623542674 5.600000000000001
endloop
endfacet
facet normal 0 0 1
outer loop
vertex 177.79731511345037 -224.40301021985752 5.6
vertex 151.04440478260472 -224.34997623542674 5.600000000000001
vertex 152.0319989210714 -224.40301021985925 5.600000000000001
endloop
endfacet
facet normal 0 0 1
outer loop
vertex 78.88067757448593 -224.39637302928742 5.6
vertex 79.86828132045291 -224.3435182591882 5.6
vertex 53.06480542322079 -224.34351825918762 5.6
endloop
endfacet
facet normal 0 0 1
outer loop
vertex 78.88067757448593 -224.39637302928742 5.6
vertex 53.06480542322079 -224.34351825918762 5.6
vertex 52.50845449382586 -224.39637302928682 5.6
endloop
endfacet
facet normal 0 0 1
outer loop
vertex 177.86228958704243 -224.34997623543006 5.6
vertex 177.92548858463002 -224.29839144422525 5.6
vertex 150.05673388854194 -224.2983914442233 5.600000000000001
endloop
endfacet
facet normal 0 0 1
outer loop
vertex 177.86228958704243 -224.34997623543006 5.6
vertex 150.05673388854194 -224.2983914442233 5.600000000000001
vertex 151.04440478260472 -224.34997623542674 5.600000000000001
endloop
endfacet
facet normal 0 0 1
outer loop
vertex 79.86828132045291 -224.3435182591882 5.6
vertex 80.85596155912219 -224.29211269621197 5.6
vertex 53.61345623781787 -224.29211269621103 5.6
endloop
endfacet
facet normal 0 0 1
outer loop
vertex 79.86828132045291 -224.3435182591882 5.6
vertex 53.61345623781787 -224.29211269621103 5.6
vertex 53.13651327702043 -224.33670582853165 5.6
endloop
endfacet
facet normal 0 0 1
outer loop
vertex 79.86828132045291 -224.3435182591882 5.6
vertex 53.13651327702043 -224.33670582853165 5.6
vertex 53.06480542322079 -224.34351825918762 5.6
endloop
endfacet
facet normal 0 0 1
outer loop
vertex 177.92548858463002 -224.29839144422525 5.6
vertex 177.98691197014722 -224.24825595730385 5.6
vertex 149.06898836532255 -224.24825595730493 5.6
endloop
endfacet
facet normal 0 0 1
outer loop
vertex 177.92548858463002 -224.29839144422525 5.6
vertex 149.06898836532255 -224.24825595730493 5.6
vertex 150.05673388854194 -224.2983914442233 5.600000000000001
endloop
endfacet
facet normal 0 0 1
outer loop
vertex 80.85596155912219 -224.29211269621197 5.6
vertex 81.84371616391476 -224.24215645103803 5.6
vertex 54.14816430937271 -224.24215645103828 5.6
endloop
endfacet
facet normal 0 0 1
outer loop
vertex 80.85596155912219 -224.29211269621197 5.6
vertex 54.14816430937271 -224.24215645103828 5.6
vertex 54.12303692107018 -224.2444680076338 5.6
endloop
endfacet
facet normal 0 0 1
outer loop
vertex 80.85596155912219 -224.29211269621197 5.6
vertex 54.12303692107018 -224.2444680076338 5.6
vertex 53.61345623781787 -224.29211269621103 5.6
endloop
endfacet
facet normal 0 0 1
outer loop
vertex 177.98691197014722 -224.24825595730385 5.6
vertex 178.04655961134944 -224.19956988260765 5.6
vertex 148.0811703395579 -224.19956988260586 5.6
endloop
endfacet
facet normal 0 0 1
outer loop
vertex 177.98691197014722 -224.24825595730385 5.6
vertex 148.0811703395579 -224.19956988260586 5.6
vertex 149.06898836532255 -224.24825595730493 5.6
endloop
endfacet
facet normal 0 0 1
outer loop
vertex 81.84371616391476 -224.24215645103803 5.6
vertex 82.83154300818741 -224.1936496312265 5.600000000000001
vertex 54.67544955910844 -224.19364963122598 5.6
endloop
endfacet
facet normal 0 0 1
outer loop
vertex 81.84371616391476 -224.24215645103803 5.6
vertex 54.67544955910844 -224.19364963122598 5.6
vertex 54.14816430937271 -224.24215645103828 5.6
endloop
endfacet
facet normal 0 0 1
outer loop
vertex 178.04655961134944 -224.19956988260765 5.6
vertex 178.104431379799 -224.15233332497098 5.6
vertex 147.09328193828898 -224.15233332497124 5.6
endloop
endfacet
facet normal 0 0 1
outer loop
vertex 178.04655961134944 -224.19956988260765 5.6
vertex 147.09328193828898 -224.15233332497124 5.6
vertex 148.0811703395579 -224.19956988260586 5.6
endloop
endfacet
facet normal 0 0 1
outer loop
vertex 82.83154300818741 -224.1936496312265 5.600000000000001
vertex 83.81943996494367 -224.14659234121956 5.6
vertex 55.18826232379002 -224.14659234121916 5.6
endloop
endfacet
facet normal 0 0 1
outer loop
vertex 82.83154300818741 -224.1936496312265 5.600000000000001
vertex 55.18826232379002 -224.14659234121916 5.6
vertex 55.10969703916009 -224.15370168221855 5.6
endloop
endfacet
facet normal 0 0 1
outer loop
vertex 82.83154300818741 -224.1936496312265 5.600000000000001
vertex 55.10969703916009 -224.15370168221855 5.6
vertex 54.67544955910844 -224.19364963122598 5.6
endloop
endfacet
facet normal 0 0 1
outer loop
vertex 178.104431379799 -224.15233332497098 5.6
vertex 178.16052715089756 -224.10654638609455 5.6
vertex 146.10532528844874 -224.10654638609432 5.6
endloop
endfacet
facet normal 0 0 1
outer loop
vertex 178.104431379799 -224.15233332497098 5.6
vertex 146.10532528844874 -224.10654638609432 5.6
vertex 147.09328193828898 -224.15233332497124 5.6
endloop
endfacet
facet normal 0 0 1
outer loop
vertex 83.81943996494367 -224.14659234121956 5.6
vertex 84.80740490723502 -224.1009846823329 5.600000000000001
vertex 55.69227228787031 -224.10098468233247 5.6
endloop
endfacet
facet normal 0 0 1
outer loop
vertex 83.81943996494367 -224.14659234121956 5.6
vertex 55.69227228787031 -224.10098468233247 5.6
vertex 55.18826232379002 -224.14659234121916 5.6
endloop
endfacet
facet normal 0 0 1
outer loop
vertex 178.16052715089756 -224.10654638609455 5.6
vertex 178.2148468038666 -224.0622091645612 5.6
vertex 145.11730251718438 -224.06220916456255 5.6
endloop
endfacet
facet normal 0 0 1
outer loop
vertex 178.16052715089756 -224.10654638609455 5.6
vertex 145.11730251718438 -224.06220916456255 5.6
vertex 146.10532528844874 -224.10654638609432 5.6
endloop
endfacet
facet normal 0 0 1
outer loop
vertex 84.80740490723502 -224.1009846823329 5.600000000000001
vertex 85.79543570787823 -224.05682675276194 5.6
vertex 56.181676673070456 -224.0568267527637 5.6
endloop
endfacet
facet normal 0 0 1
outer loop
vertex 84.80740490723502 -224.1009846823329 5.600000000000001
vertex 56.181676673070456 -224.0568267527637 5.6
vertex 56.09649144519278 -224.0644070534035 5.6
endloop
endfacet
facet normal 0 0 1
outer loop
vertex 84.80740490723502 -224.1009846823329 5.600000000000001
vertex 56.09649144519278 -224.0644070534035 5.6
vertex 55.69227228787031 -224.10098468233247 5.6
endloop
endfacet
facet normal 0 0 1
outer loop
vertex 178.2148468038666 -224.0622091645612 5.6
vertex 178.26739022175053 -224.01932175583335 5.6
vertex 144.12921575180962 -224.0193217558317 5.6
endloop
endfacet
facet normal 0 0 1
outer loop
vertex 178.2148468038666 -224.0622091645612 5.6
vertex 144.12921575180962 -224.0193217558317 5.6
vertex 145.11730251718438 -224.06220916456255 5.6
endloop
endfacet
facet normal 0 0 1
outer loop
vertex 85.79543570787823 -224.05682675276194 5.6
vertex 86.78353023958005 -224.01411864758697 5.600000000000001
vertex 56.6616180163656 -224.01411864758762 5.6
endloop
endfacet
facet normal 0 0 1
outer loop
vertex 85.79543570787823 -224.05682675276194 5.6
vertex 56.6616180163656 -224.01411864758762 5.6
vertex 56.181676673070456 -224.0568267527637 5.6
endloop
endfacet
facet normal 0 0 1
outer loop
vertex 178.26739022175053 -224.01932175583335 5.6
vertex 178.3181572914208 -223.97788425224968 5.6
vertex 143.14106711971826 -223.9778842522518 5.6
endloop
endfacet
facet normal 0 0 1
outer loop
vertex 178.26739022175053 -224.01932175583335 5.6
vertex 143.14106711971826 -223.9778842522518 5.6
vertex 144.12921575180962 -224.0193217558317 5.6
endloop
endfacet
facet normal 0 0 1
outer loop
vertex 178.3181572914208 -223.97788425224968 5.6
vertex 178.32096220899183 -223.9755947999993 5.6
vertex 173.85009335000117 -223.9755947999993 5.6
endloop
endfacet
facet normal 0 0 1
outer loop
vertex 178.3181572914208 -223.97788425224968 5.6
vertex 173.85009335000117 -223.9755947999993 5.6
vertex 143.08448805481913 -223.9755947999993 5.6
endloop
endfacet
facet normal 0 0 1
outer loop
vertex 178.3181572914208 -223.97788425224968 5.6
vertex 143.08448805481913 -223.9755947999993 5.6
vertex 143.14106711971826 -223.9778842522518 5.6
endloop
endfacet
facet normal 0 0 1
outer loop
vertex 86.78353023958005 -224.01411864758697 5.600000000000001
vertex 87.7716863747891 -223.97286045876172 5.6
vertex 57.125984632705624 -223.97286045876263 5.6
endloop
endfacet
facet normal 0 0 1
outer loop
vertex 86.78353023958005 -224.01411864758697 5.600000000000001
vertex 57.125984632705624 -223.97286045876263 5.6
vertex 57.08341792495455 -223.9765843215477 5.6
endloop
endfacet
facet normal 0 0 1
outer loop
vertex 86.78353023958005 -224.01411864758697 5.600000000000001
vertex 57.08341792495455 -223.9765843215477 5.6
vertex 56.6616180163656 -224.01411864758762 5.6
endloop
endfacet
facet normal 0 0 1
outer loop
vertex 173.85009335000117 -223.9755947999993 5.6
vertex 173.41909049283868 -223.93789674303216 5.6
vertex 142.15285874856457 -223.93789674303102 5.6
endloop
endfacet
facet normal 0 0 1
outer loop
vertex 173.85009335000117 -223.9755947999993 5.6
vertex 142.15285874856457 -223.93789674303102 5.6
vertex 143.08448805481913 -223.9755947999993 5.6
endloop
endfacet
facet normal 0 0 1
outer loop
vertex 87.7716863747891 -223.97286045876172 5.6
vertex 88.75990198603536 -223.93305227511584 5.600000000000001
vertex 57.581023772751585 -223.93305227511635 5.6
endloop
endfacet
facet normal 0 0 1
outer loop
vertex 87.7716863747891 -223.97286045876172 5.6
vertex 57.581023772751585 -223.93305227511635 5.6
vertex 57.125984632705624 -223.97286045876263 5.6
endloop
endfacet
facet normal 0 0 1
outer loop
vertex 173.41909049283868 -223.93789674303216 5.6
vertex 172.9784910763373 -223.89935931427283 5.6
vertex 141.16459276593227 -223.89935931427073 5.600000000000001
endloop
endfacet
facet normal 0 0 1
outer loop
vertex 173.41909049283868 -223.93789674303216 5.6
vertex 141.16459276593227 -223.89935931427073 5.600000000000001
vertex 142.15285874856457 -223.93789674303102 5.6
endloop
endfacet
facet normal 0 0 1
outer loop
vertex 88.75990198603536 -223.93305227511584 5.600000000000001
vertex 89.74817494549099 -223.89469418236362 5.600000000000001
vertex 58.01948722275275 -223.89469418236402 5.6
endloop
endfacet
facet normal 0 0 1
outer loop
vertex 88.75990198603536 -223.93305227511584 5.600000000000001
vertex 58.01948722275275 -223.89469418236402 5.6
vertex 57.581023772751585 -223.93305227511635 5.6
endloop
endfacet
facet normal 0 0 1
outer loop
vertex 172.9784910763373 -223.89935931427283 5.6
vertex 172.86303551176042 -223.88926088829197 5.6
vertex 172.54907745718563 -223.8622720489511 5.6
endloop
endfacet
facet normal 0 0 1
outer loop
vertex 172.9784910763373 -223.89935931427283 5.6
vertex 172.54907745718563 -223.8622720489511 5.6
vertex 140.176271299777 -223.86227204895167 5.6
endloop
endfacet
facet normal 0 0 1
outer loop
vertex 172.9784910763373 -223.89935931427283 5.6
vertex 140.176271299777 -223.86227204895167 5.6
vertex 141.16459276593227 -223.89935931427073 5.600000000000001
endloop
endfacet
facet normal 0 0 1
outer loop
vertex 89.74817494549099 -223.89469418236362 5.600000000000001
vertex 90.73650312544784 -223.85778626308894 5.600000000000001
vertex 58.44785640798723 -223.85778626308866 5.6
endloop
endfacet
facet normal 0 0 1
outer loop
vertex 89.74817494549099 -223.89469418236362 5.600000000000001
vertex 58.44785640798723 -223.85778626308866 5.6
vertex 58.07047430490834 -223.89023368006562 5.6
endloop
endfacet
facet normal 0 0 1
outer loop
vertex 89.74817494549099 -223.89469418236362 5.600000000000001
vertex 58.07047430490834 -223.89023368006562 5.6
vertex 58.01948722275275 -223.89469418236402 5.6
endloop
endfacet
facet normal 0 0 1
outer loop
vertex 172.54907745718563 -223.8622720489511 5.6
vertex 172.13451609101216 -223.8266350269172 5.6
vertex 139.18789647798712 -223.8266350269167 5.6
endloop
endfacet
facet normal 0 0 1
outer loop
vertex 172.54907745718563 -223.8622720489511 5.6
vertex 139.18789647798712 -223.8266350269167 5.6
vertex 140.176271299777 -223.86227204895167 5.6
endloop
endfacet
facet normal 0 0 1
outer loop
vertex 90.73650312544784 -223.85778626308894 5.600000000000001
vertex 91.72488439788052 -223.82232859675912 5.6
vertex 58.860249440664596 -223.8223285967592 5.6
endloop
endfacet
facet normal 0 0 1
outer loop
vertex 90.73650312544784 -223.85778626308894 5.600000000000001
vertex 58.860249440664596 -223.8223285967592 5.6
vertex 58.44785640798723 -223.85778626308866 5.6
endloop
endfacet
facet normal 0 0 1
outer loop
vertex 172.13451609101216 -223.8266350269172 5.6
vertex 171.8758500075189 -223.80439926239833 5.6
vertex 171.7343532832884 -223.7924483248975 5.6
endloop
endfacet
facet normal 0 0 1
outer loop
vertex 172.13451609101216 -223.8266350269172 5.6
vertex 171.7343532832884 -223.7924483248975 5.6
vertex 138.19947042852962 -223.79244832489618 5.600000000000001
endloop
endfacet
facet normal 0 0 1
outer loop
vertex 172.13451609101216 -223.8266350269172 5.6
vertex 138.19947042852962 -223.79244832489618 5.600000000000001
vertex 139.18789647798712 -223.8266350269167 5.6
endloop
endfacet
facet normal 0 0 1
outer loop
vertex 91.72488439788052 -223.82232859675912 5.6
vertex 92.71331663469034 -223.78832125971954 5.600000000000001
vertex 59.259297538415346 -223.78832125971974 5.6
endloop
endfacet
facet normal 0 0 1
outer loop
vertex 91.72488439788052 -223.82232859675912 5.6
vertex 59.259297538415346 -223.78832125971974 5.6
vertex 59.057658370677984 -223.80535532268271 5.6
endloop
endfacet
facet normal 0 0 1
outer loop
vertex 91.72488439788052 -223.82232859675912 5.6
vertex 59.057658370677984 -223.80535532268271 5.6
vertex 58.860249440664596 -223.8223285967592 5.6
endloop
endfacet
facet normal 0 0 1
outer loop
vertex 171.7343532832884 -223.7924483248975 5.6
vertex 171.34676189968877 -223.75971201650265 5.6
vertex 137.21099527967823 -223.7597120165015 5.600000000000001
endloop
endfacet
facet normal 0 0 1
outer loop
vertex 171.7343532832884 -223.7924483248975 5.6
vertex 137.21099527967823 -223.7597120165015 5.600000000000001
vertex 138.19947042852962 -223.79244832489618 5.600000000000001
endloop
endfacet
facet normal 0 0 1
outer loop
vertex 92.71331663469034 -223.78832125971954 5.600000000000001
vertex 93.70179770772866 -223.75576432519043 5.600000000000001
vertex 59.6446872834764 -223.75576432519 5.6
endloop
endfacet
facet normal 0 0 1
outer loop
vertex 92.71331663469034 -223.78832125971954 5.600000000000001
vertex 59.6446872834764 -223.75576432519 5.6
vertex 59.259297538415346 -223.78832125971974 5.6
endloop
endfacet
facet normal 0 0 1
outer loop
vertex 171.34676189968877 -223.75971201650265 5.6
vertex 170.9763437228155 -223.72842617221852 5.6
vertex 136.22247315976426 -223.7284261722164 5.6
endloop
endfacet
facet normal 0 0 1
outer loop
vertex 171.34676189968877 -223.75971201650265 5.6
vertex 136.22247315976426 -223.7284261722164 5.6
vertex 137.21099527967823 -223.7597120165015 5.600000000000001
endloop
endfacet
facet normal 0 0 1
outer loop
vertex 93.70179770772866 -223.75576432519043 5.600000000000001
vertex 94.69032548873369 -223.72465786326669 5.6
vertex 60.01290719125767 -223.7246578632672 5.6
endloop
endfacet
facet normal 0 0 1
outer loop
vertex 93.70179770772866 -223.75576432519043 5.600000000000001
vertex 60.01290719125767 -223.7246578632672 5.6
vertex 59.6446872834764 -223.75576432519 5.6
endloop
endfacet
facet normal 0 0 1
outer loop
vertex 170.9763437228155 -223.72842617221852 5.6
vertex 170.88853902675947 -223.72101011053545 5.6
vertex 170.61829385327965 -223.6985908593991 5.6
endloop
endfacet
facet normal 0 0 1
outer loop
vertex 170.9763437228155 -223.72842617221852 5.6
vertex 170.61829385327965 -223.6985908593991 5.6
vertex 135.23390619692836 -223.6985908594011 5.6
endloop
endfacet
facet normal 0 0 1
outer loop
vertex 170.9763437228155 -223.72842617221852 5.6
vertex 135.23390619692836 -223.6985908594011 5.6
vertex 136.22247315976426 -223.7284261722164 5.6
endloop
endfacet
facet normal 0 0 1
outer loop
vertex 94.69032548873369 -223.72465786326669 5.6
vertex 95.67889784925919 -223.69500194092745 5.6
vertex 60.36973048299132 -223.69500194092794 5.6
endloop
endfacet
facet normal 0 0 1
outer loop
vertex 94.69032548873369 -223.72465786326669 5.6
vertex 60.36973048299132 -223.69500194092794 5.6
vertex 60.04496793332593 -223.72194943759197 5.6
endloop
endfacet
facet normal 0 0 1
outer loop
vertex 94.69032548873369 -223.72465786326669 5.6
vertex 60.04496793332593 -223.72194943759197 5.6
vertex 60.01290719125767 -223.7246578632672 5.6
endloop
endfacet
facet normal 0 0 1
outer loop
vertex 170.61829385327965 -223.6985908593991 5.6
vertex 170.27614001627114 -223.67020614229062 5.6
vertex 134.24529651991463 -223.67020614229085 5.6
endloop
endfacet
facet normal 0 0 1
outer loop
vertex 170.61829385327965 -223.6985908593991 5.6
vertex 134.24529651991463 -223.67020614229085 5.6
vertex 135.23390619692836 -223.6985908594011 5.6
endloop
endfacet
facet normal 0 0 1
outer loop
vertex 95.67889784925919 -223.69500194092745 5.6
vertex 96.6675126608807 -223.66679662202358 5.6
vertex 60.709651901148916 -223.66679662202256 5.6
endloop
endfacet
facet normal 0 0 1
outer loop
vertex 95.67889784925919 -223.69500194092745 5.6
vertex 60.709651901148916 -223.66679662202256 5.6
vertex 60.36973048299132 -223.69500194092794 5.6
endloop
endfacet
facet normal 0 0 1
outer loop
vertex 170.27614001627114 -223.67020614229062 5.6
vertex 169.95147262434847 -223.64327208200172 5.6
vertex 133.25664625708 -223.64327208200092 5.600000000000001
endloop
endfacet
facet normal 0 0 1
outer loop
vertex 170.27614001627114 -223.67020614229062 5.6
vertex 133.25664625708 -223.64327208200092 5.600000000000001
vertex 134.24529651991463 -223.67020614229085 5.6
endloop
endfacet
facet normal 0 0 1
outer loop
vertex 96.6675126608807 -223.66679662202358 5.6
vertex 97.65616779498725 -223.64004196728018 5.600000000000001
vertex 61.03209038208923 -223.64004196728035 5.6
endloop
endfacet
facet normal 0 0 1
outer loop
vertex 96.6675126608807 -223.66679662202358 5.6
vertex 61.03209038208923 -223.64004196728035 5.6
vertex 60.709651901148916 -223.66679662202256 5.6
endloop
endfacet
facet normal 0 0 1
outer loop
vertex 169.95147262434847 -223.64327208200172 5.6
vertex 169.90110477003262 -223.63909361856955 5.6
vertex 169.6395583336376 -223.61778873652622 5.6
endloop
endfacet
facet normal 0 0 1
outer loop
vertex 169.95147262434847 -223.64327208200172 5.6
vertex 169.6395583336376 -223.61778873652622 5.6
vertex 132.26795753715413 -223.61778873652716 5.600000000000001
endloop
endfacet
facet normal 0 0 1
outer loop
vertex 169.95147262434847 -223.64327208200172 5.6
vertex 132.26795753715413 -223.61778873652716 5.600000000000001
vertex 133.25664625708 -223.64327208200092 5.600000000000001
endloop
endfacet
facet normal 0 0 1
outer loop
vertex 97.65616779498725 -223.64004196728018 5.600000000000001
vertex 98.64486112294762 -223.61473803430613 5.600000000000001
vertex 61.34265984305655 -223.61473803430576 5.6
endloop
endfacet
facet normal 0 0 1
outer loop
vertex 97.65616779498725 -223.64004196728018 5.600000000000001
vertex 61.34265984305655 -223.61473803430576 5.6
vertex 61.03240080513138 -223.64001620961864 5.6
endloop
endfacet
facet normal 0 0 1
outer loop
vertex 97.65616779498725 -223.64004196728018 5.600000000000001
vertex 61.03240080513138 -223.64001620961864 5.6
vertex 61.03209038208923 -223.64004196728035 5.6
endloop
endfacet
facet normal 0 0 1
outer loop
vertex 169.6395583336376 -223.61778873652622 5.6
vertex 169.34452574236303 -223.59375616073328 5.6
vertex 131.27923248892162 -223.59375616073288 5.6
endloop
endfacet
facet normal 0 0 1
outer loop
vertex 169.6395583336376 -223.61778873652622 5.6
vertex 131.27923248892162 -223.59375616073288 5.6
vertex 132.26795753715413 -223.61778873652716 5.600000000000001
endloop
endfacet
facet normal 0 0 1
outer loop
vertex 98.64486112294762 -223.61473803430613 5.600000000000001
vertex 99.63359051598769 -223.59088487758248 5.600000000000001
vertex 61.63542850081021 -223.5908848775813 5.6
endloop
endfacet
facet normal 0 0 1
outer loop
vertex 98.64486112294762 -223.61473803430613 5.600000000000001
vertex 61.63542850081021 -223.5908848775813 5.6
vertex 61.34265984305655 -223.61473803430576 5.6
endloop
endfacet
facet normal 0 0 1
outer loop
vertex 169.34452574236303 -223.59375616073328 5.6
vertex 169.06730395955486 -223.57117440636503 5.6
vertex 130.2904732411183 -223.57117440636392 5.600000000000001
endloop
endfacet
facet normal 0 0 1
outer loop
vertex 169.34452574236303 -223.59375616073328 5.6
vertex 130.2904732411183 -223.57117440636392 5.600000000000001
vertex 131.27923248892162 -223.59375616073288 5.6
endloop
endfacet
facet normal 0 0 1
outer loop
vertex 99.63359051598769 -223.59088487758248 5.600000000000001
vertex 100.62235384530305 -223.56848254846363 5.600000000000001
vertex 61.910390003890264 -223.5684825484642 5.6
endloop
endfacet
facet normal 0 0 1
outer loop
vertex 99.63359051598769 -223.59088487758248 5.600000000000001
vertex 61.910390003890264 -223.5684825484642 5.6
vertex 61.63542850081021 -223.5908848775813 5.6
endloop
endfacet
facet normal 0 0 1
outer loop
vertex 169.06730395955486 -223.57117440636503 5.6
vertex 168.91354943556453 -223.5586499688602 5.6
vertex 168.8059098514763 -223.55004352204236 5.6
endloop
endfacet
facet normal 0 0 1
outer loop
vertex 169.06730395955486 -223.57117440636503 5.6
vertex 168.8059098514763 -223.55004352204236 5.6
vertex 129.30168192263173 -223.55004352204162 5.6
endloop
endfacet
facet normal 0 0 1
outer loop
vertex 169.06730395955486 -223.57117440636503 5.6
vertex 129.30168192263173 -223.55004352204162 5.6
vertex 130.2904732411183 -223.57117440636392 5.600000000000001
endloop
endfacet
facet normal 0 0 1
outer loop
vertex 100.62235384530305 -223.56848254846363 5.600000000000001
vertex 101.61114898200928 -223.54753109518776 5.600000000000001
vertex 62.170314218711646 -223.54753109518867 5.6
endloop
endfacet
facet normal 0 0 1
outer loop
vertex 100.62235384530305 -223.56848254846363 5.600000000000001
vertex 62.170314218711646 -223.54753109518867 5.6
vertex 62.01995477294082 -223.55955582240105 5.6
endloop
endfacet
facet normal 0 0 1
outer loop
vertex 100.62235384530305 -223.56848254846363 5.600000000000001
vertex 62.01995477294082 -223.55955582240105 5.6
vertex 61.910390003890264 -223.5684825484642 5.6
endloop
endfacet
facet normal 0 0 1
outer loop
vertex 168.8059098514763 -223.55004352204236 5.6
vertex 168.55977533171554 -223.53036355326228 5.6
vertex 128.3128606624406 -223.53036355326142 5.6
endloop
endfacet
facet normal 0 0 1
outer loop
vertex 168.8059098514763 -223.55004352204236 5.6
vertex 128.3128606624406 -223.53036355326142 5.6
vertex 129.30168192263173 -223.55004352204162 5.6
endloop
endfacet
facet normal 0 0 1
outer loop
vertex 101.61114898200928 -223.54753109518776 5.600000000000001
vertex 102.59997379713826 -223.528030562865 5.6
vertex 62.41415253459491 -223.528030562865 5.6
endloop
endfacet
facet normal 0 0 1
outer loop
vertex 101.61114898200928 -223.54753109518776 5.600000000000001
vertex 62.41415253459491 -223.528030562865 5.6
vertex 62.170314218711646 -223.54753109518867 5.6
endloop
endfacet
facet normal 0 0 1
outer loop
vertex 168.55977533171554 -223.53036355326228 5.6
vertex 168.33178773249224 -223.5121345423973 5.6
vertex 127.32401158955436 -223.51213454239704 5.600000000000001
endloop
endfacet
facet normal 0 0 1
outer loop
vertex 168.55977533171554 -223.53036355326228 5.6
vertex 127.32401158955436 -223.51213454239704 5.600000000000001
vertex 128.3128606624406 -223.53036355326142 5.6
endloop
endfacet
facet normal 0 0 1
outer loop
vertex 102.59997379713826 -223.528030562865 5.6
vertex 103.58882616164848 -223.50998099347842 5.6
vertex 62.63984773758948 -223.50998099347987 5.6
endloop
endfacet
facet normal 0 0 1
outer loop
vertex 102.59997379713826 -223.528030562865 5.6
vertex 62.63984773758948 -223.50998099347987 5.6
vertex 62.41415253459491 -223.528030562865 5.6
endloop
endfacet
facet normal 0 0 1
outer loop
vertex 168.33178773249224 -223.5121345423973 5.6
vertex 168.12194754469377 -223.4953565286969 5.6
vertex 126.33513683309269 -223.49535652869866 5.600000000000001
endloop
endfacet
facet normal 0 0 1
outer loop
vertex 168.33178773249224 -223.5121345423973 5.6
vertex 126.33513683309269 -223.49535652869866 5.600000000000001
vertex 127.32401158955436 -223.51213454239704 5.600000000000001
endloop
endfacet
facet normal 0 0 1
outer loop
vertex 103.58882616164848 -223.50998099347842 5.6
vertex 104.57770394647993 -223.49338242589465 5.6
vertex 62.8473993417587 -223.49338242589516 5.6
endloop
endfacet
facet normal 0 0 1
outer loop
vertex 103.58882616164848 -223.50998099347842 5.6
vertex 62.8473993417587 -223.49338242589516 5.6
vertex 62.63984773758948 -223.50998099347987 5.6
endloop
endfacet
facet normal 0 0 1
outer loop
vertex 168.12194754469377 -223.4953565286969 5.6
vertex 167.93025522011243 -223.48002954828468 5.6
vertex 125.34623852213832 -223.4800295482838 5.600000000000001
endloop
endfacet
facet normal 0 0 1
outer loop
vertex 168.12194754469377 -223.4953565286969 5.6
vertex 125.34623852213832 -223.4800295482838 5.600000000000001
vertex 126.33513683309269 -223.49535652869866 5.600000000000001
endloop
endfacet
facet normal 0 0 1
outer loop
vertex 104.57770394647993 -223.49338242589465 5.6
vertex 105.56660502245279 -223.47823489585102 5.600000000000001
vertex 63.037364979659806 -223.47823489584968 5.6
endloop
endfacet
facet normal 0 0 1
outer loop
vertex 104.57770394647993 -223.49338242589465 5.6
vertex 63.037364979659806 -223.47823489584968 5.6
vertex 63.007627651593026 -223.48056845396556 5.6
endloop
endfacet
facet normal 0 0 1
outer loop
vertex 104.57770394647993 -223.49338242589465 5.6
vertex 63.007627651593026 -223.48056845396556 5.6
vertex 62.8473993417587 -223.49338242589516 5.6
endloop
endfacet
facet normal 0 0 1
outer loop
vertex 167.93025522011243 -223.48002954828468 5.6
vertex 167.92587522036723 -223.47967934036453 5.6
vertex 167.75347506193845 -223.4661536341606 5.6
endloop
endfacet
facet normal 0 0 1
outer loop
vertex 167.93025522011243 -223.48002954828468 5.6
vertex 167.75347506193845 -223.4661536341606 5.6
vertex 124.35731878585788 -223.46615363416063 5.6
endloop
endfacet
facet normal 0 0 1
outer loop
vertex 167.93025522011243 -223.48002954828468 5.6
vertex 124.35731878585788 -223.46615363416063 5.6
vertex 125.34623852213832 -223.4800295482838 5.600000000000001
endloop
endfacet
facet normal 0 0 1
outer loop
vertex 105.56660502245279 -223.47823489585102 5.600000000000001
vertex 106.55552726041019 -223.4645384359581 5.600000000000001
vertex 63.21190364592124 -223.46453843595677 5.6
endloop
endfacet
facet normal 0 0 1
outer loop
vertex 105.56660502245279 -223.47823489585102 5.600000000000001
vertex 63.21190364592124 -223.46453843595677 5.6
vertex 63.037364979659806 -223.47823489584968 5.6
endloop
endfacet
facet normal 0 0 1
outer loop
vertex 167.75347506193845 -223.4661536341606 5.6
vertex 167.5951069477485 -223.45372881620148 5.6
vertex 123.36837975352705 -223.45372881620239 5.6
endloop
endfacet
facet normal 0 0 1
outer loop
vertex 167.75347506193845 -223.4661536341606 5.6
vertex 123.36837975352705 -223.45372881620239 5.6
vertex 124.35731878585788 -223.46615363416063 5.6
endloop
endfacet
facet normal 0 0 1
outer loop
vertex 106.55552726041019 -223.4645384359581 5.600000000000001
vertex 107.54446853111878 -223.45229307570665 5.600000000000001
vertex 63.3679504538356 -223.45229307570625 5.6
endloop
endfacet
facet normal 0 0 1
outer loop
vertex 106.55552726041019 -223.4645384359581 5.600000000000001
vertex 63.3679504538356 -223.45229307570625 5.6
vertex 63.21190364592124 -223.46453843595677 5.6
endloop
endfacet
facet normal 0 0 1
outer loop
vertex 167.5951069477485 -223.45372881620148 5.6
vertex 167.45523500795238 -223.4427551211591 5.6
vertex 122.37942355441791 -223.4427551211583 5.6
endloop
endfacet
facet normal 0 0 1
outer loop
vertex 167.5951069477485 -223.45372881620148 5.6
vertex 122.37942355441791 -223.4427551211583 5.6
vertex 123.36837975352705 -223.45372881620239 5.6
endloop
endfacet
facet normal 0 0 1
outer loop
vertex 107.54446853111878 -223.45229307570665 5.600000000000001
vertex 108.53342670530093 -223.44149884146466 5.6
vertex 63.50550506742142 -223.44149884146339 5.6
endloop
endfacet
facet normal 0 0 1
outer loop
vertex 107.54446853111878 -223.45229307570665 5.600000000000001
vertex 63.50550506742142 -223.44149884146339 5.6
vertex 63.3679504538356 -223.45229307570625 5.6
endloop
endfacet
facet normal 0 0 1
outer loop
vertex 167.45523500795238 -223.4427551211591 5.6
vertex 167.33385954370513 -223.4332325726607 5.6
vertex 121.39045231785474 -223.43323257266061 5.6
endloop
endfacet
facet normal 0 0 1
outer loop
vertex 167.45523500795238 -223.4427551211591 5.6
vertex 121.39045231785474 -223.43323257266061 5.6
vertex 122.37942355441791 -223.4427551211583 5.6
endloop
endfacet
facet normal 0 0 1
outer loop
vertex 108.53342670530093 -223.44149884146466 5.6
vertex 109.52239965362756 -223.43215575646965 5.600000000000001
vertex 63.624567190509964 -223.43215575646923 5.6
endloop
endfacet
facet normal 0 0 1
outer loop
vertex 108.53342670530093 -223.44149884146466 5.6
vertex 63.624567190509964 -223.43215575646923 5.6
vertex 63.50550506742142 -223.44149884146339 5.6
endloop
endfacet
facet normal 0 0 1
outer loop
vertex 167.33385954370513 -223.4332325726607 5.6
vertex 167.23098081632713 -223.42516119120822 5.6
vertex 120.40146817305565 -223.4251611912096 5.600000000000001
endloop
endfacet
facet normal 0 0 1
outer loop
vertex 167.33385954370513 -223.4332325726607 5.6
vertex 120.40146817305565 -223.4251611912096 5.600000000000001
vertex 121.39045231785474 -223.43323257266061 5.6
endloop
endfacet
facet normal 0 0 1
outer loop
vertex 109.52239965362756 -223.43215575646965 5.600000000000001
vertex 110.51138524676388 -223.42426384083913 5.600000000000001
vertex 63.72513656675214 -223.4242638408401 5.6
endloop
endfacet
facet normal 0 0 1
outer loop
vertex 109.52239965362756 -223.43215575646965 5.600000000000001
vertex 63.72513656675214 -223.4242638408401 5.6
vertex 63.624567190509964 -223.43215575646923 5.6
endloop
endfacet
facet normal 0 0 1
outer loop
vertex 110.51138524676388 -223.42426384083913 5.600000000000001
vertex 115.45642835581462 -223.40657228853124 5.600000000000001
vertex 63.95058606012941 -223.40657228853217 5.6
endloop
endfacet
facet normal 0 0 1
outer loop
vertex 110.51138524676388 -223.42426384083913 5.600000000000001
vertex 63.95058606012941 -223.40657228853217 5.6
vertex 63.72513656675214 -223.4242638408401 5.6
endloop
endfacet
facet normal 0 0 1
outer loop
vertex 167.23098081632713 -223.42516119120822 5.6
vertex 166.99404459147846 -223.40657228853217 5.6
vertex 115.45642835581462 -223.40657228853124 5.600000000000001
endloop
endfacet
facet normal 0 0 1
outer loop
vertex 167.23098081632713 -223.42516119120822 5.6
vertex 115.45642835581462 -223.40657228853124 5.600000000000001
vertex 120.40146817305565 -223.4251611912096 5.600000000000001
endloop
endfacet
facet normal 3.446719055219769e-17 4.393226514174458e-16 1
outer loop
vertex 115.45642835581462 -223.40657228853124 5.600000000000001
vertex 166.99404459147846 -223.40657228853217 5.6
vertex 166.9380843160536 -223.402181908318 5.6
endloop
endfacet
facet normal 3.446719055219769e-17 4.393226514174458e-16 1
outer loop
vertex 115.45642835581462 -223.40657228853124 5.600000000000001
vertex 166.9380843160536 -223.402181908318 5.6
vertex 165.9501789242594 -223.32615784545473 5.6
endloop
endfacet
facet normal 3.446719055219769e-17 4.393226514174458e-16 1
outer loop
vertex 115.45642835581462 -223.40657228853124 5.600000000000001
vertex 165.9501789242594 -223.32615784545473 5.6
vertex 164.96216124551646 -223.25160732111007 5.6
endloop
endfacet
facet normal 3.446719055219769e-17 4.393226514174458e-16 1
outer loop
vertex 115.45642835581462 -223.40657228853124 5.600000000000001
vertex 164.96216124551646 -223.25160732111007 5.6
vertex 163.97403346890695 -223.17853050046273 5.6
endloop
endfacet
facet normal 3.446719055219769e-17 4.393226514174458e-16 1
outer loop
vertex 115.45642835581462 -223.40657228853124 5.600000000000001
vertex 163.97403346890695 -223.17853050046273 5.6
vertex 162.9857977983381 -223.1069275465095 5.6
endloop
endfacet
facet normal 3.446719055219769e-17 4.393226514174458e-16 1
outer loop
vertex 115.45642835581462 -223.40657228853124 5.600000000000001
vertex 162.9857977983381 -223.1069275465095 5.6
vertex 161.99745643637777 -223.03679861883046 5.6
endloop
endfacet
facet normal 3.446719055219769e-17 4.393226514174458e-16 1
outer loop
vertex 115.45642835581462 -223.40657228853124 5.600000000000001
vertex 161.99745643637777 -223.03679861883046 5.6
vertex 161.00901157180215 -222.96814387273338 5.6
endloop
endfacet
facet normal 3.446719055219769e-17 4.393226514174458e-16 1
outer loop
vertex 115.45642835581462 -223.40657228853124 5.600000000000001
vertex 161.00901157180215 -222.96814387273338 5.6
vertex 160.0204654154077 -222.90096346177174 5.6
endloop
endfacet
facet normal 3.446719055219769e-17 4.393226514174458e-16 1
outer loop
vertex 115.45642835581462 -223.40657228853124 5.600000000000001
vertex 160.0204654154077 -222.90096346177174 5.6
vertex 159.03182015021812 -222.83525753430496 5.6
endloop
endfacet
facet normal 3.446719055219769e-17 4.393226514174458e-16 1
outer loop
vertex 115.45642835581462 -223.40657228853124 5.600000000000001
vertex 159.03182015021812 -222.83525753430496 5.6
vertex 158.0430779912083 -222.77102623754573 5.6
endloop
endfacet
facet normal 3.446719055219769e-17 4.393226514174458e-16 1
outer loop
vertex 115.45642835581462 -223.40657228853124 5.600000000000001
vertex 158.0430779912083 -222.77102623754573 5.6
vertex 157.0542411316325 -222.70826971396355 5.6
endloop
endfacet
facet normal 3.446719055219769e-17 4.393226514174458e-16 1
outer loop
vertex 115.45642835581462 -223.40657228853124 5.600000000000001
vertex 157.0542411316325 -222.70826971396355 5.6
vertex 156.06531176634536 -222.64698810286157 5.6
endloop
endfacet
facet normal 3.446719055219769e-17 4.393226514174458e-16 1
outer loop
vertex 115.45642835581462 -223.40657228853124 5.600000000000001
vertex 156.06531176634536 -222.64698810286157 5.6
vertex 155.07629210669282 -222.58718154126865 5.6
endloop
endfacet
facet normal 3.446719055219769e-17 4.393226514174458e-16 1
outer loop
vertex 115.45642835581462 -223.40657228853124 5.600000000000001
vertex 155.07629210669282 -222.58718154126865 5.6
vertex 154.08718433686616 -222.52885016126763 5.6
endloop
endfacet
facet normal 3.446719055219769e-17 4.393226514174458e-16 1
outer loop
vertex 115.45642835581462 -223.40657228853124 5.600000000000001
vertex 154.08718433686616 -222.52885016126763 5.6
vertex 153.09799067527035 -222.4719940936865 5.6
endloop
endfacet
facet normal 3.446719055219769e-17 4.393226514174458e-16 1
outer loop
vertex 115.45642835581462 -223.40657228853124 5.600000000000001
vertex 153.09799067527035 -222.4719940936865 5.6
vertex 152.10871330611576 -222.41661346406548 5.6
endloop
endfacet
facet normal 3.446719055219769e-17 4.393226514174458e-16 1
outer loop
vertex 115.45642835581462 -223.40657228853124 5.600000000000001
vertex 152.10871330611576 -222.41661346406548 5.6
vertex 151.11935444484044 -222.36270839642683 5.6
endloop
endfacet
facet normal 3.446719055219769e-17 4.393226514174458e-16 1
outer loop
vertex 115.45642835581462 -223.40657228853124 5.600000000000001
vertex 151.11935444484044 -222.36270839642683 5.6
vertex 150.12991627950373 -222.31027900998365 5.6
endloop
endfacet
facet normal 3.446719055219769e-17 4.393226514174458e-16 1
outer loop
vertex 115.45642835581462 -223.40657228853124 5.600000000000001
vertex 150.12991627950373 -222.31027900998365 5.6
vertex 149.1404010182484 -222.25932542174934 5.6
endloop
endfacet
facet normal 3.446719055219769e-17 4.393226514174458e-16 1
outer loop
vertex 115.45642835581462 -223.40657228853124 5.600000000000001
vertex 149.1404010182484 -222.25932542174934 5.6
vertex 148.15081086204995 -222.20984774505538 5.6
endloop
endfacet
facet normal 3.446719055219769e-17 4.393226514174458e-16 1
outer loop
vertex 115.45642835581462 -223.40657228853124 5.600000000000001
vertex 148.15081086204995 -222.20984774505538 5.6
vertex 147.16114800999244 -222.1618460898513 5.6
endloop
endfacet
facet normal 3.446719055219769e-17 4.393226514174458e-16 1
outer loop
vertex 115.45642835581462 -223.40657228853124 5.600000000000001
vertex 147.16114800999244 -222.1618460898513 5.6
vertex 146.17141466483125 -222.11532056297847 5.6
endloop
endfacet
facet normal 3.446719055219769e-17 4.393226514174458e-16 1
outer loop
vertex 115.45642835581462 -223.40657228853124 5.600000000000001
vertex 146.17141466483125 -222.11532056297847 5.6
vertex 145.1816130268155 -222.07027126786795 5.6
endloop
endfacet
facet normal 3.446719055219769e-17 4.393226514174458e-16 1
outer loop
vertex 115.45642835581462 -223.40657228853124 5.600000000000001
vertex 145.1816130268155 -222.07027126786795 5.6
vertex 144.19174529970286 -222.02669830482137 5.6
endloop
endfacet
facet normal 3.446719055219769e-17 4.393226514174458e-16 1
outer loop
vertex 115.45642835581462 -223.40657228853124 5.600000000000001
vertex 144.19174529970286 -222.02669830482137 5.6
vertex 143.20181368534548 -221.98460177076015 5.6
endloop
endfacet
facet normal 3.446719055219769e-17 4.393226514174458e-16 1
outer loop
vertex 115.45642835581462 -223.40657228853124 5.600000000000001
vertex 143.20181368534548 -221.98460177076015 5.6
vertex 142.21182038535562 -221.94398175930647 5.6
endloop
endfacet
facet normal 3.446719055219769e-17 4.393226514174458e-16 1
outer loop
vertex 115.45642835581462 -223.40657228853124 5.600000000000001
vertex 142.21182038535562 -221.94398175930647 5.6
vertex 141.22176760194486 -221.90483836081862 5.6
endloop
endfacet
facet normal 3.446719055219769e-17 4.393226514174458e-16 1
outer loop
vertex 115.45642835581462 -223.40657228853124 5.600000000000001
vertex 141.22176760194486 -221.90483836081862 5.6
vertex 140.2316575371655 -221.86717166235928 5.6
endloop
endfacet
facet normal 3.446719055219769e-17 4.393226514174458e-16 1
outer loop
vertex 115.45642835581462 -223.40657228853124 5.600000000000001
vertex 140.2316575371655 -221.86717166235928 5.6
vertex 139.2414923945023 -221.83098174775563 5.6
endloop
endfacet
facet normal 3.446719055219769e-17 4.393226514174458e-16 1
outer loop
vertex 115.45642835581462 -223.40657228853124 5.600000000000001
vertex 139.2414923945023 -221.83098174775563 5.6
vertex 138.25127437624593 -221.7962686974991 5.6
endloop
endfacet
facet normal 3.446719055219769e-17 4.393226514174458e-16 1
outer loop
vertex 115.45642835581462 -223.40657228853124 5.600000000000001
vertex 138.25127437624593 -221.7962686974991 5.6
vertex 137.26100568376572 -221.763032588763 5.6
endloop
endfacet
facet normal 3.446719055219769e-17 4.393226514174458e-16 1
outer loop
vertex 115.45642835581462 -223.40657228853124 5.600000000000001
vertex 137.26100568376572 -221.763032588763 5.6
vertex 136.2706885242237 -221.7312734956232 5.6
endloop
endfacet
facet normal 3.446719055219769e-17 4.393226514174458e-16 1
outer loop
vertex 115.45642835581462 -223.40657228853124 5.600000000000001
vertex 136.2706885242237 -221.7312734956232 5.6
vertex 135.28032509411622 -221.70099148852162 5.6
endloop
endfacet
facet normal 3.446719055219769e-17 4.393226514174458e-16 1
outer loop
vertex 115.45642835581462 -223.40657228853124 5.600000000000001
vertex 135.28032509411622 -221.70099148852162 5.6
vertex 134.28991760197988 -221.6721866349907 5.6
endloop
endfacet
facet normal 3.446719055219769e-17 4.393226514174458e-16 1
outer loop
vertex 115.45642835581462 -223.40657228853124 5.600000000000001
vertex 134.28991760197988 -221.6721866349907 5.6
vertex 133.29946825231096 -221.6448589991382 5.6
endloop
endfacet
facet normal 3.446719055219769e-17 4.393226514174458e-16 1
outer loop
vertex 115.45642835581462 -223.40657228853124 5.600000000000001
vertex 133.29946825231096 -221.6448589991382 5.6
vertex 132.3089792386432 -221.61900864149172 5.6
endloop
endfacet
facet normal 3.446719055219769e-17 4.393226514174458e-16 1
outer loop
vertex 115.45642835581462 -223.40657228853124 5.600000000000001
vertex 132.3089792386432 -221.61900864149172 5.6
vertex 131.3184527778214 -221.5946356199076 5.6
endloop
endfacet
facet normal 3.446719055219769e-17 4.393226514174458e-16 1
outer loop
vertex 115.45642835581462 -223.40657228853124 5.600000000000001
vertex 131.3184527778214 -221.5946356199076 5.6
vertex 130.32789106087267 -221.57173998829686 5.6
endloop
endfacet
facet normal 3.446719055219769e-17 4.393226514174458e-16 1
outer loop
vertex 115.45642835581462 -223.40657228853124 5.600000000000001
vertex 130.32789106087267 -221.57173998829686 5.6
vertex 129.33729630256596 -221.5503217978515 5.6
endloop
endfacet
facet normal 3.446719055219769e-17 4.393226514174458e-16 1
outer loop
vertex 115.45642835581462 -223.40657228853124 5.600000000000001
vertex 129.33729630256596 -221.5503217978515 5.6
vertex 128.34667069381 -221.5303810959448 5.6
endloop
endfacet
facet normal 3.446719055219769e-17 4.393226514174458e-16 1
outer loop
vertex 115.45642835581462 -223.40657228853124 5.600000000000001
vertex 128.34667069381 -221.5303810959448 5.6
vertex 127.3560164541906 -221.51191792725336 5.6
endloop
endfacet
facet normal 3.446719055219769e-17 4.393226514174458e-16 1
outer loop
vertex 115.45642835581462 -223.40657228853124 5.600000000000001
vertex 127.3560164541906 -221.51191792725336 5.6
vertex 126.36533577171346 -221.49493233255356 5.6
endloop
endfacet
facet normal 3.446719055219769e-17 4.393226514174458e-16 1
outer loop
vertex 115.45642835581462 -223.40657228853124 5.600000000000001
vertex 126.36533577171346 -221.49493233255356 5.6
vertex 125.37463086029534 -221.47942434980962 5.6
endloop
endfacet
facet normal 3.446719055219769e-17 4.393226514174458e-16 1
outer loop
vertex 115.45642835581462 -223.40657228853124 5.600000000000001
vertex 125.37463086029534 -221.47942434980962 5.6
vertex 124.38390392087945 -221.46539401346934 5.6
endloop
endfacet
facet normal 3.446719055219769e-17 4.393226514174458e-16 1
outer loop
vertex 115.45642835581462 -223.40657228853124 5.600000000000001
vertex 124.38390392087945 -221.46539401346934 5.6
vertex 123.39315715593598 -221.45284135472536 5.6
endloop
endfacet
facet normal 3.446719055219769e-17 4.393226514174458e-16 1
outer loop
vertex 115.45642835581462 -223.40657228853124 5.600000000000001
vertex 123.39315715593598 -221.45284135472536 5.6
vertex 122.40239277325979 -221.4417664015483 5.6
endloop
endfacet
facet normal 3.446719055219769e-17 4.393226514174458e-16 1
outer loop
vertex 115.45642835581462 -223.40657228853124 5.600000000000001
vertex 122.40239277325979 -221.4417664015483 5.6
vertex 121.41161297014312 -221.43216917850256 5.6
endloop
endfacet
facet normal 3.446719055219769e-17 4.393226514174458e-16 1
outer loop
vertex 115.45642835581462 -223.40657228853124 5.600000000000001
vertex 121.41161297014312 -221.43216917850256 5.6
vertex 120.42081995908646 -221.4240497070196 5.6
endloop
endfacet
facet normal 3.446719055219769e-17 4.393226514174458e-16 1
outer loop
vertex 115.45642835581462 -223.40657228853124 5.600000000000001
vertex 120.42081995908646 -221.4240497070196 5.6
vertex 115.46673385648944 -221.40561913951842 5.6
endloop
endfacet
facet normal 3.446719055219769e-17 4.393226514174458e-16 1
outer loop
vertex 115.45642835581462 -223.40657228853124 5.600000000000001
vertex 115.46673385648944 -221.40561913951842 5.6
vertex 110.5126480665727 -221.42413367229767 5.6
endloop
endfacet
facet normal 3.446719055219769e-17 4.393226514174458e-16 1
outer loop
vertex 115.45642835581462 -223.40657228853124 5.600000000000001
vertex 110.5126480665727 -221.42413367229767 5.6
vertex 109.5218551915431 -221.43226993644072 5.6
endloop
endfacet
facet normal 3.446719055219769e-17 4.393226514174458e-16 1
outer loop
vertex 115.45642835581462 -223.40657228853124 5.600000000000001
vertex 109.5218551915431 -221.43226993644072 5.6
vertex 108.5310755517697 -221.44188395190307 5.6
endloop
endfacet
facet normal 3.446719055219769e-17 4.393226514174458e-16 1
outer loop
vertex 115.45642835581462 -223.40657228853124 5.600000000000001
vertex 108.5310755517697 -221.44188395190307 5.6
vertex 107.54031135765113 -221.45297569723243 5.6
endloop
endfacet
facet normal 3.446719055219769e-17 4.393226514174458e-16 1
outer loop
vertex 115.45642835581462 -223.40657228853124 5.600000000000001
vertex 107.54031135765113 -221.45297569723243 5.6
vertex 107.15256660000001 -221.45789495591546 5.6
endloop
endfacet
facet normal 3.446719055219769e-17 4.393226514174458e-16 1
outer loop
vertex 115.45642835581462 -223.40657228853124 5.600000000000001
vertex 107.15256660000001 -221.45789495591546 5.6
vertex 106.54956480478238 -221.46554514784845 5.6
endloop
endfacet
facet normal 3.446719055219769e-17 4.393226514174458e-16 1
outer loop
vertex 115.45642835581462 -223.40657228853124 5.600000000000001
vertex 106.54956480478238 -221.46554514784845 5.6
vertex 105.55883810384698 -221.47959227570627 5.6
endloop
endfacet
facet normal 3.446719055219769e-17 4.393226514174458e-16 1
outer loop
vertex 115.45642835581462 -223.40657228853124 5.600000000000001
vertex 105.55883810384698 -221.47959227570627 5.6
vertex 104.56813345423049 -221.49511704962032 5.6
endloop
endfacet
facet normal 3.446719055219769e-17 4.393226514174458e-16 1
outer loop
vertex 115.45642835581462 -223.40657228853124 5.600000000000001
vertex 104.56813345423049 -221.49511704962032 5.6
vertex 103.57745306427314 -221.51211943498387 5.6
endloop
endfacet
facet normal 3.446719055219769e-17 4.393226514174458e-16 1
outer loop
vertex 115.45642835581462 -223.40657228853124 5.600000000000001
vertex 103.57745306427314 -221.51211943498387 5.6
vertex 102.58679913143763 -221.53059939408487 5.6
endloop
endfacet
facet normal 3.446719055219769e-17 4.393226514174458e-16 1
outer loop
vertex 115.45642835581462 -223.40657228853124 5.600000000000001
vertex 102.58679913143763 -221.53059939408487 5.6
vertex 101.59617386379475 -221.550556885738 5.6
endloop
endfacet
facet normal 3.446719055219769e-17 4.393226514174458e-16 1
outer loop
vertex 115.45642835581462 -223.40657228853124 5.600000000000001
vertex 101.59617386379475 -221.550556885738 5.6
vertex 100.6055794675435 -221.57199186549093 5.6
endloop
endfacet
facet normal 3.446719055219769e-17 4.393226514174458e-16 1
outer loop
vertex 115.45642835581462 -223.40657228853124 5.600000000000001
vertex 100.6055794675435 -221.57199186549093 5.6
vertex 99.61501814105988 -221.59490428577277 5.6
endloop
endfacet
facet normal 3.446719055219769e-17 4.393226514174458e-16 1
outer loop
vertex 115.45642835581462 -223.40657228853124 5.600000000000001
vertex 99.61501814105988 -221.59490428577277 5.6
vertex 98.62449209145875 -221.61929409553233 5.6
endloop
endfacet
facet normal 3.446719055219769e-17 4.393226514174458e-16 1
outer loop
vertex 115.45642835581462 -223.40657228853124 5.600000000000001
vertex 98.62449209145875 -221.61929409553233 5.6
vertex 97.63400351895933 -221.6451612405943 5.6
endloop
endfacet
facet normal 3.446719055219769e-17 4.393226514174458e-16 1
outer loop
vertex 115.45642835581462 -223.40657228853124 5.600000000000001
vertex 97.63400351895933 -221.6451612405943 5.6
vertex 96.64355462883663 -221.67250566336918 5.6
endloop
endfacet
facet normal 3.446719055219769e-17 4.393226514174458e-16 1
outer loop
vertex 115.45642835581462 -223.40657228853124 5.600000000000001
vertex 96.64355462883663 -221.67250566336918 5.6
vertex 95.65314762472349 -221.70132730301842 5.6
endloop
endfacet
facet normal 3.446719055219769e-17 4.393226514174458e-16 1
outer loop
vertex 115.45642835581462 -223.40657228853124 5.600000000000001
vertex 95.65314762472349 -221.70132730301842 5.6
vertex 94.66278471224705 -221.73162609535186 5.6
endloop
endfacet
facet normal 3.446719055219769e-17 4.393226514174458e-16 1
outer loop
vertex 115.45642835581462 -223.40657228853124 5.600000000000001
vertex 94.66278471224705 -221.73162609535186 5.6
vertex 93.6724680879372 -221.76340197317128 5.6
endloop
endfacet
facet normal 3.446719055219769e-17 4.393226514174458e-16 1
outer loop
vertex 115.45642835581462 -223.40657228853124 5.600000000000001
vertex 93.6724680879372 -221.76340197317128 5.6
vertex 92.68219995866876 -221.7966548656713 5.6
endloop
endfacet
facet normal 3.446719055219769e-17 4.393226514174458e-16 1
outer loop
vertex 115.45642835581462 -223.40657228853124 5.600000000000001
vertex 92.68219995866876 -221.7966548656713 5.6
vertex 91.69198253030812 -221.83138469877483 5.6
endloop
endfacet
facet normal 3.446719055219769e-17 4.393226514174458e-16 1
outer loop
vertex 115.45642835581462 -223.40657228853124 5.600000000000001
vertex 91.69198253030812 -221.83138469877483 5.6
vertex 90.70181800219311 -221.86759139534104 5.6
endloop
endfacet
facet normal 3.446719055219769e-17 4.393226514174458e-16 1
outer loop
vertex 115.45642835581462 -223.40657228853124 5.600000000000001
vertex 90.70181800219311 -221.86759139534104 5.6
vertex 89.7117085745288 -221.90527487492133 5.6
endloop
endfacet
facet normal 3.446719055219769e-17 4.393226514174458e-16 1
outer loop
vertex 115.45642835581462 -223.40657228853124 5.600000000000001
vertex 89.7117085745288 -221.90527487492133 5.6
vertex 88.72165645454072 -221.94443505351057 5.6
endloop
endfacet
facet normal 3.446719055219769e-17 4.393226514174458e-16 1
outer loop
vertex 115.45642835581462 -223.40657228853124 5.600000000000001
vertex 88.72165645454072 -221.94443505351057 5.6
vertex 87.73166384387385 -221.98507184402175 5.6
endloop
endfacet
facet normal 3.446719055219769e-17 4.393226514174458e-16 1
outer loop
vertex 115.45642835581462 -223.40657228853124 5.600000000000001
vertex 87.73166384387385 -221.98507184402175 5.6
vertex 86.74173294251084 -222.02718515615112 5.6
endloop
endfacet
facet normal 3.446719055219769e-17 4.393226514174458e-16 1
outer loop
vertex 115.45642835581462 -223.40657228853124 5.600000000000001
vertex 86.74173294251084 -222.02718515615112 5.6
vertex 85.75186595398243 -222.07077489615898 5.6
endloop
endfacet
facet normal 3.446719055219769e-17 4.393226514174458e-16 1
outer loop
vertex 115.45642835581462 -223.40657228853124 5.600000000000001
vertex 85.75186595398243 -222.07077489615898 5.6
vertex 84.76206508083811 -222.1158409670528 5.6
endloop
endfacet
facet normal 3.446719055219769e-17 4.393226514174458e-16 1
outer loop
vertex 115.45642835581462 -223.40657228853124 5.600000000000001
vertex 84.76206508083811 -222.1158409670528 5.6
vertex 83.7723325235042 -222.16238326864658 5.6
endloop
endfacet
facet normal 3.446719055219769e-17 4.393226514174458e-16 1
outer loop
vertex 115.45642835581462 -223.40657228853124 5.600000000000001
vertex 83.7723325235042 -222.16238326864658 5.6
vertex 82.78267048466918 -222.21040169735974 5.6
endloop
endfacet
facet normal 3.446719055219769e-17 4.393226514174458e-16 1
outer loop
vertex 115.45642835581462 -223.40657228853124 5.600000000000001
vertex 82.78267048466918 -222.21040169735974 5.6
vertex 81.79308116726828 -222.25989614630316 5.6
endloop
endfacet
facet normal 3.446719055219769e-17 4.393226514174458e-16 1
outer loop
vertex 115.45642835581462 -223.40657228853124 5.600000000000001
vertex 81.79308116726828 -222.25989614630316 5.6
vertex 80.80356676899773 -222.3108665055599 5.6
endloop
endfacet
facet normal 3.446719055219769e-17 4.393226514174458e-16 1
outer loop
vertex 115.45642835581462 -223.40657228853124 5.600000000000001
vertex 80.80356676899773 -222.3108665055599 5.6
vertex 79.81412949407834 -222.36331266159138 5.6
endloop
endfacet
facet normal 3.446719055219769e-17 4.393226514174458e-16 1
outer loop
vertex 115.45642835581462 -223.40657228853124 5.600000000000001
vertex 79.81412949407834 -222.36331266159138 5.6
vertex 78.82477154305417 -222.41723449775378 5.6
endloop
endfacet
facet normal 3.446719055219769e-17 4.393226514174458e-16 1
outer loop
vertex 115.45642835581462 -223.40657228853124 5.600000000000001
vertex 78.82477154305417 -222.41723449775378 5.6
vertex 77.83549511798519 -222.47263189402818 5.6
endloop
endfacet
facet normal 3.446719055219769e-17 4.393226514174458e-16 1
outer loop
vertex 115.45642835581462 -223.40657228853124 5.600000000000001
vertex 77.83549511798519 -222.47263189402818 5.6
vertex 76.8463024152017 -222.52950472742685 5.6
endloop
endfacet
facet normal 3.446719055219769e-17 4.393226514174458e-16 1
outer loop
vertex 115.45642835581462 -223.40657228853124 5.600000000000001
vertex 76.8463024152017 -222.52950472742685 5.6
vertex 75.85719563823848 -222.58785287126318 5.6
endloop
endfacet
facet normal 3.446719055219769e-17 4.393226514174458e-16 1
outer loop
vertex 115.45642835581462 -223.40657228853124 5.600000000000001
vertex 75.85719563823848 -222.58785287126318 5.6
vertex 74.86817699074011 -222.6476761955372 5.6
endloop
endfacet
facet normal 3.446719055219769e-17 4.393226514174458e-16 1
outer loop
vertex 115.45642835581462 -223.40657228853124 5.600000000000001
vertex 74.86817699074011 -222.6476761955372 5.6
vertex 73.87924866578275 -222.70897456759528 5.6
endloop
endfacet
facet normal 3.446719055219769e-17 4.393226514174458e-16 1
outer loop
vertex 115.45642835581462 -223.40657228853124 5.600000000000001
vertex 73.87924866578275 -222.70897456759528 5.6
vertex 72.89041286888455 -222.77174785073157 5.6
endloop
endfacet
facet normal 3.446719055219769e-17 4.393226514174458e-16 1
outer loop
vertex 115.45642835581462 -223.40657228853124 5.600000000000001
vertex 72.89041286888455 -222.77174785073157 5.6
vertex 71.90167179478486 -222.83599590562076 5.6
endloop
endfacet
facet normal 3.446719055219769e-17 4.393226514174458e-16 1
outer loop
vertex 115.45642835581462 -223.40657228853124 5.600000000000001
vertex 71.90167179478486 -222.83599590562076 5.6
vertex 70.9130276511896 -222.90171858880365 5.6
endloop
endfacet
facet normal 3.446719055219769e-17 4.393226514174458e-16 1
outer loop
vertex 115.45642835581462 -223.40657228853124 5.600000000000001
vertex 70.9130276511896 -222.90171858880365 5.6
vertex 69.92448262637988 -222.96891575480947 5.6
endloop
endfacet
facet normal 3.446719055219769e-17 4.393226514174458e-16 1
outer loop
vertex 115.45642835581462 -223.40657228853124 5.600000000000001
vertex 69.92448262637988 -222.96891575480947 5.6
vertex 68.93603892894212 -223.03758725351037 5.6
endloop
endfacet
facet normal 3.446719055219769e-17 4.393226514174458e-16 1
outer loop
vertex 115.45642835581462 -223.40657228853124 5.600000000000001
vertex 68.93603892894212 -223.03758725351037 5.6
vertex 67.94769875267299 -223.1077329324902 5.6
endloop
endfacet
facet normal 3.446719055219769e-17 4.393226514174458e-16 1
outer loop
vertex 115.45642835581462 -223.40657228853124 5.600000000000001
vertex 67.94769875267299 -223.1077329324902 5.6
vertex 66.95946429859283 -223.17935263553588 5.6
endloop
endfacet
facet normal 3.446719055219769e-17 4.393226514174458e-16 1
outer loop
vertex 115.45642835581462 -223.40657228853124 5.600000000000001
vertex 66.95946429859283 -223.17935263553588 5.6
vertex 65.97133776297797 -223.2524462034776 5.6
endloop
endfacet
facet normal 3.446719055219769e-17 4.393226514174458e-16 1
outer loop
vertex 115.45642835581462 -223.40657228853124 5.600000000000001
vertex 65.97133776297797 -223.2524462034776 5.6
vertex 64.98332134393812 -223.32701347372034 5.6
endloop
endfacet
facet normal 3.446719055219769e-17 4.393226514174458e-16 1
outer loop
vertex 115.45642835581462 -223.40657228853124 5.600000000000001
vertex 64.98332134393812 -223.32701347372034 5.6
vertex 63.995417243071344 -223.40305428010305 5.6
endloop
endfacet
facet normal 3.446719055219769e-17 4.393226514174458e-16 1
outer loop
vertex 115.45642835581462 -223.40657228853124 5.600000000000001
vertex 63.995417243071344 -223.40305428010305 5.6
vertex 63.95058606012941 -223.40657228853217 5.6
endloop
endfacet
facet normal 0 0 1
outer loop
vertex 46.234856700001586 -225.02355960000182 5.6
vertex 28.274738199998595 -212.2452667999988 5.6
vertex 26.269157022157728 -212.2452667999988 5.6
endloop
endfacet
facet normal 0 0 1
outer loop
vertex 46.234856700001586 -225.02355960000182 5.6
vertex 26.269157022157728 -212.2452667999988 5.6
vertex 26.279609999998044 -212.3847798000001 5.6
endloop
endfacet
facet normal 0 0 1
outer loop
vertex 46.234856700001586 -225.02355960000182 5.6
vertex 26.279609999998044 -212.3847798000001 5.6
vertex 41.76398977570875 -225.02355960000182 5.6
endloop
endfacet
facet normal 0 0 1
outer loop
vertex 178.32096220899183 -223.9755947999993 5.6
vertex 193.80533710000017 -211.33681450000012 5.6
vertex 193.8157900778423 -211.19730149999842 5.6
endloop
endfacet
facet normal 0 0 1
outer loop
vertex 178.32096220899183 -223.9755947999993 5.6
vertex 193.8157900778423 -211.19730149999842 5.6
vertex 191.81020890000147 -211.19730149999842 5.6
endloop
endfacet
facet normal 0 0 1
outer loop
vertex 178.32096220899183 -223.9755947999993 5.6
vertex 191.81020890000147 -211.19730149999842 5.6
vertex 173.85009335000117 -223.9755947999993 5.6
endloop
endfacet
facet normal 0 0 1
outer loop
vertex 28.274738199998595 -212.2452667999988 5.6
vertex 26.428267299999177 -187.60733170000464 5.6
vertex 24.464633149684587 -187.60733170000464 5.6
endloop
endfacet
facet normal 0 0 1
outer loop
vertex 28.274738199998595 -212.2452667999988 5.6
vertex 24.464633149684587 -187.60733170000464 5.6
vertex 24.431008199999212 -187.71200359999978 5.600000000000001
endloop
endfacet
facet normal 0 0 1
outer loop
vertex 28.274738199998595 -212.2452667999988 5.6
vertex 24.431008199999212 -187.71200359999978 5.600000000000001
vertex 26.269157022157728 -212.2452667999988 5.6
endloop
endfacet
facet normal 0 0 1
outer loop
vertex 193.8157900778423 -211.19730149999842 5.6
vertex 195.65393890000325 -186.6640383000003 5.600000000000001
vertex 195.62031395031516 -186.55936640000382 5.6
endloop
endfacet
facet normal 0 0 1
outer loop
vertex 193.8157900778423 -211.19730149999842 5.6
vertex 195.62031395031516 -186.55936640000382 5.6
vertex 193.65667980000092 -186.55936640000382 5.6
endloop
endfacet
facet normal 0 0 1
outer loop
vertex 193.8157900778423 -211.19730149999842 5.6
vertex 193.65667980000092 -186.55936640000382 5.6
vertex 191.81020890000147 -211.19730149999842 5.6
endloop
endfacet
facet normal 0 0 1
outer loop
vertex 26.428267299999177 -187.60733170000464 5.6
vertex 33.282006750314494 -166.2721643 5.6
vertex 31.31837259999994 -166.2721643 5.6
endloop
endfacet
facet normal 0 0 1
outer loop
vertex 26.428267299999177 -187.60733170000464 5.6
vertex 31.31837259999994 -166.2721643 5.6
vertex 24.464633149684587 -187.60733170000464 5.6
endloop
endfacet
facet normal 0 0 1
outer loop
vertex 195.62031395031516 -186.55936640000382 5.6
vertex 188.7665744999989 -165.22419900000037 5.600000000000001
vertex 186.80294034968585 -165.22419899999997 5.6
endloop
endfacet
facet normal 0 0 1
outer loop
vertex 195.62031395031516 -186.55936640000382 5.6
vertex 186.80294034968585 -165.22419899999997 5.6
vertex 193.65667980000092 -186.55936640000382 5.6
endloop
endfacet
facet normal 4.6877514208063086e-17 -1.505899918368846e-17 1
outer loop
vertex 33.282006750314494 -166.2721643 5.6
vertex 33.31563169999983 -166.16749240000235 5.6
vertex 28.000704169982995 -64.75263541194344 5.600000000000001
endloop
endfacet
facet normal 4.6877514208063086e-17 -1.505899918368846e-17 1
outer loop
vertex 33.282006750314494 -166.2721643 5.6
vertex 28.000704169982995 -64.75263541194344 5.600000000000001
vertex 27.937961006381972 -63.55542455109167 5.600000000000001
endloop
endfacet
facet normal 4.6877514208063086e-17 -1.505899918368846e-17 1
outer loop
vertex 33.282006750314494 -166.2721643 5.6
vertex 27.937961006381972 -63.55542455109167 5.600000000000001
vertex 27.823627199999876 -61.37380559999991 5.6
endloop
endfacet
facet normal 4.6877514208063086e-17 -1.505899918368846e-17 1
outer loop
vertex 33.282006750314494 -166.2721643 5.6
vertex 27.823627199999876 -61.37380559999991 5.6
vertex 25.820882493631117 -61.37380559999991 5.6
endloop
endfacet
facet normal 4.6877514208063086e-17 -1.505899918368846e-17 1
outer loop
vertex 33.282006750314494 -166.2721643 5.6
vertex 25.820882493631117 -61.37380559999991 5.6
vertex 31.31837259999994 -166.2721643 5.6
endloop
endfacet
facet normal -0.0014071637704916667 0.02685028186831088 -0.9996384757769757
outer loop
vertex 27.823627199999876 -61.37380559999991 5.6
vertex 29.965758716387192 -61.26154123434914 5.600000000000001
vertex 31.27350459666386 -61.19300517082621 5.600000000000001
endloop
endfacet
facet normal -0.0014071637704916667 0.02685028186831088 -0.9996384757769757
outer loop
vertex 27.823627199999876 -61.37380559999991 5.6
vertex 31.27350459666386 -61.19300517082621 5.600000000000001
vertex 42.328721171168624 -60.613625769340615 5.6
endloop
endfacet
facet normal -0.0014071637704916667 0.02685028186831088 -0.9996384757769757
outer loop
vertex 27.823627199999876 -61.37380559999991 5.6
vertex 42.328721171168624 -60.613625769340615 5.6
vertex 43.31643562333424 -60.46137092657409 5.6
endloop
endfacet
facet normal -0.0014071637704916667 0.02685028186831088 -0.9996384757769757
outer loop
vertex 27.823627199999876 -61.37380559999991 5.6
vertex 43.31643562333424 -60.46137092657409 5.6
vertex 25.773063817990902 -60.46137092657409 5.6
endloop
endfacet
facet normal -0.0014071637704916667 0.02685028186831088 -0.9996384757769757
outer loop
vertex 27.823627199999876 -61.37380559999991 5.6
vertex 25.773063817990902 -60.46137092657409 5.6
vertex 25.820882493631117 -61.37380559999991 5.6
endloop
endfacet
facet normal 0 1.6934076580554744e-17 1
outer loop
vertex 188.7665744999989 -165.22419900000037 5.600000000000001
vertex 194.26406460636872 -60.32584030000338 5.6
vertex 192.26131989999752 -60.32584030000338 5.6
endloop
endfacet
facet normal 0 1.6934076580554744e-17 1
outer loop
vertex 188.7665744999989 -165.22419900000037 5.600000000000001
vertex 192.26131989999752 -60.32584030000338 5.6
vertex 191.7301099365261 -70.46193005322543 5.6
endloop
endfacet
facet normal 0 1.6934076580554744e-17 1
outer loop
vertex 188.7665744999989 -165.22419900000037 5.600000000000001
vertex 191.7301099365261 -70.46193005322543 5.6
vertex 191.43179497867536 -76.15411844469241 5.6
endloop
endfacet
facet normal 0 1.6934076580554744e-17 1
outer loop
vertex 188.7665744999989 -165.22419900000037 5.600000000000001
vertex 191.43179497867536 -76.15411844469241 5.6
vertex 186.7693154000007 -165.11952710000284 5.6
endloop
endfacet
facet normal 0 1.6934076580554744e-17 1
outer loop
vertex 188.7665744999989 -165.22419900000037 5.600000000000001
vertex 186.7693154000007 -165.11952710000284 5.6
vertex 186.80294034968585 -165.22419899999997 5.6
endloop
endfacet
facet normal 0 0 1
outer loop
vertex 43.31643562333424 -60.46137092657409 5.6
vertex 44.3044753219005 -60.31124121698707 5.6
vertex 25.765195853197596 -60.31124121698707 5.6
endloop
endfacet
facet normal 0 0 1
outer loop
vertex 43.31643562333424 -60.46137092657409 5.6
vertex 25.765195853197596 -60.31124121698707 5.6
vertex 25.773063817990902 -60.46137092657409 5.6
endloop
endfacet
facet normal 0 0 1
outer loop
vertex 44.3044753219005 -60.31124121698707 5.6
vertex 45.29283569500559 -60.163237335260646 5.6
vertex 25.757439298323163 -60.163237335260646 5.6
endloop
endfacet
facet normal 0 0 1
outer loop
vertex 44.3044753219005 -60.31124121698707 5.6
vertex 25.757439298323163 -60.163237335260646 5.6
vertex 25.765195853197596 -60.31124121698707 5.6
endloop
endfacet
facet normal 0 0 1
outer loop
vertex 45.29283569500559 -60.163237335260646 5.6
vertex 46.281512168109046 -60.017359966417374 5.6
vertex 25.749794189268087 -60.017359966417374 5.6
endloop
endfacet
facet normal 0 0 1
outer loop
vertex 45.29283569500559 -60.163237335260646 5.6
vertex 25.749794189268087 -60.017359966417374 5.6
vertex 25.757439298323163 -60.163237335260646 5.6
endloop
endfacet
facet normal 0 0 1
outer loop
vertex 46.281512168109046 -60.017359966417374 5.6
vertex 47.27050016701879 -59.87360978537126 5.6
vertex 25.742260561403143 -59.87360978537126 5.6
endloop
endfacet
facet normal 0 0 1
outer loop
vertex 46.281512168109046 -60.017359966417374 5.6
vertex 25.742260561403143 -59.87360978537126 5.6
vertex 25.749794189268087 -60.017359966417374 5.6
endloop
endfacet
facet normal 0 0 1
outer loop
vertex 47.27050016701879 -59.87360978537126 5.6
vertex 48.259795114076056 -59.73198745748951 5.6
vertex 25.73483844959874 -59.73198745748951 5.6
endloop
endfacet
facet normal 0 0 1
outer loop
vertex 47.27050016701879 -59.87360978537126 5.6
vertex 25.73483844959874 -59.73198745748951 5.6
vertex 25.742260561403143 -59.87360978537126 5.6
endloop
endfacet
facet normal 0 0 1
outer loop
vertex 48.259795114076056 -59.73198745748951 5.6
vertex 49.24939243110934 -59.59249363815812 5.6
vertex 25.727527888202175 -59.59249363815812 5.6
endloop
endfacet
facet normal 0 0 1
outer loop
vertex 48.259795114076056 -59.73198745748951 5.6
vertex 25.727527888202175 -59.59249363815812 5.6
vertex 25.73483844959874 -59.73198745748951 5.6
endloop
endfacet
facet normal 0 0 1
outer loop
vertex 49.24939243110934 -59.59249363815812 5.6
vertex 50.23928753917551 -59.45512897282616 5.6
vertex 26.21951213114741 -59.45512897282616 5.6
endloop
endfacet
facet normal 0 0 1
outer loop
vertex 49.24939243110934 -59.59249363815812 5.6
vertex 26.21951213114741 -59.45512897282616 5.6
vertex 25.721696199999993 -59.48121839999989 5.6
endloop
endfacet
facet normal 0 0 1
outer loop
vertex 49.24939243110934 -59.59249363815812 5.6
vertex 25.721696199999993 -59.48121839999989 5.6
vertex 25.727527888202175 -59.59249363815812 5.6
endloop
endfacet
facet normal 0 0 1
outer loop
vertex 194.26406460636872 -60.32584030000338 5.6
vertex 194.31108126365828 -59.428709048139154 5.6
vertex 176.76627320969726 -59.428709048139154 5.6
endloop
endfacet
facet normal 0 0 1
outer loop
vertex 194.26406460636872 -60.32584030000338 5.6
vertex 176.76627320969726 -59.428709048139154 5.6
vertex 177.7562259000593 -59.565660500006345 5.6
endloop
endfacet
facet normal 0 0 1
outer loop
vertex 194.26406460636872 -60.32584030000338 5.6
vertex 177.7562259000593 -59.565660500006345 5.6
vertex 192.26131989999752 -60.32584030000338 5.6
endloop
endfacet
facet normal 0 0 1
outer loop
vertex 50.23928753917551 -59.45512897282616 5.6
vertex 51.22947585665413 -59.31989409727092 5.6
vertex 28.799947303201535 -59.31989409727092 5.6
endloop
endfacet
facet normal 0 0 1
outer loop
vertex 50.23928753917551 -59.45512897282616 5.6
vertex 28.799947303201535 -59.31989409727092 5.6
vertex 26.21951213114741 -59.45512897282616 5.6
endloop
endfacet
facet normal 0 0 1
outer loop
vertex 194.31108126365828 -59.428709048139154 5.6
vertex 194.31814695099666 -59.29388770411816 5.6
vertex 175.77602850256991 -59.29388770411816 5.6
endloop
endfacet
facet normal 0 0 1
outer loop
vertex 194.31108126365828 -59.428709048139154 5.6
vertex 175.77602850256991 -59.29388770411816 5.6
vertex 176.76627320969726 -59.428709048139154 5.6
endloop
endfacet
facet normal 0 0 1
outer loop
vertex 51.22947585665413 -59.31989409727092 5.6
vertex 52.21995280183839 -59.18678963723849 5.6
vertex 31.33973172504396 -59.18678963723849 5.6
endloop
endfacet
facet normal 0 0 1
outer loop
vertex 51.22947585665413 -59.31989409727092 5.6
vertex 31.33973172504396 -59.18678963723849 5.6
vertex 28.799947303201535 -59.31989409727092 5.6
endloop
endfacet
facet normal 0 0 1
outer loop
vertex 194.31814695099666 -59.29388770411816 5.6
vertex 194.32510098168467 -59.16119689587504 5.6
vertex 174.78549605675695 -59.16119689587504 5.6
endloop
endfacet
facet normal 0 0 1
outer loop
vertex 194.31814695099666 -59.29388770411816 5.6
vertex 174.78549605675695 -59.16119689587504 5.6
vertex 175.77602850256991 -59.29388770411816 5.6
endloop
endfacet
facet normal 0 0 1
outer loop
vertex 52.21995280183839 -59.18678963723849 5.6
vertex 53.21071379034228 -59.055816208797665 5.6
vertex 33.83885364138092 -59.055816208797665 5.6
endloop
endfacet
facet normal 0 0 1
outer loop
vertex 52.21995280183839 -59.18678963723849 5.6
vertex 33.83885364138092 -59.055816208797665 5.6
vertex 31.33973172504396 -59.18678963723849 5.6
endloop
endfacet
facet normal 0 0 1
outer loop
vertex 194.32510098168467 -59.16119689587504 5.6
vertex 194.33194332353057 -59.030637237665644 5.6
vertex 173.79468045765003 -59.030637237665644 5.6
endloop
endfacet
facet normal 0 0 1
outer loop
vertex 194.32510098168467 -59.16119689587504 5.6
vertex 173.79468045765003 -59.030637237665644 5.6
vertex 174.78549605675695 -59.16119689587504 5.6
endloop
endfacet
facet normal 0 0 1
outer loop
vertex 53.21071379034228 -59.055816208797665 5.6
vertex 54.201754238328405 -58.92697441790828 5.6
vertex 36.297301489810366 -58.92697441790828 5.6
endloop
endfacet
facet normal 0 0 1
outer loop
vertex 53.21071379034228 -59.055816208797665 5.6
vertex 36.297301489810366 -58.92697441790828 5.6
vertex 33.83885364138092 -59.055816208797665 5.6
endloop
endfacet
facet normal 0 0 1
outer loop
vertex 194.33194332353057 -59.030637237665644 5.6
vertex 194.3386739448617 -58.902209333839124 5.6
vertex 172.80358629168387 -58.902209333839124 5.6
endloop
endfacet
facet normal 0 0 1
outer loop
vertex 194.33194332353057 -59.030637237665644 5.6
vertex 172.80358629168387 -58.902209333839124 5.6
vertex 173.79468045765003 -59.030637237665644 5.6
endloop
endfacet
facet normal 0 0 1
outer loop
vertex 54.201754238328405 -58.92697441790828 5.6
vertex 55.19306955833831 -58.800264860970316 5.6
vertex 38.71506389034293 -58.800264860970316 5.6
endloop
endfacet
facet normal 0 0 1
outer loop
vertex 54.201754238328405 -58.92697441790828 5.6
vertex 38.71506389034293 -58.800264860970316 5.6
vertex 36.297301489810366 -58.92697441790828 5.6
endloop
endfacet
facet normal 0 0 1
outer loop
vertex 194.3386739448617 -58.902209333839124 5.6
vertex 194.34529281457296 -58.77591377791691 5.6
vertex 171.8122181390916 -58.77591377791691 5.6
endloop
endfacet
facet normal 0 0 1
outer loop
vertex 194.3386739448617 -58.902209333839124 5.6
vertex 171.8122181390916 -58.77591377791691 5.6
vertex 172.80358629168387 -58.902209333839124 5.6
endloop
endfacet
facet normal 0 0 1
outer loop
vertex 55.19306955833831 -58.800264860970316 5.6
vertex 56.184655163592694 -58.67568812426336 5.6
vertex 41.09212965609696 -58.67568812426336 5.6
endloop
endfacet
facet normal 0 0 1
outer loop
vertex 55.19306955833831 -58.800264860970316 5.6
vertex 41.09212965609696 -58.67568812426336 5.6
vertex 38.71506389034293 -58.800264860970316 5.6
endloop
endfacet
facet normal 0 0 1
outer loop
vertex 194.34529281457296 -58.77591377791691 5.6
vertex 194.35179990197452 -58.651751155495845 5.6
vertex 170.8205805965631 -58.651751155495845 5.6
endloop
endfacet
facet normal 0 0 1
outer loop
vertex 194.34529281457296 -58.77591377791691 5.6
vertex 170.8205805965631 -58.651751155495845 5.6
vertex 171.8122181390916 -58.77591377791691 5.6
endloop
endfacet
facet normal 0 0 1
outer loop
vertex 56.184655163592694 -58.67568812426336 5.6
vertex 56.665187521928715 -58.616366745327014 5.6
vertex 42.22404900776989 -58.61636674532713 5.600000000000001
endloop
endfacet
facet normal 0 0 1
outer loop
vertex 56.184655163592694 -58.67568812426336 5.6
vertex 42.22404900776989 -58.61636674532713 5.600000000000001
vertex 41.09212965609696 -58.67568812426336 5.6
endloop
endfacet
facet normal 0 0 1
outer loop
vertex 56.665187521928715 -58.616366745327014 5.6
vertex 57.17650646506673 -58.55324478432473 5.6
vertex 42.63393842260312 -58.55324478432473 5.6
endloop
endfacet
facet normal 0 0 1
outer loop
vertex 56.665187521928715 -58.616366745327014 5.6
vertex 42.63393842260312 -58.55324478432473 5.6
vertex 42.22404900776989 -58.61636674532713 5.600000000000001
endloop
endfacet
facet normal 0 0 1
outer loop
vertex 194.35179990197452 -58.651751155495845 5.6
vertex 194.35819517700128 -58.52972204025224 5.6
vertex 169.82867824585182 -58.52972204025224 5.6
endloop
endfacet
facet normal 0 0 1
outer loop
vertex 194.35179990197452 -58.651751155495845 5.6
vertex 169.82867824585182 -58.52972204025224 5.6
vertex 170.8205805965631 -58.651751155495845 5.6
endloop
endfacet
facet normal 0 0 1
outer loop
vertex 57.17650646506673 -58.55324478432473 5.6
vertex 58.16861887332013 -58.43293540771836 5.6
vertex 43.41818768574912 -58.43293540771836 5.6
endloop
endfacet
facet normal 0 0 1
outer loop
vertex 57.17650646506673 -58.55324478432473 5.6
vertex 43.41818768574912 -58.43293540771836 5.6
vertex 43.20608484924858 -58.465135642874515 5.600000000000001
endloop
endfacet
facet normal 0 0 1
outer loop
vertex 57.17650646506673 -58.55324478432473 5.6
vertex 43.20608484924858 -58.465135642874515 5.600000000000001
vertex 42.63393842260312 -58.55324478432473 5.6
endloop
endfacet
facet normal 0 0 1
outer loop
vertex 194.35819517700128 -58.52972204025224 5.6
vertex 194.36325089999747 -58.433253099999874 5.600000000000001
vertex 193.91625424593363 -58.40982699744232 5.6
endloop
endfacet
facet normal 0 0 1
outer loop
vertex 194.35819517700128 -58.52972204025224 5.6
vertex 193.91625424593363 -58.40982699744232 5.6
vertex 168.83651568156583 -58.40982699744232 5.6
endloop
endfacet
facet normal 0 0 1
outer loop
vertex 194.35819517700128 -58.52972204025224 5.6
vertex 168.83651568156583 -58.40982699744232 5.6
vertex 169.82867824585182 -58.52972204025224 5.6
endloop
endfacet
facet normal 0 0 1
outer loop
vertex 58.16861887332013 -58.43293540771836 5.6
vertex 59.1609877958798 -58.31476055135394 5.6
vertex 44.196724094624514 -58.31476055135394 5.6
endloop
endfacet
facet normal 0 0 1
outer loop
vertex 58.16861887332013 -58.43293540771836 5.6
vertex 44.196724094624514 -58.31476055135394 5.6
vertex 44.18844109187575 -58.31599995689318 5.6
endloop
endfacet
facet normal 0 0 1
outer loop
vertex 58.16861887332013 -58.43293540771836 5.6
vertex 44.18844109187575 -58.31599995689318 5.6
vertex 43.41818768574912 -58.43293540771836 5.6
endloop
endfacet
facet normal 0 0 1
outer loop
vertex 193.91625424593363 -58.40982699744232 5.6
vertex 191.66925171347512 -58.29206658180189 5.6
vertex 167.8440974943288 -58.29206658180189 5.6
endloop
endfacet
facet normal 0 0 1
outer loop
vertex 193.91625424593363 -58.40982699744232 5.6
vertex 167.8440974943288 -58.29206658180189 5.6
vertex 168.83651568156583 -58.40982699744232 5.6
endloop
endfacet
facet normal 0 0 1
outer loop
vertex 59.1609877958798 -58.31476055135394 5.6
vertex 60.15360864162429 -58.19872076195804 5.6
vertex 44.97222320607345 -58.19872076195804 5.6
endloop
endfacet
facet normal 0 0 1
outer loop
vertex 59.1609877958798 -58.31476055135394 5.6
vertex 44.97222320607345 -58.19872076195804 5.6
vertex 44.196724094624514 -58.31476055135394 5.6
endloop
endfacet
facet normal 0 0 1
outer loop
vertex 191.66925171347512 -58.29206658180189 5.6
vertex 189.4629906840744 -58.176441337913445 5.6
vertex 166.85142827353963 -58.176441337913445 5.6
endloop
endfacet
facet normal 0 0 1
outer loop
vertex 191.66925171347512 -58.29206658180189 5.6
vertex 166.85142827353963 -58.176441337913445 5.6
vertex 167.8440974943288 -58.29206658180189 5.6
endloop
endfacet
facet normal 0 0 1
outer loop
vertex 60.15360864162429 -58.19872076195804 5.6
vertex 61.14647681671756 -58.084816576562815 5.6
vertex 45.74176563758617 -58.084816576562815 5.6
endloop
endfacet
facet normal 0 0 1
outer loop
vertex 60.15360864162429 -58.19872076195804 5.6
vertex 45.74176563758617 -58.084816576562815 5.6
vertex 45.17111326459592 -58.168960366152625 5.600000000000001
endloop
endfacet
facet normal 0 0 1
outer loop
vertex 60.15360864162429 -58.19872076195804 5.6
vertex 45.17111326459592 -58.168960366152625 5.600000000000001
vertex 44.97222320607345 -58.19872076195804 5.6
endloop
endfacet
facet normal 0 0 1
outer loop
vertex 189.4629906840744 -58.176441337913445 5.6
vertex 187.2974813759774 -58.06295180129254 5.6
vertex 165.85851261669671 -58.06295180129254 5.6
endloop
endfacet
facet normal 0 0 1
outer loop
vertex 189.4629906840744 -58.176441337913445 5.6
vertex 165.85851261669671 -58.06295180129254 5.6
vertex 166.85142827353963 -58.176441337913445 5.6
endloop
endfacet
facet normal 0 0 1
outer loop
vertex 61.14647681671756 -58.084816576562815 5.6
vertex 62.13958772555259 -57.97304852238612 5.6
vertex 46.50494722518123 -57.97304852238612 5.6
endloop
endfacet
facet normal 0 0 1
outer loop
vertex 61.14647681671756 -58.084816576562815 5.6
vertex 46.50494722518123 -57.97304852238612 5.6
vertex 46.154096894879956 -58.02401753988726 5.6
endloop
endfacet
facet normal 0 0 1
outer loop
vertex 61.14647681671756 -58.084816576562815 5.6
vertex 46.154096894879956 -58.02401753988726 5.6
vertex 45.74176563758617 -58.084816576562815 5.6
endloop
endfacet
facet normal 0 0 1
outer loop
vertex 187.2974813759774 -58.06295180129254 5.6
vertex 185.1727338113233 -57.95159849717726 5.6
vertex 164.86535511914337 -57.95159849717726 5.6
endloop
endfacet
facet normal 0 0 1
outer loop
vertex 187.2974813759774 -58.06295180129254 5.6
vertex 164.86535511914337 -57.95159849717726 5.6
vertex 165.85851261669671 -58.06295180129254 5.6
endloop
endfacet
facet normal 0 0 1
outer loop
vertex 62.13958772555259 -57.97304852238612 5.6
vertex 63.132936772987144 -57.8634171165793 5.6
vertex 47.26146600476961 -57.8634171165793 5.6
endloop
endfacet
facet normal 0 0 1
outer loop
vertex 62.13958772555259 -57.97304852238612 5.6
vertex 47.26146600476961 -57.8634171165793 5.6
vertex 47.13738750878119 -57.8811721377887 5.600000000000001
endloop
endfacet
facet normal 0 0 1
outer loop
vertex 62.13958772555259 -57.97304852238612 5.6
vertex 47.13738750878119 -57.8811721377887 5.600000000000001
vertex 46.50494722518123 -57.97304852238612 5.6
endloop
endfacet
facet normal 0 0 1
outer loop
vertex 185.1727338113233 -57.95159849717726 5.6
vertex 183.08875781526348 -57.842381940481985 5.6
vertex 163.87196037338097 -57.842381940481985 5.6
endloop
endfacet
facet normal 0 0 1
outer loop
vertex 185.1727338113233 -57.95159849717726 5.6
vertex 163.87196037338097 -57.842381940481985 5.6
vertex 164.86535511914337 -57.95159849717726 5.6
endloop
endfacet
facet normal 0 0 1
outer loop
vertex 63.132936772987144 -57.8634171165793 5.6
vertex 64.12651936282859 -57.7559228664048 5.6
vertex 48.01267461959353 -57.7559228664048 5.6
endloop
endfacet
facet normal 0 0 1
outer loop
vertex 63.132936772987144 -57.8634171165793 5.6
vertex 48.01267461959353 -57.7559228664048 5.6
vertex 47.26146600476961 -57.8634171165793 5.6
endloop
endfacet
facet normal 0 0 1
outer loop
vertex 183.08875781526348 -57.842381940481985 5.6
vertex 181.04556303924434 -57.73530263701761 5.6
vertex 162.87833298007897 -57.73530263701761 5.6
endloop
endfacet
facet normal 0 0 1
outer loop
vertex 183.08875781526348 -57.842381940481985 5.6
vertex 162.87833298007897 -57.73530263701761 5.6
vertex 163.87196037338097 -57.842381940481985 5.6
endloop
endfacet
facet normal 0 0 1
outer loop
vertex 64.12651936282859 -57.7559228664048 5.6
vertex 65.1203308959648 -57.650566269434705 5.6
vertex 48.75864314571912 -57.650566269434705 5.6
endloop
endfacet
facet normal 0 0 1
outer loop
vertex 64.12651936282859 -57.7559228664048 5.6
vertex 48.75864314571912 -57.650566269434705 5.6
vertex 48.12098063096064 -57.74042481000388 5.600000000000001
endloop
endfacet
facet normal 0 0 1
outer loop
vertex 64.12651936282859 -57.7559228664048 5.6
vertex 48.12098063096064 -57.74042481000388 5.600000000000001
vertex 48.01267461959353 -57.7559228664048 5.6
endloop
endfacet
facet normal 0 0 1
outer loop
vertex 181.04556303924434 -57.73530263701761 5.6
vertex 179.04315893119167 -57.630361081928925 5.6
vertex 161.88447753385574 -57.630361081928925 5.6
endloop
endfacet
facet normal 0 0 1
outer loop
vertex 181.04556303924434 -57.73530263701761 5.6
vertex 161.88447753385574 -57.630361081928925 5.6
vertex 162.87833298007897 -57.73530263701761 5.6
endloop
endfacet
facet normal 0 0 1
outer loop
vertex 179.04315893119167 -57.630361081928925 5.6
vertex 177.8608978 -57.56840140000071 5.6
vertex 161.28534501741575 -57.5684014 5.6
endloop
endfacet
facet normal 0 0 1
outer loop
vertex 179.04315893119167 -57.630361081928925 5.6
vertex 161.28534501741575 -57.5684014 5.6
vertex 161.88447753385574 -57.630361081928925 5.6
endloop
endfacet
facet normal 0 0 1
outer loop
vertex 65.1203308959648 -57.650566269434705 5.6
vertex 66.11436677398407 -57.54734781315847 5.6
vertex 49.49716670029634 -57.54734781315847 5.6
endloop
endfacet
facet normal 0 0 1
outer loop
vertex 65.1203308959648 -57.650566269434705 5.6
vertex 49.49716670029634 -57.54734781315847 5.6
vertex 49.10487178471431 -57.6017761971261 5.600000000000001
endloop
endfacet
facet normal 0 0 1
outer loop
vertex 65.1203308959648 -57.650566269434705 5.6
vertex 49.10487178471431 -57.6017761971261 5.600000000000001
vertex 48.75864314571912 -57.650566269434705 5.6
endloop
endfacet
facet normal 0 0 1
outer loop
vertex 177.8608978 -57.56840140000071 5.6
vertex 177.56538994295082 -57.52755776123149 5.6
vertex 160.89039863754226 -57.52755776123149 5.6
endloop
endfacet
facet normal 0 0 1
outer loop
vertex 177.8608978 -57.56840140000071 5.6
vertex 160.89039863754226 -57.52755776123149 5.6
vertex 161.28534501741575 -57.5684014 5.6
endloop
endfacet
facet normal 0 0 1
outer loop
vertex 66.11436677398407 -57.54734781315847 5.6
vertex 67.10862239612919 -57.446267975308416 5.6
vertex 50.22787903759485 -57.446267975308416 5.6
endloop
endfacet
facet normal 0 0 1
outer loop
vertex 66.11436677398407 -57.54734781315847 5.6
vertex 50.22787903759485 -57.446267975308416 5.6
vertex 50.08905649196069 -57.4652269302009 5.6
endloop
endfacet
facet normal 0 0 1
outer loop
vertex 66.11436677398407 -57.54734781315847 5.6
vertex 50.08905649196069 -57.4652269302009 5.6
vertex 49.49716670029634 -57.54734781315847 5.6
endloop
endfacet
facet normal 0 0 1
outer loop
vertex 177.56538994295082 -57.52755776123149 5.6
vertex 176.87664236219288 -57.43236246702898 5.6
vertex 176.83643911392548 -57.42689315034882 5.6
endloop
endfacet
facet normal 0 0 1
outer loop
vertex 177.56538994295082 -57.52755776123149 5.6
vertex 176.83643911392548 -57.42689315034882 5.6
vertex 159.89610088834874 -57.42689315034882 5.6
endloop
endfacet
facet normal 0 0 1
outer loop
vertex 177.56538994295082 -57.52755776123149 5.6
vertex 159.89610088834874 -57.42689315034882 5.6
vertex 160.89039863754226 -57.52755776123149 5.6
endloop
endfacet
facet normal 0 0 1
outer loop
vertex 67.10862239612919 -57.446267975308416 5.6
vertex 68.10309316116187 -57.34732722366226 5.6
vertex 50.952349721150725 -57.34732722366226 5.6
endloop
endfacet
facet normal 0 0 1
outer loop
vertex 67.10862239612919 -57.446267975308416 5.6
vertex 50.952349721150725 -57.34732722366226 5.6
vertex 50.22787903759485 -57.446267975308416 5.6
endloop
endfacet
facet normal 0 0 1
outer loop
vertex 176.83643911392548 -57.42689315034882 5.6
vertex 176.11220924239035 -57.32836771554321 5.6
vertex 158.90158889172613 -57.32836771554321 5.6
endloop
endfacet
facet normal 0 0 1
outer loop
vertex 176.83643911392548 -57.42689315034882 5.6
vertex 158.90158889172613 -57.32836771554321 5.6
vertex 159.89610088834874 -57.42689315034882 5.6
endloop
endfacet
facet normal 0 0 1
outer loop
vertex 68.10309316116187 -57.34732722366226 5.6
vertex 69.09777446812963 -57.250526015973136 5.6
vertex 51.670653159214766 -57.250526015973136 5.6
endloop
endfacet
facet normal 0 0 1
outer loop
vertex 68.10309316116187 -57.34732722366226 5.6
vertex 51.670653159214766 -57.250526015973136 5.6
vertex 51.073530273302154 -57.330777630715566 5.6
endloop
endfacet
facet normal 0 0 1
outer loop
vertex 68.10309316116187 -57.34732722366226 5.6
vertex 51.073530273302154 -57.330777630715566 5.6
vertex 50.952349721150725 -57.34732722366226 5.6
endloop
endfacet
facet normal 0 0 1
outer loop
vertex 176.11220924239035 -57.32836771554321 5.6
vertex 175.89209901225564 -57.29842355419395 5.600000000000001
vertex 175.39578216227557 -57.23198191218917 5.6
endloop
endfacet
facet normal 0 0 1
outer loop
vertex 176.11220924239035 -57.32836771554321 5.6
vertex 175.39578216227557 -57.23198191218917 5.6
vertex 157.90686724419376 -57.23198191218917 5.6
endloop
endfacet
facet normal 0 0 1
outer loop
vertex 176.11220924239035 -57.32836771554321 5.6
vertex 157.90686724419376 -57.23198191218917 5.6
vertex 158.90158889172613 -57.32836771554321 5.6
endloop
endfacet
facet normal 0 0 1
outer loop
vertex 69.09777446812963 -57.250526015973136 5.6
vertex 70.09266171340315 -57.15586480026285 5.6
vertex 52.38019328691785 -57.15586480026285 5.6
endloop
endfacet
facet normal 0 0 1
outer loop
vertex 69.09777446812963 -57.250526015973136 5.6
vertex 52.38019328691785 -57.15586480026285 5.6
vertex 52.058288648020564 -57.19842891060014 5.600000000000001
endloop
endfacet
facet normal 0 0 1
outer loop
vertex 69.09777446812963 -57.250526015973136 5.6
vertex 52.058288648020564 -57.19842891060014 5.600000000000001
vertex 51.670653159214766 -57.250526015973136 5.6
endloop
endfacet
facet normal 0 0 1
outer loop
vertex 175.39578216227557 -57.23198191218917 5.6
vertex 174.9072721579603 -57.166585367980204 5.600000000000001
vertex 174.68821723660224 -57.137736187150324 5.6
endloop
endfacet
facet normal 0 0 1
outer loop
vertex 175.39578216227557 -57.23198191218917 5.6
vertex 174.68821723660224 -57.137736187150324 5.6
vertex 156.91194055752342 -57.137736187150324 5.6
endloop
endfacet
facet normal 0 0 1
outer loop
vertex 175.39578216227557 -57.23198191218917 5.6
vertex 156.91194055752342 -57.137736187150324 5.6
vertex 157.90686724419376 -57.23198191218917 5.6
endloop
endfacet
facet normal 0 0 1
outer loop
vertex 70.09266171340315 -57.15586480026285 5.6
vertex 71.08775029258952 -57.06334401462841 5.6
vertex 53.08052162709642 -57.06334401462841 5.6
endloop
endfacet
facet normal 0 0 1
outer loop
vertex 70.09266171340315 -57.15586480026285 5.6
vertex 53.08052162709642 -57.06334401462841 5.6
vertex 53.043327134080236 -57.068181372226704 5.600000000000001
endloop
endfacet
facet normal 0 0 1
outer loop
vertex 70.09266171340315 -57.15586480026285 5.6
vertex 53.043327134080236 -57.068181372226704 5.600000000000001
vertex 52.38019328691785 -57.15586480026285 5.6
endloop
endfacet
facet normal 0 0 1
outer loop
vertex 174.68821723660224 -57.137736187150324 5.6
vertex 173.98885249388945 -57.04563097534401 5.6
vertex 155.9168134229672 -57.04563097534401 5.6
endloop
endfacet
facet normal 0 0 1
outer loop
vertex 174.68821723660224 -57.137736187150324 5.6
vertex 155.9168134229672 -57.04563097534401 5.6
vertex 156.91194055752342 -57.137736187150324 5.6
endloop
endfacet
facet normal 0 0 1
outer loop
vertex 71.08775029258952 -57.06334401462841 5.6
vertex 72.08303560052289 -56.97296408724537 5.6
vertex 53.775453831067956 -56.97296408724537 5.6
endloop
endfacet
facet normal 0 0 1
outer loop
vertex 71.08775029258952 -57.06334401462841 5.6
vertex 53.775453831067956 -56.97296408724537 5.6
vertex 53.08052162709642 -57.06334401462841 5.6
endloop
endfacet
facet normal 0 0 1
outer loop
vertex 173.98885249388945 -57.04563097534401 5.6
vertex 173.92216628163555 -57.036848508445345 5.6
vertex 173.29541816248562 -56.95566670405883 5.6
endloop
endfacet
facet normal 0 0 1
outer loop
vertex 173.98885249388945 -57.04563097534401 5.6
vertex 173.29541816248562 -56.95566670405883 5.6
vertex 154.92149045695732 -56.95566670405883 5.6
endloop
endfacet
facet normal 0 0 1
outer loop
vertex 173.98885249388945 -57.04563097534401 5.6
vertex 154.92149045695732 -56.95566670405883 5.6
vertex 155.9168134229672 -57.04563097534401 5.6
endloop
endfacet
facet normal 0 0 1
outer loop
vertex 72.08303560052289 -56.97296408724537 5.6
vertex 73.07851303162853 -56.884725436335955 5.6
vertex 54.46113424329251 -56.884725436335955 5.6
endloop
endfacet
facet normal 0 0 1
outer loop
vertex 72.08303560052289 -56.97296408724537 5.6
vertex 54.46113424329251 -56.884725436335955 5.6
vertex 54.02864124821562 -56.94003560840189 5.6
endloop
endfacet
facet normal 0 0 1
outer loop
vertex 72.08303560052289 -56.97296408724537 5.6
vertex 54.02864124821562 -56.94003560840189 5.6
vertex 53.775453831067956 -56.97296408724537 5.6
endloop
endfacet
facet normal 0 0 1
outer loop
vertex 173.29541816248562 -56.95566670405883 5.6
vertex 172.93678586689356 -56.909213566063634 5.6
vertex 172.61196036202435 -56.86784378954597 5.6
endloop
endfacet
facet normal 0 0 1
outer loop
vertex 173.29541816248562 -56.95566670405883 5.6
vertex 172.61196036202435 -56.86784378954597 5.6
vertex 153.92597626485892 -56.86784378954597 5.6
endloop
endfacet
facet normal 0 0 1
outer loop
vertex 173.29541816248562 -56.95566670405883 5.6
vertex 153.92597626485892 -56.86784378954597 5.6
vertex 154.92149045695732 -56.95566670405883 5.6
endloop
endfacet
facet normal 0 0 1
outer loop
vertex 73.07851303162853 -56.884725436335955 5.6
vertex 74.07417798019188 -56.7986284701507 5.6
vertex 55.1364332739424 -56.7986284701507 5.6
endloop
endfacet
facet normal 0 0 1
outer loop
vertex 73.07851303162853 -56.884725436335955 5.6
vertex 55.1364332739424 -56.7986284701507 5.6
vertex 55.01422650584681 -56.81399220236824 5.6
endloop
endfacet
facet normal 0 0 1
outer loop
vertex 73.07851303162853 -56.884725436335955 5.6
vertex 55.01422650584681 -56.81399220236824 5.6
vertex 54.46113424329251 -56.884725436335955 5.6
endloop
endfacet
facet normal 0 0 1
outer loop
vertex 172.61196036202435 -56.86784378954597 5.6
vertex 171.9511353985682 -56.78368112175551 5.600000000000001
vertex 171.93900621234002 -56.782162637606305 5.6
endloop
endfacet
facet normal 0 0 1
outer loop
vertex 172.61196036202435 -56.86784378954597 5.6
vertex 171.93900621234002 -56.782162637606305 5.6
vertex 152.93027544658665 -56.782162637606305 5.6
endloop
endfacet
facet normal 0 0 1
outer loop
vertex 172.61196036202435 -56.86784378954597 5.6
vertex 152.93027544658665 -56.782162637606305 5.6
vertex 153.92597626485892 -56.86784378954597 5.6
endloop
endfacet
facet normal 0 0 1
outer loop
vertex 74.07417798019188 -56.7986284701507 5.6
vertex 75.07002583540269 -56.7146735873923 5.6
vertex 55.80423031326736 -56.7146735873923 5.6
endloop
endfacet
facet normal 0 0 1
outer loop
vertex 74.07417798019188 -56.7986284701507 5.6
vertex 55.80423031326736 -56.7146735873923 5.6
vertex 55.1364332739424 -56.7986284701507 5.6
endloop
endfacet
facet normal 0 0 1
outer loop
vertex 171.93900621234002 -56.782162637606305 5.6
vertex 171.27172233373145 -56.69862364542382 5.6
vertex 151.9343926178044 -56.69862364542382 5.6
endloop
endfacet
facet normal 0 0 1
outer loop
vertex 171.93900621234002 -56.782162637606305 5.6
vertex 151.9343926178044 -56.69862364542382 5.6
vertex 152.93027544658665 -56.782162637606305 5.6
endloop
endfacet
facet normal 0 0 1
outer loop
vertex 75.07002583540269 -56.7146735873923 5.6
vertex 76.06605199398098 -56.63286117614189 5.6
vertex 56.46296258854082 -56.63286117614189 5.6
endloop
endfacet
facet normal 0 0 1
outer loop
vertex 75.07002583540269 -56.7146735873923 5.6
vertex 56.46296258854082 -56.63286117614189 5.6
vertex 56.000078421220486 -56.69005172779498 5.6
endloop
endfacet
facet normal 0 0 1
outer loop
vertex 75.07002583540269 -56.7146735873923 5.6
vertex 56.000078421220486 -56.69005172779498 5.6
vertex 55.80423031326736 -56.7146735873923 5.6
endloop
endfacet
facet normal 0 0 1
outer loop
vertex 171.27172233373145 -56.69862364542382 5.6
vertex 170.965219362737 -56.660251746870955 5.6
vertex 170.61550113139174 -56.61722719903493 5.6
endloop
endfacet
facet normal 0 0 1
outer loop
vertex 171.27172233373145 -56.69862364542382 5.6
vertex 170.61550113139174 -56.61722719903493 5.6
vertex 150.93833238053944 -56.61722719903493 5.6
endloop
endfacet
facet normal 0 0 1
outer loop
vertex 171.27172233373145 -56.69862364542382 5.6
vertex 150.93833238053944 -56.61722719903493 5.6
vertex 151.9343926178044 -56.69862364542382 5.6
endloop
endfacet
facet normal 0 0 1
outer loop
vertex 76.06605199398098 -56.63286117614189 5.6
vertex 77.06225184094909 -56.553191615469316 5.6
vertex 57.10995457273543 -56.553191615469316 5.6
endloop
endfacet
facet normal 0 0 1
outer loop
vertex 76.06605199398098 -56.63286117614189 5.6
vertex 57.10995457273543 -56.553191615469316 5.6
vertex 56.98619250734082 -56.568214748784506 5.600000000000001
endloop
endfacet
facet normal 0 0 1
outer loop
vertex 76.06605199398098 -56.63286117614189 5.6
vertex 56.98619250734082 -56.568214748784506 5.600000000000001
vertex 56.46296258854082 -56.63286117614189 5.6
endloop
endfacet
facet normal 0 0 1
outer loop
vertex 170.61550113139174 -56.61722719903493 5.6
vertex 169.97904224670233 -56.538926003173074 5.600000000000001
vertex 169.97116273015084 -56.53797367536039 5.6
endloop
endfacet
facet normal 0 0 1
outer loop
vertex 170.61550113139174 -56.61722719903493 5.6
vertex 169.97116273015084 -56.53797367536039 5.6
vertex 149.94209934714806 -56.53797367536039 5.6
endloop
endfacet
facet normal 0 0 1
outer loop
vertex 170.61550113139174 -56.61722719903493 5.6
vertex 149.94209934714806 -56.53797367536039 5.6
vertex 150.93833238053944 -56.61722719903493 5.6
endloop
endfacet
facet normal 0 0 1
outer loop
vertex 77.06225184094909 -56.553191615469316 5.6
vertex 78.05862077008265 -56.47566527374751 5.6
vertex 57.74862428116402 -56.47566527374751 5.6
endloop
endfacet
facet normal 0 0 1
outer loop
vertex 77.06225184094909 -56.553191615469316 5.6
vertex 57.74862428116402 -56.47566527374751 5.6
vertex 57.10995457273543 -56.553191615469316 5.6
endloop
endfacet
facet normal 0 0 1
outer loop
vertex 169.97116273015084 -56.53797367536039 5.6
vertex 169.33315619924866 -56.46086344129719 5.6
vertex 148.94569812964406 -56.46086344129719 5.6
endloop
endfacet
facet normal 0 0 1
outer loop
vertex 169.97116273015084 -56.53797367536039 5.6
vertex 148.94569812964406 -56.46086344129719 5.6
vertex 149.94209934714806 -56.53797367536039 5.6
endloop
endfacet
facet normal 0 0 1
outer loop
vertex 78.05862077008265 -56.47566527374751 5.6
vertex 79.05515416805572 -56.400282509934584 5.6
vertex 58.37684308157734 -56.400282509934584 5.6
endloop
endfacet
facet normal 0 0 1
outer loop
vertex 78.05862077008265 -56.47566527374751 5.6
vertex 58.37684308157734 -56.400282509934584 5.6
vertex 57.972564275999794 -56.44848181986641 5.6
endloop
endfacet
facet normal 0 0 1
outer loop
vertex 78.05862077008265 -56.47566527374751 5.6
vertex 57.972564275999794 -56.44848181986641 5.6
vertex 57.74862428116402 -56.47566527374751 5.6
endloop
endfacet
facet normal 0 0 1
outer loop
vertex 169.33315619924866 -56.46086344129719 5.6
vertex 168.9926085389211 -56.41970444287615 5.600000000000001
vertex 168.707786388491 -56.385896853614724 5.6
endloop
endfacet
facet normal 0 0 1
outer loop
vertex 169.33315619924866 -56.46086344129719 5.6
vertex 168.707786388491 -56.385896853614724 5.6
vertex 147.94913333819426 -56.385896853614724 5.6
endloop
endfacet
facet normal 0 0 1
outer loop
vertex 169.33315619924866 -56.46086344129719 5.6
vertex 147.94913333819426 -56.385896853614724 5.6
vertex 148.94569812964406 -56.46086344129719 5.6
endloop
endfacet
facet normal 0 0 1
outer loop
vertex 79.05515416805572 -56.400282509934584 5.6
vertex 80.05184742634476 -56.32704367264415 5.6
vertex 58.99173511905438 -56.32704367264415 5.6
endloop
endfacet
facet normal 0 0 1
outer loop
vertex 79.05515416805572 -56.400282509934584 5.6
vertex 58.99173511905438 -56.32704367264415 5.6
vertex 58.95918923785187 -56.330853485988285 5.6
endloop
endfacet
facet normal 0 0 1
outer loop
vertex 79.05515416805572 -56.400282509934584 5.6
vertex 58.95918923785187 -56.330853485988285 5.6
vertex 58.37684308157734 -56.400282509934584 5.6
endloop
endfacet
facet normal 0 0 1
outer loop
vertex 168.707786388491 -56.385896853614724 5.6
vertex 168.0942706522856 -56.31307425893874 5.6
vertex 146.95240958057923 -56.31307425893874 5.6
endloop
endfacet
facet normal 0 0 1
outer loop
vertex 168.707786388491 -56.385896853614724 5.6
vertex 146.95240958057923 -56.31307425893874 5.6
vertex 147.94913333819426 -56.385896853614724 5.6
endloop
endfacet
facet normal 0 0 1
outer loop
vertex 80.05184742634476 -56.32704367264415 5.6
vertex 81.04869592872741 -56.25594910108518 5.6
vertex 59.59907077335538 -56.25594910108518 5.6
endloop
endfacet
facet normal 0 0 1
outer loop
vertex 80.05184742634476 -56.32704367264415 5.6
vertex 59.59907077335538 -56.25594910108518 5.6
vertex 58.99173511905438 -56.32704367264415 5.6
endloop
endfacet
facet normal 0 0 1
outer loop
vertex 168.0942706522856 -56.31307425893874 5.6
vertex 168.0059227290474 -56.30258760859749 5.600000000000001
vertex 167.48940849584392 -56.24239599454566 5.6
endloop
endfacet
facet normal 0 0 1
outer loop
vertex 168.0942706522856 -56.31307425893874 5.6
vertex 167.48940849584392 -56.24239599454566 5.6
vertex 145.95553147302564 -56.24239599454566 5.6
endloop
endfacet
facet normal 0 0 1
outer loop
vertex 168.0942706522856 -56.31307425893874 5.6
vertex 145.95553147302564 -56.24239599454566 5.6
vertex 146.95240958057923 -56.31307425893874 5.6
endloop
endfacet
facet normal 0 0 1
outer loop
vertex 81.04869592872741 -56.25594910108518 5.6
vertex 82.04569506419944 -56.1869991241082 5.6
vertex 60.192640205312635 -56.1869991241082 5.6
endloop
endfacet
facet normal 0 0 1
outer loop
vertex 81.04869592872741 -56.25594910108518 5.6
vertex 60.192640205312635 -56.1869991241082 5.6
vertex 59.94606290238543 -56.215330282524434 5.6
endloop
endfacet
facet normal 0 0 1
outer loop
vertex 81.04869592872741 -56.25594910108518 5.6
vertex 59.94606290238543 -56.215330282524434 5.6
vertex 59.59907077335538 -56.25594910108518 5.6
endloop
endfacet
facet normal 0 0 1
outer loop
vertex 167.48940849584392 -56.24239599454566 5.6
vertex 167.01898930786015 -56.187576033380154 5.600000000000001
vertex 166.89908589987337 -56.173862387675584 5.6
endloop
endfacet
facet normal 0 0 1
outer loop
vertex 167.48940849584392 -56.24239599454566 5.6
vertex 166.89908589987337 -56.173862387675584 5.6
vertex 144.95850363117427 -56.173862387675584 5.6
endloop
endfacet
facet normal 0 0 1
outer loop
vertex 167.48940849584392 -56.24239599454566 5.6
vertex 144.95850363117427 -56.173862387675584 5.6
vertex 145.95553147302564 -56.24239599454566 5.6
endloop
endfacet
facet normal 0 0 1
outer loop
vertex 82.04569506419944 -56.1869991241082 5.6
vertex 83.04284021940137 -56.120194060764135 5.6
vertex 60.77407115492059 -56.120194060764135 5.6
endloop
endfacet
facet normal 0 0 1
outer loop
vertex 82.04569506419944 -56.1869991241082 5.6
vertex 60.77407115492059 -56.120194060764135 5.6
vertex 60.192640205312635 -56.1869991241082 5.6
endloop
endfacet
facet normal 0 0 1
outer loop
vertex 166.89908589987337 -56.173862387675584 5.6
vertex 166.31862586349 -56.10747375520691 5.6
vertex 143.96133066503182 -56.10747375520691 5.6
endloop
endfacet
facet normal 0 0 1
outer loop
vertex 166.89908589987337 -56.173862387675584 5.6
vertex 143.96133066503182 -56.10747375520691 5.6
vertex 144.95850363117427 -56.173862387675584 5.6
endloop
endfacet
facet normal 0 0 1
outer loop
vertex 83.04284021940137 -56.120194060764135 5.6
vertex 84.0401267774352 -56.055534220366326 5.6
vertex 61.344568912711175 -56.055534220366326 5.6
endloop
endfacet
facet normal 0 0 1
outer loop
vertex 83.04284021940137 -56.120194060764135 5.6
vertex 61.344568912711175 -56.055534220366326 5.6
vertex 60.933180777947236 -56.10191273526472 5.600000000000001
endloop
endfacet
facet normal 0 0 1
outer loop
vertex 83.04284021940137 -56.120194060764135 5.6
vertex 60.933180777947236 -56.10191273526472 5.600000000000001
vertex 60.77407115492059 -56.120194060764135 5.6
endloop
endfacet
facet normal 0 0 1
outer loop
vertex 166.31862586349 -56.10747375520691 5.6
vertex 166.03181276728534 -56.07467024069054 5.600000000000001
vertex 165.75162944273976 -56.04323040436836 5.6
endloop
endfacet
facet normal 0 0 1
outer loop
vertex 166.31862586349 -56.10747375520691 5.6
vertex 165.75162944273976 -56.04323040436836 5.6
vertex 142.96401718917102 -56.04323040436836 5.6
endloop
endfacet
facet normal 0 0 1
outer loop
vertex 166.31862586349 -56.10747375520691 5.6
vertex 142.96401718917102 -56.04323040436836 5.6
vertex 143.96133066503182 -56.10747375520691 5.6
endloop
endfacet
facet normal 0 0 1
outer loop
vertex 84.0401267774352 -56.055534220366326 5.6
vertex 85.03755012594216 -55.99301990195963 5.6
vertex 61.89908534993359 -55.99301990195963 5.6
endloop
endfacet
facet normal 0 0 1
outer loop
vertex 84.0401267774352 -56.055534220366326 5.6
vertex 61.89908534993359 -55.99301990195963 5.6
vertex 61.344568912711175 -56.055534220366326 5.6
endloop
endfacet
facet normal 0 0 1
outer loop
vertex 165.75162944273976 -56.04323040436836 5.6
vertex 165.1982308817772 -55.98113263247407 5.6
vertex 141.96656781902445 -55.98113263247407 5.6
endloop
endfacet
facet normal 0 0 1
outer loop
vertex 165.75162944273976 -56.04323040436836 5.6
vertex 141.96656781902445 -55.98113263247407 5.6
vertex 142.96401718917102 -56.04323040436836 5.6
endloop
endfacet
facet normal 0 0 1
outer loop
vertex 85.03755012594216 -55.99301990195963 5.6
vertex 86.03510564933829 -55.932651394835204 5.6
vertex 62.44460896602141 -55.932651394835204 5.6
endloop
endfacet
facet normal 0 0 1
outer loop
vertex 85.03755012594216 -55.99301990195963 5.6
vertex 62.44460896602141 -55.932651394835204 5.6
vertex 61.92053837178784 -55.990601360417806 5.600000000000001
endloop
endfacet
facet normal 0 0 1
outer loop
vertex 85.03755012594216 -55.99301990195963 5.6
vertex 61.92053837178784 -55.990601360417806 5.600000000000001
vertex 61.89908534993359 -55.99301990195963 5.6
endloop
endfacet
facet normal 0 0 1
outer loop
vertex 165.1982308817772 -55.98113263247407 5.6
vertex 165.04439760034677 -55.96387074439794 5.6
vertex 164.65648960550396 -55.921180727167325 5.6
endloop
endfacet
facet normal 0 0 1
outer loop
vertex 165.1982308817772 -55.98113263247407 5.6
vertex 164.65648960550396 -55.921180727167325 5.6
vertex 140.9689871749621 -55.921180727167325 5.6
endloop
endfacet
facet normal 0 0 1
outer loop
vertex 165.1982308817772 -55.98113263247407 5.6
vertex 140.9689871749621 -55.921180727167325 5.6
vertex 141.96656781902445 -55.98113263247407 5.6
endloop
endfacet
facet normal 0 0 1
outer loop
vertex 86.03510564933829 -55.932651394835204 5.6
vertex 87.03278872713204 -55.87442897860565 5.6
vertex 62.97239826476287 -55.87442897860565 5.6
endloop
endfacet
facet normal 0 0 1
outer loop
vertex 86.03510564933829 -55.932651394835204 5.6
vertex 62.97239826476287 -55.87442897860565 5.6
vertex 62.908131190058356 -55.881396664604424 5.600000000000001
endloop
endfacet
facet normal 0 0 1
outer loop
vertex 86.03510564933829 -55.932651394835204 5.6
vertex 62.908131190058356 -55.881396664604424 5.600000000000001
vertex 62.44460896602141 -55.932651394835204 5.6
endloop
endfacet
facet normal 0 0 1
outer loop
vertex 164.65648960550396 -55.921180727167325 5.6
vertex 164.13123057527616 -55.863374965621176 5.6
vertex 139.9712798691503 -55.863374965621176 5.6
endloop
endfacet
facet normal 0 0 1
outer loop
vertex 164.65648960550396 -55.921180727167325 5.6
vertex 139.9712798691503 -55.863374965621176 5.6
vertex 140.9689871749621 -55.921180727167325 5.6
endloop
endfacet
facet normal 0 0 1
outer loop
vertex 87.03278872713204 -55.87442897860565 5.6
vertex 88.03059474681399 -55.81835292244406 5.6
vertex 63.48962078189855 -55.81835292244406 5.6
endloop
endfacet
facet normal 0 0 1
outer loop
vertex 87.03278872713204 -55.87442897860565 5.6
vertex 63.48962078189855 -55.81835292244406 5.6
vertex 62.97239826476287 -55.87442897860565 5.6
endloop
endfacet
facet normal 0 0 1
outer loop
vertex 164.13123057527616 -55.863374965621176 5.6
vertex 164.05674830115044 -55.85517804880574 5.6
vertex 163.61684622967883 -55.80771561528914 5.6
endloop
endfacet
facet normal 0 0 1
outer loop
vertex 164.13123057527616 -55.863374965621176 5.6
vertex 163.61684622967883 -55.80771561528914 5.6
vertex 138.97345051763702 -55.80771561528914 5.6
endloop
endfacet
facet normal 0 0 1
outer loop
vertex 164.13123057527616 -55.863374965621176 5.6
vertex 138.97345051763702 -55.80771561528914 5.6
vertex 139.9712798691503 -55.863374965621176 5.6
endloop
endfacet
facet normal 0 0 1
outer loop
vertex 88.03059474681399 -55.81835292244406 5.6
vertex 89.02851908830434 -55.76442348599812 5.6
vertex 63.98889364569135 -55.76442348599812 5.6
endloop
endfacet
facet normal 0 0 1
outer loop
vertex 88.03059474681399 -55.81835292244406 5.6
vertex 63.98889364569135 -55.76442348599812 5.6
vertex 63.895954737830216 -55.77429914485639 5.6
endloop
endfacet
facet normal 0 0 1
outer loop
vertex 88.03059474681399 -55.81835292244406 5.6
vertex 63.895954737830216 -55.77429914485639 5.6
vertex 63.48962078189855 -55.81835292244406 5.6
endloop
endfacet
facet normal 0 0 1
outer loop
vertex 163.61684622967883 -55.80771561528914 5.6
vertex 163.12086788085392 -55.75420293386932 5.6
vertex 137.97550374022094 -55.75420293386932 5.6
endloop
endfacet
facet normal 0 0 1
outer loop
vertex 163.61684622967883 -55.80771561528914 5.6
vertex 137.97550374022094 -55.75420293386932 5.6
vertex 138.97345051763702 -55.80771561528914 5.6
endloop
endfacet
facet normal 0 0 1
outer loop
vertex 89.02851908830434 -55.76442348599812 5.6
vertex 90.02655713478094 -55.71264091876776 5.6
vertex 64.47621457421562 -55.71264091876776 5.6
endloop
endfacet
facet normal 0 0 1
outer loop
vertex 89.02851908830434 -55.76442348599812 5.6
vertex 64.47621457421562 -55.71264091876776 5.6
vertex 63.98889364569135 -55.76442348599812 5.6
endloop
endfacet
facet normal 0 0 1
outer loop
vertex 163.12086788085392 -55.75420293386932 5.6
vertex 163.06886936486524 -55.74859264860667 5.600000000000001
vertex 162.63613385686253 -55.70283716912289 5.6
endloop
endfacet
facet normal 0 0 1
outer loop
vertex 163.12086788085392 -55.75420293386932 5.6
vertex 162.63613385686253 -55.70283716912289 5.6
vertex 136.97744415745976 -55.70283716912289 5.6
endloop
endfacet
facet normal 0 0 1
outer loop
vertex 163.12086788085392 -55.75420293386932 5.6
vertex 136.97744415745976 -55.70283716912289 5.6
vertex 137.97550374022094 -55.75420293386932 5.6
endloop
endfacet
facet normal 0 0 1
outer loop
vertex 90.02655713478094 -55.71264091876776 5.6
vertex 91.02470426599598 -55.66300546047029 5.6
vertex 64.94455846518697 -55.66300546047029 5.6
endloop
endfacet
facet normal 0 0 1
outer loop
vertex 90.02655713478094 -55.71264091876776 5.6
vertex 64.94455846518697 -55.66300546047029 5.6
vertex 64.88400451915639 -55.66930928861705 5.600000000000001
endloop
endfacet
facet normal 0 0 1
outer loop
vertex 90.02655713478094 -55.71264091876776 5.6
vertex 64.88400451915639 -55.66930928861705 5.600000000000001
vertex 64.47621457421562 -55.71264091876776 5.6
endloop
endfacet
facet normal 0 0 1
outer loop
vertex 162.63613385686253 -55.70283716912289 5.6
vertex 162.1706455546066 -55.65361855851549 5.6
vertex 135.97927638343276 -55.65361855851549 5.6
endloop
endfacet
facet normal 0 0 1
outer loop
vertex 162.63613385686253 -55.70283716912289 5.6
vertex 135.97927638343276 -55.65361855851549 5.6
vertex 136.97744415745976 -55.70283716912289 5.6
endloop
endfacet
facet normal 0 0 1
outer loop
vertex 91.02470426599598 -55.66300546047029 5.6
vertex 92.02295586529019 -55.61551734068175 5.6
vertex 65.40072461947521 -55.61551734068175 5.6
endloop
endfacet
facet normal 0 0 1
outer loop
vertex 91.02470426599598 -55.66300546047029 5.6
vertex 65.40072461947521 -55.61551734068175 5.6
vertex 64.94455846518697 -55.66300546047029 5.6
endloop
endfacet
facet normal 0 0 1
outer loop
vertex 162.1706455546066 -55.65361855851549 5.6
vertex 162.08076528772642 -55.64411502892061 5.6
vertex 161.7180680476987 -55.606547329879845 5.6
endloop
endfacet
facet normal 0 0 1
outer loop
vertex 162.1706455546066 -55.65361855851549 5.6
vertex 161.7180680476987 -55.606547329879845 5.6
vertex 134.98100503852316 -55.606547329879845 5.6
endloop
endfacet
facet normal 0 0 1
outer loop
vertex 162.1706455546066 -55.65361855851549 5.6
vertex 134.98100503852316 -55.606547329879845 5.6
vertex 135.97927638343276 -55.65361855851549 5.6
endloop
endfacet
facet normal 0 0 1
outer loop
vertex 92.02295586529019 -55.61551734068175 5.6
vertex 93.02130731189044 -55.570176779221526 5.6
vertex 65.83626154211353 -55.570176779221526 5.6
endloop
endfacet
facet normal 0 0 1
outer loop
vertex 92.02295586529019 -55.61551734068175 5.6
vertex 65.83626154211353 -55.570176779221526 5.6
vertex 65.40072461947521 -55.61551734068175 5.6
endloop
endfacet
facet normal 0 0 1
outer loop
vertex 161.7180680476987 -55.606547329879845 5.6
vertex 161.28435300633072 -55.56162370117498 5.6
vertex 133.9826347451705 -55.56162370117498 5.6
endloop
endfacet
facet normal 0 0 1
outer loop
vertex 161.7180680476987 -55.606547329879845 5.6
vertex 133.9826347451705 -55.56162370117498 5.6
vertex 134.98100503852316 -55.606547329879845 5.6
endloop
endfacet
facet normal 0 0 1
outer loop
vertex 93.02130731189044 -55.570176779221526 5.6
vertex 94.01975398305004 -55.52698398602904 5.6
vertex 66.25918028945858 -55.52698398602904 5.6
endloop
endfacet
facet normal 0 0 1
outer loop
vertex 93.02130731189044 -55.570176779221526 5.6
vertex 66.25918028945858 -55.52698398602904 5.6
vertex 65.87227603702227 -55.56642757373554 5.600000000000001
endloop
endfacet
facet normal 0 0 1
outer loop
vertex 93.02130731189044 -55.570176779221526 5.6
vertex 65.87227603702227 -55.56642757373554 5.600000000000001
vertex 65.83626154211353 -55.570176779221526 5.6
endloop
endfacet
facet normal 0 0 1
outer loop
vertex 161.28435300633072 -55.56162370117498 5.6
vertex 161.09244056696235 -55.54174566525529 5.600000000000001
vertex 160.86667504406705 -55.51884788027263 5.6
endloop
endfacet
facet normal 0 0 1
outer loop
vertex 161.28435300633072 -55.56162370117498 5.6
vertex 160.86667504406705 -55.51884788027263 5.6
vertex 132.9841701232153 -55.51884788027263 5.6
endloop
endfacet
facet normal 0 0 1
outer loop
vertex 161.28435300633072 -55.56162370117498 5.6
vertex 132.9841701232153 -55.51884788027263 5.6
vertex 133.9826347451705 -55.56162370117498 5.6
endloop
endfacet
facet normal 0 0 1
outer loop
vertex 94.01975398305004 -55.52698398602904 5.6
vertex 95.01829126371294 -55.485939160752636 5.6
vertex 66.66179116649803 -55.485939160752636 5.6
endloop
endfacet
facet normal 0 0 1
outer loop
vertex 94.01975398305004 -55.52698398602904 5.6
vertex 66.66179116649803 -55.485939160752636 5.6
vertex 66.25918028945858 -55.52698398602904 5.6
endloop
endfacet
facet normal 0 0 1
outer loop
vertex 160.86667504406705 -55.51884788027263 5.6
vertex 160.46609656014846 -55.47822006484304 5.6
vertex 131.98561578644322 -55.47822006484304 5.6
endloop
endfacet
facet normal 0 0 1
outer loop
vertex 160.86667504406705 -55.51884788027263 5.6
vertex 131.98561578644322 -55.47822006484304 5.6
vertex 132.9841701232153 -55.51884788027263 5.6
endloop
endfacet
facet normal 0 0 1
outer loop
vertex 95.01829126371294 -55.485939160752636 5.6
vertex 96.01691452798953 -55.44704249354159 5.6
vertex 67.04727335328596 -55.44704249354159 5.6
endloop
endfacet
facet normal 0 0 1
outer loop
vertex 95.01829126371294 -55.485939160752636 5.6
vertex 67.04727335328596 -55.44704249354159 5.6
vertex 66.86076479342566 -55.465654468466454 5.6
endloop
endfacet
facet normal 0 0 1
outer loop
vertex 95.01829126371294 -55.485939160752636 5.6
vertex 66.86076479342566 -55.465654468466454 5.6
vertex 66.66179116649803 -55.485939160752636 5.6
endloop
endfacet
facet normal 0 0 1
outer loop
vertex 160.46609656014846 -55.47822006484304 5.6
vertex 160.1038997008345 -55.4414850235457 5.6
vertex 160.08632525065158 -55.439740443397824 5.6
endloop
endfacet
facet normal 0 0 1
outer loop
vertex 160.46609656014846 -55.47822006484304 5.6
vertex 160.08632525065158 -55.439740443397824 5.6
vertex 130.9869763681874 -55.439740443397824 5.6
endloop
endfacet
facet normal 0 0 1
outer loop
vertex 160.46609656014846 -55.47822006484304 5.6
vertex 130.9869763681874 -55.439740443397824 5.6
vertex 131.98561578644322 -55.47822006484304 5.6
endloop
endfacet
facet normal 0 0 1
outer loop
vertex 96.01691452798953 -55.44704249354159 5.6
vertex 97.01561915720549 -55.41029416429208 5.6
vertex 67.41552433112696 -55.41029416429208 5.6
endloop
endfacet
facet normal 0 0 1
outer loop
vertex 96.01691452798953 -55.44704249354159 5.6
vertex 67.41552433112696 -55.41029416429208 5.6
vertex 67.04727335328596 -55.44704249354159 5.6
endloop
endfacet
facet normal 0 0 1
outer loop
vertex 160.08632525065158 -55.439740443397824 5.6
vertex 159.72033361609553 -55.40340919357347 5.6
vertex 129.98825647870785 -55.40340919357347 5.6
endloop
endfacet
facet normal 0 0 1
outer loop
vertex 160.08632525065158 -55.439740443397824 5.6
vertex 129.98825647870785 -55.40340919357347 5.6
vertex 130.9869763681874 -55.439740443397824 5.6
endloop
endfacet
facet normal 0 0 1
outer loop
vertex 97.01561915720549 -55.41029416429208 5.6
vertex 98.01440052822335 -55.37569434311696 5.6
vertex 67.76224534514517 -55.37569434311696 5.6
endloop
endfacet
facet normal 0 0 1
outer loop
vertex 97.01561915720549 -55.41029416429208 5.6
vertex 67.76224534514517 -55.37569434311696 5.6
vertex 67.41552433112696 -55.41029416429208 5.6
endloop
endfacet
facet normal 0 0 1
outer loop
vertex 159.72033361609553 -55.40340919357347 5.6
vertex 159.375985817861 -55.36922648363449 5.6
vertex 128.9894607431739 -55.36922648363449 5.6
endloop
endfacet
facet normal 0 0 1
outer loop
vertex 159.72033361609553 -55.40340919357347 5.6
vertex 128.9894607431739 -55.36922648363449 5.6
vertex 129.98825647870785 -55.40340919357347 5.6
endloop
endfacet
facet normal 0 0 1
outer loop
vertex 98.01440052822335 -55.37569434311696 5.6
vertex 99.01325402102873 -55.34324319006447 5.6
vertex 68.09268512879699 -55.34324319006447 5.6
endloop
endfacet
facet normal 0 0 1
outer loop
vertex 98.01440052822335 -55.37569434311696 5.6
vertex 68.09268512879699 -55.34324319006447 5.6
vertex 67.84946628937591 -55.36699043146682 5.600000000000001
endloop
endfacet
facet normal 0 0 1
outer loop
vertex 98.01440052822335 -55.37569434311696 5.6
vertex 67.84946628937591 -55.36699043146682 5.600000000000001
vertex 67.76224534514517 -55.37569434311696 5.6
endloop
endfacet
facet normal 0 0 1
outer loop
vertex 159.375985817861 -55.36922648363449 5.6
vertex 159.11514718856964 -55.34333356010879 5.600000000000001
vertex 159.05191132576275 -55.337192471876506 5.6
endloop
endfacet
facet normal 0 0 1
outer loop
vertex 159.375985817861 -55.36922648363449 5.6
vertex 159.05191132576275 -55.337192471876506 5.6
vertex 127.99059378698253 -55.337192471876506 5.6
endloop
endfacet
facet normal 0 0 1
outer loop
vertex 159.375985817861 -55.36922648363449 5.6
vertex 127.99059378698253 -55.337192471876506 5.6
vertex 128.9894607431739 -55.36922648363449 5.6
endloop
endfacet
facet normal 0 0 1
outer loop
vertex 99.01325402102873 -55.34324319006447 5.6
vertex 100.01217501145925 -55.312940855368225 5.6
vertex 68.40304112137575 -55.312940855368225 5.6
endloop
endfacet
facet normal 0 0 1
outer loop
vertex 99.01325402102873 -55.34324319006447 5.6
vertex 68.40304112137575 -55.312940855368225 5.6
vertex 68.09268512879699 -55.34324319006447 5.6
endloop
endfacet
facet normal 0 0 1
outer loop
vertex 159.05191132576275 -55.337192471876506 5.6
vertex 158.74417853483567 -55.30730730644741 5.6
vertex 126.99166022973357 -55.30730730644741 5.6
endloop
endfacet
facet normal 0 0 1
outer loop
vertex 159.05191132576275 -55.337192471876506 5.6
vertex 126.99166022973357 -55.30730730644741 5.6
vertex 127.99059378698253 -55.337192471876506 5.6
endloop
endfacet
facet normal 0 0 1
outer loop
vertex 100.01217501145925 -55.312940855368225 5.6
vertex 101.01115887621184 -55.28478747927335 5.6
vertex 68.6913875167921 -55.28478747927335 5.6
endloop
endfacet
facet normal 0 0 1
outer loop
vertex 100.01217501145925 -55.312940855368225 5.6
vertex 68.6913875167921 -55.28478747927335 5.6
vertex 68.40304112137575 -55.312940855368225 5.6
endloop
endfacet
facet normal 0 0 1
outer loop
vertex 158.74417853483567 -55.30730730644741 5.6
vertex 158.45857421530118 -55.27957112561717 5.6
vertex 125.99266469306025 -55.27957112561717 5.6
endloop
endfacet
facet normal 0 0 1
outer loop
vertex 158.74417853483567 -55.30730730644741 5.6
vertex 125.99266469306025 -55.27957112561717 5.6
vertex 126.99166022973357 -55.30730730644741 5.6
endloop
endfacet
facet normal 0 0 1
outer loop
vertex 101.01115887621184 -55.28478747927335 5.6
vertex 102.01020099499254 -55.25878319199076 5.6
vertex 68.96041441249211 -55.25878319199076 5.6
endloop
endfacet
facet normal 0 0 1
outer loop
vertex 101.01115887621184 -55.28478747927335 5.6
vertex 68.96041441249211 -55.25878319199076 5.6
vertex 68.83837602490054 -55.27043591179697 5.6
endloop
endfacet
facet normal 0 0 1
outer loop
vertex 101.01115887621184 -55.28478747927335 5.6
vertex 68.83837602490054 -55.27043591179697 5.6
vertex 68.6913875167921 -55.28478747927335 5.6
endloop
endfacet
facet normal 0 0 1
outer loop
vertex 158.45857421530118 -55.27957112561717 5.6
vertex 158.19509968981936 -55.253984057834586 5.6
vertex 124.99361180342842 -55.253984057834586 5.6
endloop
endfacet
facet normal 0 0 1
outer loop
vertex 158.45857421530118 -55.27957112561717 5.6
vertex 124.99361180342842 -55.253984057834586 5.6
vertex 125.99266469306025 -55.27957112561717 5.6
endloop
endfacet
facet normal 0 0 1
outer loop
vertex 102.01020099499254 -55.25878319199076 5.6
vertex 103.0092967404154 -55.23492811396602 5.6
vertex 69.21024752497007 -55.23492811396602 5.6
endloop
endfacet
facet normal 0 0 1
outer loop
vertex 102.01020099499254 -55.25878319199076 5.6
vertex 69.21024752497007 -55.23492811396602 5.6
vertex 68.96041441249211 -55.25878319199076 5.6
endloop
endfacet
facet normal 0 0 1
outer loop
vertex 158.19509968981936 -55.253984057834586 5.6
vertex 158.12618753036475 -55.24729172167146 5.6
vertex 157.94984659200512 -55.23054622143668 5.6
endloop
endfacet
facet normal 0 0 1
outer loop
vertex 158.19509968981936 -55.253984057834586 5.6
vertex 157.94984659200512 -55.23054622143668 5.6
vertex 123.99450618141115 -55.23054622143668 5.6
endloop
endfacet
facet normal 0 0 1
outer loop
vertex 158.19509968981936 -55.253984057834586 5.6
vertex 123.99450618141115 -55.23054622143668 5.6
vertex 124.99361180342842 -55.253984057834586 5.6
endloop
endfacet
facet normal 0 0 1
outer loop
vertex 103.0092967404154 -55.23492811396602 5.6
vertex 104.00844149268707 -55.21322235550228 5.6
vertex 69.4375709145672 -55.21322235550228 5.6
endloop
endfacet
facet normal 0 0 1
outer loop
vertex 103.0092967404154 -55.23492811396602 5.6
vertex 69.4375709145672 -55.21322235550228 5.6
vertex 69.21024752497007 -55.23492811396602 5.6
endloop
endfacet
facet normal 0 0 1
outer loop
vertex 157.94984659200512 -55.23054622143668 5.6
vertex 157.7256649668648 -55.20925772489534 5.6
vertex 122.99535245079173 -55.20925772489534 5.6
endloop
endfacet
facet normal 0 0 1
outer loop
vertex 157.94984659200512 -55.23054622143668 5.6
vertex 122.99535245079173 -55.20925772489534 5.6
vertex 123.99450618141115 -55.23054622143668 5.6
endloop
endfacet
facet normal 0 0 1
outer loop
vertex 104.00844149268707 -55.21322235550228 5.6
vertex 105.00763062717797 -55.193666017070484 5.6
vertex 69.64238352905632 -55.193666017070484 5.6
endloop
endfacet
facet normal 0 0 1
outer loop
vertex 104.00844149268707 -55.21322235550228 5.6
vertex 69.64238352905632 -55.193666017070484 5.6
vertex 69.4375709145672 -55.21322235550228 5.6
endloop
endfacet
facet normal 0 0 1
outer loop
vertex 157.7256649668648 -55.20925772489534 5.6
vertex 157.52411831730282 -55.190118666779256 5.6
vertex 121.99615523790999 -55.190118666779256 5.6
endloop
endfacet
facet normal 0 0 1
outer loop
vertex 157.7256649668648 -55.20925772489534 5.6
vertex 121.99615523790999 -55.190118666779256 5.6
vertex 122.99535245079173 -55.20925772489534 5.6
endloop
endfacet
facet normal 0 0 1
outer loop
vertex 105.00763062717797 -55.193666017070484 5.6
vertex 106.00685951874405 -55.176259189194155 5.6
vertex 69.8246844203884 -55.176259189194155 5.6
endloop
endfacet
facet normal 0 0 1
outer loop
vertex 105.00763062717797 -55.193666017070484 5.6
vertex 69.8246844203884 -55.176259189194155 5.6
vertex 69.64238352905632 -55.193666017070484 5.6
endloop
endfacet
facet normal 0 0 1
outer loop
vertex 157.52411831730282 -55.190118666779256 5.6
vertex 157.34520757524265 -55.17312913558476 5.6
vertex 120.99691916289763 -55.17312913558476 5.6
endloop
endfacet
facet normal 0 0 1
outer loop
vertex 157.52411831730282 -55.190118666779256 5.6
vertex 120.99691916289763 -55.17312913558476 5.6
vertex 121.99615523790999 -55.190118666779256 5.6
endloop
endfacet
facet normal 0 0 1
outer loop
vertex 106.00685951874405 -55.176259189194155 5.6
vertex 107.00612354462946 -55.1610019524028 5.6
vertex 69.98809309247478 -55.1610019524028 5.6
endloop
endfacet
facet normal 0 0 1
outer loop
vertex 106.00685951874405 -55.176259189194155 5.6
vertex 69.98809309247478 -55.1610019524028 5.6
vertex 69.82748949907811 -55.17599134891375 5.600000000000001
endloop
endfacet
facet normal 0 0 1
outer loop
vertex 106.00685951874405 -55.176259189194155 5.6
vertex 69.82748949907811 -55.17599134891375 5.600000000000001
vertex 69.8246844203884 -55.176259189194155 5.6
endloop
endfacet
facet normal 0 0 1
outer loop
vertex 157.34520757524265 -55.17312913558476 5.6
vertex 157.18893356936255 -55.158289210003886 5.6
vertex 119.99764885402494 -55.158289210003886 5.6
endloop
endfacet
facet normal 0 0 1
outer loop
vertex 157.34520757524265 -55.17312913558476 5.6
vertex 119.99764885402494 -55.158289210003886 5.6
vertex 120.99691916289763 -55.17312913558476 5.6
endloop
endfacet
facet normal 0 0 1
outer loop
vertex 107.00612354462946 -55.1610019524028 5.6
vertex 108.00541807895362 -55.14789437732607 5.6
vertex 70.1285339472191 -55.14789437732607 5.6
endloop
endfacet
facet normal 0 0 1
outer loop
vertex 107.00612354462946 -55.1610019524028 5.6
vertex 70.1285339472191 -55.14789437732607 5.6
vertex 69.98809309247478 -55.1610019524028 5.6
endloop
endfacet
facet normal 0 0 1
outer loop
vertex 157.18893356936255 -55.158289210003886 5.6
vertex 157.1370252273633 -55.153359945356925 5.6
vertex 157.05340177199955 -55.145598958651306 5.6
endloop
endfacet
facet normal 0 0 1
outer loop
vertex 157.18893356936255 -55.158289210003886 5.6
vertex 157.05340177199955 -55.145598958651306 5.6
vertex 118.99834893159311 -55.145598958651306 5.6
endloop
endfacet
facet normal 0 0 1
outer loop
vertex 157.18893356936255 -55.158289210003886 5.6
vertex 118.99834893159311 -55.145598958651306 5.6
vertex 119.99764885402494 -55.158289210003886 5.6
endloop
endfacet
facet normal 0 0 1
outer loop
vertex 108.00541807895362 -55.14789437732607 5.6
vertex 109.00473849903383 -55.13693652459858 5.6
vertex 70.24594164423404 -55.13693652459858 5.6
endloop
endfacet
facet normal 0 0 1
outer loop
vertex 108.00541807895362 -55.14789437732607 5.6
vertex 70.24594164423404 -55.13693652459858 5.6
vertex 70.1285339472191 -55.14789437732607 5.6
endloop
endfacet
facet normal 0 0 1
outer loop
vertex 157.05340177199955 -55.145598958651306 5.6
vertex 156.93982928450407 -55.13505844030226 5.6
vertex 117.9990240238751 -55.13505844030226 5.6
endloop
endfacet
facet normal 0 0 1
outer loop
vertex 157.05340177199955 -55.145598958651306 5.6
vertex 117.9990240238751 -55.13505844030226 5.6
vertex 118.99834893159311 -55.145598958651306 5.6
endloop
endfacet
facet normal 0 0 -1
outer loop
vertex 109.00473849903383 -55.13693652459858 5.6
vertex 109.50256660000001 -55.132548726456164 5.6
vertex 110.00408018082996 -55.12812844492913 5.6
endloop
endfacet
facet normal 0 0 -1
outer loop
vertex 109.00473849903383 -55.13693652459858 5.6
vertex 110.00408018082996 -55.12812844492913 5.6
vertex 70.34031564020158 -55.12812844492913 5.6
endloop
endfacet
facet normal 0 0 -1
outer loop
vertex 109.00473849903383 -55.13693652459858 5.6
vertex 70.34031564020158 -55.12812844492913 5.6
vertex 70.24594164423404 -55.13693652459858 5.6
endloop
endfacet
facet normal 0 0 1
outer loop
vertex 156.93982928450407 -55.13505844030226 5.6
vertex 156.84942036927728 -55.12666770368216 5.6
vertex 116.99967875010616 -55.12666770368216 5.6
endloop
endfacet
facet normal 0 0 1
outer loop
vertex 156.93982928450407 -55.13505844030226 5.6
vertex 116.99967875010616 -55.12666770368216 5.6
vertex 117.9990240238751 -55.13505844030226 5.6
endloop
endfacet
facet normal 0 0 1
outer loop
vertex 110.00408018082996 -55.12812844492913 5.6
vertex 110.50256659896145 -55.12480725869482 5.6
vertex 111.00343849397092 -55.12147017912281 5.6
endloop
endfacet
facet normal 0 0 1
outer loop
vertex 110.00408018082996 -55.12812844492913 5.6
vertex 111.00343849397092 -55.12147017912281 5.6
vertex 70.4116554979159 -55.12147017912281 5.6
endloop
endfacet
facet normal 0 0 1
outer loop
vertex 110.00408018082996 -55.12812844492913 5.6
vertex 70.4116554979159 -55.12147017912281 5.6
vertex 70.34031564020158 -55.12812844492913 5.6
endloop
endfacet
facet normal 0 0 1
outer loop
vertex 156.84942036927728 -55.12666770368216 5.6
vertex 156.78217544546172 -55.12042678769106 5.6
vertex 116.00031774378999 -55.12042678769106 5.6
endloop
endfacet
facet normal 0 0 1
outer loop
vertex 156.84942036927728 -55.12666770368216 5.6
vertex 116.00031774378999 -55.12042678769106 5.6
vertex 116.99967875010616 -55.12666770368216 5.6
endloop
endfacet
facet normal 0 0 1
outer loop
vertex 111.00343849397092 -55.12147017912281 5.6
vertex 114.00156700803512 -55.11439452300837 5.6
vertex 70.4874674758577 -55.11439452300837 5.6
endloop
endfacet
facet normal 0 0 1
outer loop
vertex 111.00343849397092 -55.12147017912281 5.6
vertex 70.4874674758577 -55.11439452300837 5.6
vertex 70.4116554979159 -55.12147017912281 5.6
endloop
endfacet
facet normal 0 0 1
outer loop
vertex 156.78217544546172 -55.12042678769106 5.6
vertex 156.71717870786708 -55.11439452300837 5.6
vertex 114.00156700803512 -55.11439452300837 5.6
endloop
endfacet
facet normal 0 0 1
outer loop
vertex 156.78217544546172 -55.12042678769106 5.6
vertex 114.00156700803512 -55.11439452300837 5.6
vertex 116.00031774378999 -55.12042678769106 5.6
endloop
endfacet
facet normal 0 -3.360756393560359e-14 1
outer loop
vertex 114.00156700803512 -55.11439452300837 5.6
vertex 156.71717870786708 -55.11439452300837 5.6
vertex 156.14766478162434 -55.06153865869152 5.600000000000001
endloop
endfacet
facet normal 0 -3.360756393560359e-14 1
outer loop
vertex 114.00156700803512 -55.11439452300837 5.6
vertex 156.14766478162434 -55.06153865869152 5.600000000000001
vertex 155.1581106961041 -54.97182827957541 5.6
endloop
endfacet
facet normal 0 -3.360756393560359e-14 1
outer loop
vertex 114.00156700803512 -55.11439452300837 5.6
vertex 155.1581106961041 -54.97182827957541 5.6
vertex 154.16836747466058 -54.88422921632935 5.6
endloop
endfacet
facet normal 0 -3.360756393560359e-14 1
outer loop
vertex 114.00156700803512 -55.11439452300837 5.6
vertex 154.16836747466058 -54.88422921632935 5.6
vertex 153.17843962198702 -54.79874186764427 5.6
endloop
endfacet
facet normal 0 -3.360756393560359e-14 1
outer loop
vertex 114.00156700803512 -55.11439452300837 5.6
vertex 153.17843962198702 -54.79874186764427 5.6
vertex 152.18833164363525 -54.71536662260628 5.6
endloop
endfacet
facet normal 0 -3.360756393560359e-14 1
outer loop
vertex 114.00156700803512 -55.11439452300837 5.6
vertex 152.18833164363525 -54.71536662260628 5.6
vertex 151.19804804596222 -54.63410386069013 5.6
endloop
endfacet
facet normal 0 -3.360756393560359e-14 1
outer loop
vertex 114.00156700803512 -55.11439452300837 5.6
vertex 151.19804804596222 -54.63410386069013 5.6
vertex 150.20759333614996 -54.55495395175119 5.600000000000001
endloop
endfacet
facet normal 0 -3.360756393560359e-14 1
outer loop
vertex 114.00156700803512 -55.11439452300837 5.6
vertex 150.20759333614996 -54.55495395175119 5.600000000000001
vertex 149.21697202212695 -54.47791725603794 5.6
endloop
endfacet
facet normal 0 -3.360756393560359e-14 1
outer loop
vertex 114.00156700803512 -55.11439452300837 5.6
vertex 149.21697202212695 -54.47791725603794 5.6
vertex 148.2261886126022 -54.40299412416739 5.600000000000001
endloop
endfacet
facet normal 0 -3.360756393560359e-14 1
outer loop
vertex 114.00156700803512 -55.11439452300837 5.6
vertex 148.2261886126022 -54.40299412416739 5.600000000000001
vertex 147.23524761700364 -54.330184897147625 5.6
endloop
endfacet
facet normal 0 -3.360756393560359e-14 1
outer loop
vertex 114.00156700803512 -55.11439452300837 5.6
vertex 147.23524761700364 -54.330184897147625 5.6
vertex 146.24415354550487 -54.25948990635884 5.600000000000001
endloop
endfacet
facet normal 0 -3.360756393560359e-14 1
outer loop
vertex 114.00156700803512 -55.11439452300837 5.6
vertex 146.24415354550487 -54.25948990635884 5.600000000000001
vertex 145.2529109089561 -54.19090947356404 5.600000000000001
endloop
endfacet
facet normal 0 -3.360756393560359e-14 1
outer loop
vertex 114.00156700803512 -55.11439452300837 5.6
vertex 145.2529109089561 -54.19090947356404 5.600000000000001
vertex 144.26152421887684 -54.124443910899515 5.600000000000001
endloop
endfacet
facet normal 0 -3.360756393560359e-14 1
outer loop
vertex 114.00156700803512 -55.11439452300837 5.6
vertex 144.26152421887684 -54.124443910899515 5.600000000000001
vertex 143.26999798745814 -54.060093520870296 5.6
endloop
endfacet
facet normal 0 -3.360756393560359e-14 1
outer loop
vertex 114.00156700803512 -55.11439452300837 5.6
vertex 143.26999798745814 -54.060093520870296 5.6
vertex 142.27833672753115 -53.99785859636696 5.6
endloop
endfacet
facet normal 0 -3.360756393560359e-14 1
outer loop
vertex 114.00156700803512 -55.11439452300837 5.6
vertex 142.27833672753115 -53.99785859636696 5.6
vertex 141.28654495250328 -53.93773942064289 5.6
endloop
endfacet
facet normal 0 -3.360756393560359e-14 1
outer loop
vertex 114.00156700803512 -55.11439452300837 5.6
vertex 141.28654495250328 -53.93773942064289 5.6
vertex 140.29462717643955 -53.87973626732516 5.600000000000001
endloop
endfacet
facet normal 0 -3.360756393560359e-14 1
outer loop
vertex 114.00156700803512 -55.11439452300837 5.6
vertex 140.29462717643955 -53.87973626732516 5.600000000000001
vertex 139.30258791391321 -53.823849400402665 5.6
endloop
endfacet
facet normal 0 -3.360756393560359e-14 1
outer loop
vertex 114.00156700803512 -55.11439452300837 5.6
vertex 139.30258791391321 -53.823849400402665 5.6
vertex 138.31043168009532 -53.77007907424416 5.600000000000001
endloop
endfacet
facet normal 0 -3.360756393560359e-14 1
outer loop
vertex 114.00156700803512 -55.11439452300837 5.6
vertex 138.31043168009532 -53.77007907424416 5.600000000000001
vertex 137.31816299066426 -53.718425533575 5.6
endloop
endfacet
facet normal 0 -3.360756393560359e-14 1
outer loop
vertex 114.00156700803512 -55.11439452300837 5.6
vertex 137.31816299066426 -53.718425533575 5.6
vertex 136.32578636182535 -53.66888901349439 5.6
endloop
endfacet
facet normal 0 -3.360756393560359e-14 1
outer loop
vertex 114.00156700803512 -55.11439452300837 5.6
vertex 136.32578636182535 -53.66888901349439 5.6
vertex 135.33330631027417 -53.621469739463215 5.6
endloop
endfacet
facet normal 0 -3.360756393560359e-14 1
outer loop
vertex 114.00156700803512 -55.11439452300837 5.6
vertex 135.33330631027417 -53.621469739463215 5.6
vertex 134.3407273531664 -53.57616792729663 5.600000000000001
endloop
endfacet
facet normal 0 -3.360756393560359e-14 1
outer loop
vertex 114.00156700803512 -55.11439452300837 5.6
vertex 134.3407273531664 -53.57616792729663 5.600000000000001
vertex 133.34805400810612 -53.53298378318683 5.6
endloop
endfacet
facet normal 0 -3.360756393560359e-14 1
outer loop
vertex 114.00156700803512 -55.11439452300837 5.6
vertex 133.34805400810612 -53.53298378318683 5.6
vertex 132.3552907931546 -53.491917503682984 5.600000000000001
endloop
endfacet
facet normal 0 -3.360756393560359e-14 1
outer loop
vertex 114.00156700803512 -55.11439452300837 5.6
vertex 132.3552907931546 -53.491917503682984 5.600000000000001
vertex 131.36244222674418 -53.45296927569149 5.600000000000001
endloop
endfacet
facet normal 0 -3.360756393560359e-14 1
outer loop
vertex 114.00156700803512 -55.11439452300837 5.6
vertex 131.36244222674418 -53.45296927569149 5.600000000000001
vertex 130.36951282772034 -53.416139276483534 5.6
endloop
endfacet
facet normal 0 -3.360756393560359e-14 1
outer loop
vertex 114.00156700803512 -55.11439452300837 5.6
vertex 130.36951282772034 -53.416139276483534 5.6
vertex 129.37650711529608 -53.38142767367904 5.6
endloop
endfacet
facet normal 0 -3.360756393560359e-14 1
outer loop
vertex 114.00156700803512 -55.11439452300837 5.6
vertex 129.37650711529608 -53.38142767367904 5.6
vertex 128.38342960901713 -53.34883462527364 5.6
endloop
endfacet
facet normal 0 -3.360756393560359e-14 1
outer loop
vertex 114.00156700803512 -55.11439452300837 5.6
vertex 128.38342960901713 -53.34883462527364 5.6
vertex 127.39028482876353 -53.31836027960529 5.600000000000001
endloop
endfacet
facet normal 0 -3.360756393560359e-14 1
outer loop
vertex 114.00156700803512 -55.11439452300837 5.6
vertex 127.39028482876353 -53.31836027960529 5.600000000000001
vertex 126.39707729472822 -53.2900047753771 5.6
endloop
endfacet
facet normal 0 -3.360756393560359e-14 1
outer loop
vertex 114.00156700803512 -55.11439452300837 5.6
vertex 126.39707729472822 -53.2900047753771 5.6
vertex 125.40381152738445 -53.26376824164447 5.600000000000001
endloop
endfacet
facet normal 0 -3.360756393560359e-14 1
outer loop
vertex 114.00156700803512 -55.11439452300837 5.6
vertex 125.40381152738445 -53.26376824164447 5.600000000000001
vertex 124.41049204746666 -53.23965079781879 5.600000000000001
endloop
endfacet
facet normal 0 -3.360756393560359e-14 1
outer loop
vertex 114.00156700803512 -55.11439452300837 5.6
vertex 124.41049204746666 -53.23965079781879 5.600000000000001
vertex 123.41712337595712 -53.217652553669055 5.6
endloop
endfacet
facet normal 0 -3.360756393560359e-14 1
outer loop
vertex 114.00156700803512 -55.11439452300837 5.6
vertex 123.41712337595712 -53.217652553669055 5.6
vertex 122.42371003406274 -53.19777360932257 5.600000000000001
endloop
endfacet
facet normal 0 -3.360756393560359e-14 1
outer loop
vertex 114.00156700803512 -55.11439452300837 5.6
vertex 122.42371003406274 -53.19777360932257 5.600000000000001
vertex 121.43025654318436 -53.18001405524637 5.6
endloop
endfacet
facet normal 0 -3.360756393560359e-14 1
outer loop
vertex 114.00156700803512 -55.11439452300837 5.6
vertex 121.43025654318436 -53.18001405524637 5.6
vertex 120.43676742493716 -53.16437397227789 5.6
endloop
endfacet
facet normal 0 -3.360756393560359e-14 1
outer loop
vertex 114.00156700803512 -55.11439452300837 5.6
vertex 120.43676742493716 -53.16437397227789 5.6
vertex 119.44324720105699 -53.1508534316014 5.600000000000001
endloop
endfacet
facet normal 0 -3.360756393560359e-14 1
outer loop
vertex 114.00156700803512 -55.11439452300837 5.6
vertex 119.44324720105699 -53.1508534316014 5.600000000000001
vertex 118.44970039343966 -53.139452494750465 5.600000000000001
endloop
endfacet
facet normal 0 -3.360756393560359e-14 1
outer loop
vertex 114.00156700803512 -55.11439452300837 5.6
vertex 118.44970039343966 -53.139452494750465 5.600000000000001
vertex 117.45613152410506 -53.13017121361797 5.6
endloop
endfacet
facet normal 0 -3.360756393560359e-14 1
outer loop
vertex 114.00156700803512 -55.11439452300837 5.6
vertex 117.45613152410506 -53.13017121361797 5.6
vertex 116.46254511517913 -53.123009630448145 5.6
endloop
endfacet
facet normal 0 -3.360756393560359e-14 1
outer loop
vertex 114.00156700803512 -55.11439452300837 5.6
vertex 116.46254511517913 -53.123009630448145 5.6
vertex 113.48172587304789 -53.11424334640498 5.600000000000001
endloop
endfacet
facet normal 0 -3.360756393560359e-14 1
outer loop
vertex 114.00156700803512 -55.11439452300837 5.6
vertex 113.48172587304789 -53.11424334640498 5.600000000000001
vertex 110.50091157606516 -53.124554938564664 5.6
endloop
endfacet
facet normal 0 -3.360756393560359e-14 1
outer loop
vertex 114.00156700803512 -55.11439452300837 5.6
vertex 110.50091157606516 -53.124554938564664 5.6
vertex 109.5073290133412 -53.13223161350409 5.6
endloop
endfacet
facet normal 0 -3.360756393560359e-14 1
outer loop
vertex 114.00156700803512 -55.11439452300837 5.6
vertex 109.5073290133412 -53.13223161350409 5.6
vertex 108.51376508911409 -53.14202797702389 5.6
endloop
endfacet
facet normal 0 -3.360756393560359e-14 1
outer loop
vertex 114.00156700803512 -55.11439452300837 5.6
vertex 108.51376508911409 -53.14202797702389 5.6
vertex 107.52022432544754 -53.15394398454 5.6
endloop
endfacet
facet normal 0 -3.360756393560359e-14 1
outer loop
vertex 114.00156700803512 -55.11439452300837 5.6
vertex 107.52022432544754 -53.15394398454 5.6
vertex 106.52671124437119 -53.167979581817555 5.6
endloop
endfacet
facet normal 0 -3.360756393560359e-14 1
outer loop
vertex 114.00156700803512 -55.11439452300837 5.6
vertex 106.52671124437119 -53.167979581817555 5.6
vertex 105.5332303677058 -53.18413470497539 5.6
endloop
endfacet
facet normal 0 -3.360756393560359e-14 1
outer loop
vertex 114.00156700803512 -55.11439452300837 5.6
vertex 105.5332303677058 -53.18413470497539 5.6
vertex 104.53978621720552 -53.20240928048474 5.6
endloop
endfacet
facet normal 0 -3.360756393560359e-14 1
outer loop
vertex 114.00156700803512 -55.11439452300837 5.6
vertex 104.53978621720552 -53.20240928048474 5.6
vertex 103.54638331439412 -53.22280322516831 5.6
endloop
endfacet
facet normal 0 -3.360756393560359e-14 1
outer loop
vertex 114.00156700803512 -55.11439452300837 5.6
vertex 103.54638331439412 -53.22280322516831 5.6
vertex 102.55302618065697 -53.245316446211206 5.600000000000001
endloop
endfacet
facet normal 0 -3.360756393560359e-14 1
outer loop
vertex 114.00156700803512 -55.11439452300837 5.6
vertex 102.55302618065697 -53.245316446211206 5.600000000000001
vertex 101.55971933712293 -53.26994884114264 5.600000000000001
endloop
endfacet
facet normal 0 -3.360756393560359e-14 1
outer loop
vertex 114.00156700803512 -55.11439452300837 5.6
vertex 101.55971933712293 -53.26994884114264 5.600000000000001
vertex 100.56646730473317 -53.29670029785124 5.600000000000001
endloop
endfacet
facet normal 0 -3.360756393560359e-14 1
outer loop
vertex 114.00156700803512 -55.11439452300837 5.6
vertex 100.56646730473317 -53.29670029785124 5.600000000000001
vertex 99.57327460416097 -53.325570694583305 5.600000000000001
endloop
endfacet
facet normal 0 -3.360756393560359e-14 1
outer loop
vertex 114.00156700803512 -55.11439452300837 5.6
vertex 99.57327460416097 -53.325570694583305 5.600000000000001
vertex 98.58014575580057 -53.35655989993775 5.6
endloop
endfacet
facet normal 0 -3.360756393560359e-14 1
outer loop
vertex 114.00156700803512 -55.11439452300837 5.6
vertex 98.58014575580057 -53.35655989993775 5.6
vertex 97.5870852797791 -53.389667772867526 5.6
endloop
endfacet
facet normal 0 -3.360756393560359e-14 1
outer loop
vertex 114.00156700803512 -55.11439452300837 5.6
vertex 97.5870852797791 -53.389667772867526 5.6
vertex 96.59409769590131 -53.42489416268867 5.6
endloop
endfacet
facet normal 0 -3.360756393560359e-14 1
outer loop
vertex 114.00156700803512 -55.11439452300837 5.6
vertex 96.59409769590131 -53.42489416268867 5.6
vertex 95.60118752363466 -53.46223890907254 5.6
endloop
endfacet
facet normal 0 -3.360756393560359e-14 1
outer loop
vertex 114.00156700803512 -55.11439452300837 5.6
vertex 95.60118752363466 -53.46223890907254 5.6
vertex 94.60835928208488 -53.50170184204848 5.6
endloop
endfacet
facet normal 0 -3.360756393560359e-14 1
outer loop
vertex 114.00156700803512 -55.11439452300837 5.6
vertex 94.60835928208488 -53.50170184204848 5.6
vertex 93.61561749002033 -53.54328278200338 5.6
endloop
endfacet
facet normal 0 -3.360756393560359e-14 1
outer loop
vertex 114.00156700803512 -55.11439452300837 5.6
vertex 93.61561749002033 -53.54328278200338 5.6
vertex 92.62296666578077 -53.586981539687116 5.600000000000001
endloop
endfacet
facet normal 0 -3.360756393560359e-14 1
outer loop
vertex 114.00156700803512 -55.11439452300837 5.6
vertex 92.62296666578077 -53.586981539687116 5.600000000000001
vertex 91.63041132731522 -53.632797916210954 5.6
endloop
endfacet
facet normal 0 -3.360756393560359e-14 1
outer loop
vertex 114.00156700803512 -55.11439452300837 5.6
vertex 91.63041132731522 -53.632797916210954 5.6
vertex 90.63795599210914 -53.680731703046 5.600000000000001
endloop
endfacet
facet normal 0 -3.360756393560359e-14 1
outer loop
vertex 114.00156700803512 -55.11439452300837 5.6
vertex 90.63795599210914 -53.680731703046 5.600000000000001
vertex 89.64560517724139 -53.730782682027986 5.600000000000001
endloop
endfacet
facet normal 0 -3.360756393560359e-14 1
outer loop
vertex 114.00156700803512 -55.11439452300837 5.6
vertex 89.64560517724139 -53.730782682027986 5.600000000000001
vertex 88.6533633992563 -53.782950625355674 5.6
endloop
endfacet
facet normal 0 -3.360756393560359e-14 1
outer loop
vertex 114.00156700803512 -55.11439452300837 5.6
vertex 88.6533633992563 -53.782950625355674 5.6
vertex 87.66123517424663 -53.83723529558809 5.6
endloop
endfacet
facet normal 0 -3.360756393560359e-14 1
outer loop
vertex 114.00156700803512 -55.11439452300837 5.6
vertex 87.66123517424663 -53.83723529558809 5.6
vertex 86.66922501777282 -53.89363644565917 5.6
endloop
endfacet
facet normal 0 -3.360756393560359e-14 1
outer loop
vertex 114.00156700803512 -55.11439452300837 5.6
vertex 86.66922501777282 -53.89363644565917 5.6
vertex 85.67733744484407 -53.95215381886564 5.6
endloop
endfacet
facet normal 0 -3.360756393560359e-14 1
outer loop
vertex 114.00156700803512 -55.11439452300837 5.6
vertex 85.67733744484407 -53.95215381886564 5.6
vertex 84.68557696995055 -54.01278714886827 5.6
endloop
endfacet
facet normal 0 -3.360756393560359e-14 1
outer loop
vertex 114.00156700803512 -55.11439452300837 5.6
vertex 84.68557696995055 -54.01278714886827 5.6
vertex 83.69394810695076 -54.07553615970651 5.6
endloop
endfacet
facet normal 0 -3.360756393560359e-14 1
outer loop
vertex 114.00156700803512 -55.11439452300837 5.6
vertex 83.69394810695076 -54.07553615970651 5.6
vertex 82.70245536915581 -54.140400565781 5.6
endloop
endfacet
facet normal 0 -3.360756393560359e-14 1
outer loop
vertex 114.00156700803512 -55.11439452300837 5.6
vertex 82.70245536915581 -54.140400565781 5.6
vertex 81.7111032692156 -54.20738007186897 5.600000000000001
endloop
endfacet
facet normal 0 -3.360756393560359e-14 1
outer loop
vertex 114.00156700803512 -55.11439452300837 5.6
vertex 81.7111032692156 -54.20738007186897 5.600000000000001
vertex 80.71989631917506 -54.276474373125055 5.6
endloop
endfacet
facet normal 0 -3.360756393560359e-14 1
outer loop
vertex 114.00156700803512 -55.11439452300837 5.6
vertex 80.71989631917506 -54.276474373125055 5.6
vertex 79.72883903038006 -54.34768315506987 5.6
endloop
endfacet
facet normal 0 -3.360756393560359e-14 1
outer loop
vertex 114.00156700803512 -55.11439452300837 5.6
vertex 79.72883903038006 -54.34768315506987 5.6
vertex 78.73793591354902 -54.42100609360507 5.600000000000001
endloop
endfacet
facet normal 0 -3.360756393560359e-14 1
outer loop
vertex 114.00156700803512 -55.11439452300837 5.6
vertex 78.73793591354902 -54.42100609360507 5.600000000000001
vertex 77.74719147863061 -54.496442855009256 5.6
endloop
endfacet
facet normal 0 -3.360756393560359e-14 1
outer loop
vertex 114.00156700803512 -55.11439452300837 5.6
vertex 77.74719147863061 -54.496442855009256 5.6
vertex 76.75661023490932 -54.573993095944154 5.600000000000001
endloop
endfacet
facet normal 0 -3.360756393560359e-14 1
outer loop
vertex 114.00156700803512 -55.11439452300837 5.6
vertex 76.75661023490932 -54.573993095944154 5.600000000000001
vertex 75.76619669089757 -54.653656463444804 5.6
endloop
endfacet
facet normal 0 -3.360756393560359e-14 1
outer loop
vertex 114.00156700803512 -55.11439452300837 5.6
vertex 75.76619669089757 -54.653656463444804 5.6
vertex 74.77595535434918 -54.73543259493354 5.600000000000001
endloop
endfacet
facet normal 0 -3.360756393560359e-14 1
outer loop
vertex 114.00156700803512 -55.11439452300837 5.6
vertex 74.77595535434918 -54.73543259493354 5.600000000000001
vertex 73.78589073225098 -54.819321118214866 5.600000000000001
endloop
endfacet
facet normal 0 -3.360756393560359e-14 1
outer loop
vertex 114.00156700803512 -55.11439452300837 5.6
vertex 73.78589073225098 -54.819321118214866 5.600000000000001
vertex 72.79600733074734 -54.905321651481586 5.6
endloop
endfacet
facet normal 0 -3.360756393560359e-14 1
outer loop
vertex 114.00156700803512 -55.11439452300837 5.6
vertex 72.79600733074734 -54.905321651481586 5.6
vertex 71.8063096552041 -54.993433803308804 5.600000000000001
endloop
endfacet
facet normal 0 -3.360756393560359e-14 1
outer loop
vertex 114.00156700803512 -55.11439452300837 5.6
vertex 71.8063096552041 -54.993433803308804 5.600000000000001
vertex 70.81680221010964 -55.083657172666484 5.6
endloop
endfacet
facet normal 0 -3.360756393560359e-14 1
outer loop
vertex 114.00156700803512 -55.11439452300837 5.6
vertex 70.81680221010964 -55.083657172666484 5.6
vertex 70.4874674758577 -55.11439452300837 5.6
endloop
endfacet
facet normal -0.13703630159719188 -0.9905660260904184 0
outer loop
vertex 177.7562259000593 -59.565660500006345 5.6
vertex 176.76627320969726 -59.428709048139154 5.6
vertex 176.7662732095598 -59.428709048120396 1
endloop
endfacet
facet normal -0.13703630159719188 -0.9905660260904184 0
outer loop
vertex 177.7562259000593 -59.565660500006345 5.6
vertex 176.7662732095598 -59.428709048120396 1
vertex 177.75622590005722 -59.565660500006324 1
endloop
endfacet
facet normal -0.1349049182241231 -0.9908585484512624 0
outer loop
vertex 176.76627320969726 -59.428709048139154 5.6
vertex 175.77602850256991 -59.29388770411816 5.6
vertex 175.77602850258458 -59.29388770412012 1
endloop
endfacet
facet normal -0.1349049182241231 -0.9908585484512624 0
outer loop
vertex 176.76627320969726 -59.428709048139154 5.6
vertex 175.77602850258458 -59.29388770412012 1
vertex 176.7662732095598 -59.428709048120396 1
endloop
endfacet
facet normal -0.13277306161845104 -0.9911464645088852 0
outer loop
vertex 175.77602850256991 -59.29388770411816 5.6
vertex 174.78549605675695 -59.16119689587504 5.6
vertex 174.78549605555517 -59.161196895714035 1
endloop
endfacet
facet normal -0.13277306161845104 -0.9911464645088852 0
outer loop
vertex 175.77602850256991 -59.29388770411816 5.6
vertex 174.78549605555517 -59.161196895714035 1
vertex 175.77602850258458 -59.29388770412012 1
endloop
endfacet
facet normal -0.13064059057779784 -0.9914297938298426 0
outer loop
vertex 174.78549605675695 -59.16119689587504 5.6
vertex 173.79468045765003 -59.030637237665644 5.6
vertex 173.79468045885037 -59.03063723782118 1
endloop
endfacet
facet normal -0.13064059057779784 -0.9914297938298426 0
outer loop
vertex 174.78549605675695 -59.16119689587504 5.6
vertex 173.79468045885037 -59.03063723782118 1
vertex 174.78549605555517 -59.161196895714035 1
endloop
endfacet
facet normal -0.12850751497057894 -0.991708535102974 0
outer loop
vertex 173.79468045765003 -59.030637237665644 5.6
vertex 172.80358629168387 -58.902209333839124 5.6
vertex 172.8035862916741 -58.902209333837845 1
endloop
endfacet
facet normal -0.12850751497057894 -0.991708535102974 0
outer loop
vertex 173.79468045765003 -59.030637237665644 5.6
vertex 172.8035862916741 -58.902209333837845 1
vertex 173.79468045885037 -59.03063723782118 1
endloop
endfacet
facet normal -0.12637384466822255 -0.9919826870383233 0
outer loop
vertex 172.80358629168387 -58.902209333839124 5.6
vertex 171.8122181390916 -58.77591377791691 5.6
vertex 171.81221813910406 -58.77591377791846 1
endloop
endfacet
facet normal -0.12637384466822255 -0.9919826870383233 0
outer loop
vertex 172.80358629168387 -58.902209333839124 5.6
vertex 171.81221813910406 -58.77591377791846 1
vertex 172.8035862916741 -58.902209333837845 1
endloop
endfacet
facet normal -0.12423958954431671 -0.9922522483672485 0
outer loop
vertex 171.8122181390916 -58.77591377791691 5.6
vertex 170.8205805965631 -58.651751155495845 5.6
vertex 170.82058059657595 -58.65175115549744 1
endloop
endfacet
facet normal -0.12423958954431671 -0.9922522483672485 0
outer loop
vertex 171.8122181390916 -58.77591377791691 5.6
vertex 170.82058059657595 -58.65175115549744 1
vertex 171.81221813910406 -58.77591377791846 1
endloop
endfacet
facet normal -0.1221047594760592 -0.9925172178422366 0
outer loop
vertex 170.8205805965631 -58.651751155495845 5.6
vertex 169.82867824585182 -58.52972204025224 5.6
vertex 169.8286782459294 -58.529722040261795 1
endloop
endfacet
facet normal -0.1221047594760592 -0.9925172178422366 0
outer loop
vertex 170.8205805965631 -58.651751155495845 5.6
vertex 169.8286782459294 -58.529722040261795 1
vertex 170.82058059657595 -58.65175115549744 1
endloop
endfacet
facet normal -0.11996936434246658 -0.9927775942371304 0
outer loop
vertex 169.82867824585182 -58.52972204025224 5.6
vertex 168.83651568156583 -58.40982699744232 5.6
vertex 168.83651568156768 -58.40982699744273 1
endloop
endfacet
facet normal -0.11996936434246658 -0.9927775942371304 0
outer loop
vertex 169.82867824585182 -58.52972204025224 5.6
vertex 168.83651568156768 -58.40982699744273 1
vertex 169.8286782459294 -58.529722040261795 1
endloop
endfacet
facet normal -0.11783341402579589 -0.993033376346951 0
outer loop
vertex 168.83651568156583 -58.40982699744232 5.6
vertex 167.8440974943288 -58.29206658180189 5.6
vertex 167.8440974942464 -58.292066581792305 1
endloop
endfacet
facet normal -0.11783341402579589 -0.993033376346951 0
outer loop
vertex 168.83651568156583 -58.40982699744232 5.6
vertex 167.8440974942464 -58.292066581792305 1
vertex 168.83651568156768 -58.40982699744273 1
endloop
endfacet
facet normal -0.11569691841037866 -0.9932845629880402 0
outer loop
vertex 167.8440974943288 -58.29206658180189 5.6
vertex 166.85142827353963 -58.176441337913445 5.6
vertex 166.8514282735057 -58.17644133790949 1
endloop
endfacet
facet normal -0.11569691841037866 -0.9932845629880402 0
outer loop
vertex 167.8440974943288 -58.29206658180189 5.6
vertex 166.8514282735057 -58.17644133790949 1
vertex 167.8440974942464 -58.292066581792305 1
endloop
endfacet
facet normal -0.11355988738327483 -0.9935311529979813 0
outer loop
vertex 166.85142827353963 -58.176441337913445 5.6
vertex 165.85851261669671 -58.06295180129254 5.6
vertex 165.85851261672502 -58.062951801295696 1
endloop
endfacet
facet normal -0.11355988738327483 -0.9935311529979813 0
outer loop
vertex 166.85142827353963 -58.176441337913445 5.6
vertex 165.85851261672502 -58.062951801295696 1
vertex 166.8514282735057 -58.17644133790949 1
endloop
endfacet
facet normal -0.11142233083435829 -0.9937731452355909 0
outer loop
vertex 165.85851261669671 -58.06295180129254 5.6
vertex 164.86535511914337 -57.95159849717726 5.6
vertex 164.86535511795444 -57.951598497043946 1
endloop
endfacet
facet normal -0.11142233083435829 -0.9937731452355909 0
outer loop
vertex 165.85851261669671 -58.06295180129254 5.6
vertex 164.86535511795444 -57.951598497043946 1
vertex 165.85851261672502 -58.062951801295696 1
endloop
endfacet
facet normal -0.10928425865520812 -0.9940105385810463 0
outer loop
vertex 164.86535511914337 -57.95159849717726 5.6
vertex 163.87196037338097 -57.842381940481985 5.6
vertex 163.87196037455604 -57.84238194060859 1
endloop
endfacet
facet normal -0.10928425865520812 -0.9940105385810463 0
outer loop
vertex 164.86535511914337 -57.95159849717726 5.6
vertex 163.87196037455604 -57.84238194060859 1
vertex 164.86535511795444 -57.951598497043946 1
endloop
endfacet
facet normal -0.10714568074052974 -0.9942433319357231 0
outer loop
vertex 163.87196037338097 -57.842381940481985 5.6
vertex 162.87833298007897 -57.73530263701761 5.6
vertex 162.87833298008715 -57.73530263701846 1
endloop
endfacet
facet normal -0.10714568074052974 -0.9942433319357231 0
outer loop
vertex 163.87196037338097 -57.842381940481985 5.6
vertex 162.87833298008715 -57.73530263701846 1
vertex 163.87196037455604 -57.84238194060859 1
endloop
endfacet
facet normal -0.10500660698684783 -0.9944715242223428 0
outer loop
vertex 162.87833298007897 -57.73530263701761 5.6
vertex 161.88447753385574 -57.630361081928925 5.6
vertex 161.88447753384278 -57.630361081927546 1
endloop
endfacet
facet normal -0.10500660698684783 -0.9944715242223428 0
outer loop
vertex 162.87833298007897 -57.73530263701761 5.6
vertex 161.88447753384278 -57.630361081927546 1
vertex 162.87833298008715 -57.73530263701846 1
endloop
endfacet
facet normal 0 0 1
outer loop
vertex 161.88447753385574 -57.630361081928925 5.6
vertex 161.28534501741575 -57.5684014 5.6
vertex 160.89039863754226 -57.52755776123149 5.6
endloop
endfacet
facet normal 0 0 1
outer loop
vertex 161.88447753385574 -57.630361081928925 5.6
vertex 160.89039863754226 -57.52755776123149 5.6
vertex 160.89039863754581 -57.52755776123181 1
endloop
endfacet
facet normal 0 0 1
outer loop
vertex 161.88447753385574 -57.630361081928925 5.6
vertex 160.89039863754581 -57.52755776123181 1
vertex 161.88447753384278 -57.630361081927546 1
endloop
endfacet
facet normal -0.1007270115608776 -0.9949141013886651 0
outer loop
vertex 160.89039863754226 -57.52755776123149 5.6
vertex 159.89610088834874 -57.42689315034882 5.6
vertex 159.896100888423 -57.4268931503563 1
endloop
endfacet
facet normal -0.1007270115608776 -0.9949141013886651 0
outer loop
vertex 160.89039863754226 -57.52755776123149 5.6
vertex 159.896100888423 -57.4268931503563 1
vertex 160.89039863754581 -57.52755776123181 1
endloop
endfacet
facet normal -0.09858650969340485 -0.9951284842202399 0
outer loop
vertex 159.89610088834874 -57.42689315034882 5.6
vertex 158.90158889172613 -57.32836771554321 5.6
vertex 158.90158889173918 -57.32836771554463 1
endloop
endfacet
facet normal -0.09858650969340485 -0.9951284842202399 0
outer loop
vertex 159.89610088834874 -57.42689315034882 5.6
vertex 158.90158889173918 -57.32836771554463 1
vertex 159.896100888423 -57.4268931503563 1
endloop
endfacet
facet normal -0.09644555159630384 -0.9953382618875278 0
outer loop
vertex 158.90158889172613 -57.32836771554321 5.6
vertex 157.90686724419376 -57.23198191218917 5.6
vertex 157.90686724419456 -57.231981912189404 1
endloop
endfacet
facet normal -0.09644555159630384 -0.9953382618875278 0
outer loop
vertex 158.90158889172613 -57.32836771554321 5.6
vertex 157.90686724419456 -57.231981912189404 1
vertex 158.90158889173918 -57.32836771554463 1
endloop
endfacet
facet normal -0.09430414717721192 -0.9955434334197473 0
outer loop
vertex 157.90686724419376 -57.23198191218917 5.6
vertex 156.91194055752342 -57.137736187150324 5.6
vertex 156.91194055742884 -57.137736187141535 1
endloop
endfacet
facet normal -0.09430414717721192 -0.9955434334197473 0
outer loop
vertex 157.90686724419376 -57.23198191218917 5.6
vertex 156.91194055742884 -57.137736187141535 1
vertex 157.90686724419456 -57.231981912189404 1
endloop
endfacet
facet normal -0.09216230634626756 -0.9957439978673921 0
outer loop
vertex 156.91194055752342 -57.137736187150324 5.6
vertex 155.9168134229672 -57.04563097534401 5.6
vertex 155.91681342297153 -57.04563097534436 1
endloop
endfacet
facet normal -0.09216230634626756 -0.9957439978673921 0
outer loop
vertex 156.91194055752342 -57.137736187150324 5.6
vertex 155.91681342297153 -57.04563097534436 1
vertex 156.91194055742884 -57.137736187141535 1
endloop
endfacet
facet normal -0.0900200390148598 -0.995939954302348 0
outer loop
vertex 155.9168134229672 -57.04563097534401 5.6
vertex 154.92149045695732 -56.95566670405883 5.6
vertex 154.9214904569421 -56.95566670405742 1
endloop
endfacet
facet normal -0.0900200390148598 -0.995939954302348 0
outer loop
vertex 155.9168134229672 -57.04563097534401 5.6
vertex 154.9214904569421 -56.95566670405742 1
vertex 155.91681342297153 -57.04563097534436 1
endloop
endfacet
facet normal -0.08573426450846 -0.9963180395281386 0
outer loop
vertex 153.92597626485892 -56.86784378954597 5.6
vertex 152.93027544658665 -56.782162637606305 5.6
vertex 152.93027544659617 -56.78216263760707 1
endloop
endfacet
facet normal -0.08573426450846 -0.9963180395281386 0
outer loop
vertex 153.92597626485892 -56.86784378954597 5.6
vertex 152.93027544659617 -56.78216263760707 1
vertex 153.92597626486355 -56.86784378954632 1
endloop
endfacet
facet normal -0.08359077716670527 -0.9965001665693118 0
outer loop
vertex 152.93027544658665 -56.782162637606305 5.6
vertex 151.9343926178044 -56.69862364542382 5.6
vertex 151.93439261782407 -56.698623645425435 1
endloop
endfacet
facet normal -0.08359077716670527 -0.9965001665693118 0
outer loop
vertex 152.93027544658665 -56.782162637606305 5.6
vertex 151.93439261782407 -56.698623645425435 1
vertex 152.93027544659617 -56.78216263760707 1
endloop
endfacet
facet normal -0.08144690299121744 -0.9966776820984502 0
outer loop
vertex 151.9343926178044 -56.69862364542382 5.6
vertex 150.93833238053944 -56.61722719903493 5.6
vertex 150.9383323805382 -56.617227199034836 1
endloop
endfacet
facet normal -0.08144690299121744 -0.9966776820984502 0
outer loop
vertex 151.9343926178044 -56.69862364542382 5.6
vertex 150.9383323805382 -56.617227199034836 1
vertex 151.93439261782407 -56.698623645425435 1
endloop
endfacet
facet normal -0.07930265190327644 -0.996850585294059 0
outer loop
vertex 150.93833238053944 -56.61722719903493 5.6
vertex 149.94209934714806 -56.53797367536039 5.6
vertex 149.94209934714272 -56.53797367535997 1
endloop
endfacet
facet normal -0.07930265190327644 -0.996850585294059 0
outer loop
vertex 150.93833238053944 -56.61722719903493 5.6
vertex 149.94209934714272 -56.53797367535997 1
vertex 150.9383323805382 -56.617227199034836 1
endloop
endfacet
facet normal -0.07715803382569675 -0.9970188753560048 0
outer loop
vertex 149.94209934714806 -56.53797367536039 5.6
vertex 148.94569812964406 -56.46086344129719 5.6
vertex 148.9456981296604 -56.46086344129844 1
endloop
endfacet
facet normal -0.07715803382569675 -0.9970188753560048 0
outer loop
vertex 149.94209934714806 -56.53797367536039 5.6
vertex 148.9456981296604 -56.46086344129844 1
vertex 149.94209934714272 -56.53797367535997 1
endloop
endfacet
facet normal -0.07501305868342459 -0.9971825515054689 0
outer loop
vertex 148.94569812964406 -56.46086344129719 5.6
vertex 147.94913333819426 -56.385896853614724 5.6
vertex 147.9491333381529 -56.38589685361164 1
endloop
endfacet
facet normal -0.07501305868342459 -0.9971825515054689 0
outer loop
vertex 148.94569812964406 -56.46086344129719 5.6
vertex 147.9491333381529 -56.38589685361164 1
vertex 148.9456981296604 -56.46086344129844 1
endloop
endfacet
facet normal -0.07286773640240084 -0.9973416129850345 0
outer loop
vertex 147.94913333819426 -56.385896853614724 5.6
vertex 146.95240958057923 -56.31307425893874 5.6
vertex 146.95240958068408 -56.31307425894634 1
endloop
endfacet
facet normal -0.07286773640240084 -0.9973416129850345 0
outer loop
vertex 147.94913333819426 -56.385896853614724 5.6
vertex 146.95240958068408 -56.31307425894634 1
vertex 147.9491333381529 -56.38589685361164 1
endloop
endfacet
facet normal -0.07072207691089716 -0.9974960590585855 0
outer loop
vertex 146.95240958057923 -56.31307425893874 5.6
vertex 145.95553147302564 -56.24239599454566 5.6
vertex 145.95553147291594 -56.24239599453804 1
endloop
endfacet
facet normal -0.07072207691089716 -0.9974960590585855 0
outer loop
vertex 146.95240958057923 -56.31307425893874 5.6
vertex 145.95553147291594 -56.24239599453804 1
vertex 146.95240958068408 -56.31307425894634 1
endloop
endfacet
facet normal -0.06857609013816554 -0.9976458890114079 0
outer loop
vertex 145.95553147302564 -56.24239599454566 5.6
vertex 144.95850363117427 -56.173862387675584 5.6
vertex 144.95850363119877 -56.17386238767719 1
endloop
endfacet
facet normal -0.06857609013816554 -0.9976458890114079 0
outer loop
vertex 145.95553147302564 -56.24239599454566 5.6
vertex 144.95850363119877 -56.17386238767719 1
vertex 145.95553147291594 -56.24239599453804 1
endloop
endfacet
facet normal -0.06642978601536242 -0.9977911021501211 0
outer loop
vertex 144.95850363117427 -56.173862387675584 5.6
vertex 143.96133066503182 -56.10747375520691 5.6
vertex 143.96133066501946 -56.10747375520607 1
endloop
endfacet
facet normal -0.06642978601536242 -0.9977911021501211 0
outer loop
vertex 144.95850363117427 -56.173862387675584 5.6
vertex 143.96133066501946 -56.10747375520607 1
vertex 144.95850363119877 -56.17386238767719 1
endloop
endfacet
facet normal -0.06428317447483778 -0.9979316978027293 0
outer loop
vertex 143.96133066503182 -56.10747375520691 5.6
vertex 142.96401718917102 -56.04323040436836 5.6
vertex 142.96401718916516 -56.043230404367925 1
endloop
endfacet
facet normal -0.06428317447483778 -0.9979316978027293 0
outer loop
vertex 143.96133066503182 -56.10747375520691 5.6
vertex 142.96401718916516 -56.043230404367925 1
vertex 143.96133066501946 -56.10747375520607 1
endloop
endfacet
facet normal -0.062136265450618566 -0.998067675318588 0
outer loop
vertex 142.96401718917102 -56.04323040436836 5.6
vertex 141.96656781902445 -55.98113263247407 5.6
vertex 141.96656781902732 -55.98113263247419 1
endloop
endfacet
facet normal -0.062136265450618566 -0.998067675318588 0
outer loop
vertex 142.96401718917102 -56.04323040436836 5.6
vertex 141.96656781902732 -55.98113263247419 1
vertex 142.96401718916516 -56.043230404367925 1
endloop
endfacet
facet normal -0.05998906887774069 -0.9981990340684477 0
outer loop
vertex 141.96656781902445 -55.98113263247407 5.6
vertex 140.9689871749621 -55.921180727167325 5.6
vertex 140.9689871749416 -55.92118072716604 1
endloop
endfacet
facet normal -0.05998906887774069 -0.9981990340684477 0
outer loop
vertex 141.96656781902445 -55.98113263247407 5.6
vertex 140.9689871749416 -55.92118072716604 1
vertex 141.96656781902732 -55.98113263247419 1
endloop
endfacet
facet normal -0.0578415946931017 -0.9983257734443998 0
outer loop
vertex 140.9689871749621 -55.921180727167325 5.6
vertex 139.9712798691503 -55.863374965621176 5.6
vertex 139.9712798691751 -55.863374965622505 1
endloop
endfacet
facet normal -0.0578415946931017 -0.9983257734443998 0
outer loop
vertex 140.9689871749621 -55.921180727167325 5.6
vertex 139.9712798691751 -55.863374965622505 1
vertex 140.9689871749416 -55.92118072716604 1
endloop
endfacet
facet normal -0.05569385283433803 -0.9984478928599465 0
outer loop
vertex 139.9712798691503 -55.863374965621176 5.6
vertex 138.97345051763702 -55.80771561528914 5.6
vertex 138.97345051770483 -55.80771561529288 1
endloop
endfacet
facet normal -0.05569385283433803 -0.9984478928599465 0
outer loop
vertex 139.9712798691503 -55.863374965621176 5.6
vertex 138.97345051770483 -55.80771561529288 1
vertex 139.9712798691751 -55.863374965622505 1
endloop
endfacet
facet normal -0.0535458532407347 -0.9985653917499453 0
outer loop
vertex 138.97345051763702 -55.80771561528914 5.6
vertex 137.97550374022094 -55.75420293386932 5.6
vertex 137.97550374016583 -55.75420293386645 1
endloop
endfacet
facet normal -0.0535458532407347 -0.9985653917499453 0
outer loop
vertex 138.97345051763702 -55.80771561528914 5.6
vertex 137.97550374016583 -55.75420293386645 1
vertex 138.97345051770483 -55.80771561529288 1
endloop
endfacet
facet normal -0.05139760585257136 -0.998678269570648 0
outer loop
vertex 137.97550374022094 -55.75420293386932 5.6
vertex 136.97744415745976 -55.70283716912289 5.6
vertex 136.9774441574184 -55.70283716912073 1
endloop
endfacet
facet normal -0.05139760585257136 -0.998678269570648 0
outer loop
vertex 137.97550374022094 -55.75420293386932 5.6
vertex 136.9774441574184 -55.70283716912073 1
vertex 137.97550374016583 -55.75420293386645 1
endloop
endfacet
facet normal -0.049249120611165154 -0.9987865257996962 0
outer loop
vertex 136.97744415745976 -55.70283716912289 5.6
vertex 135.97927638343276 -55.65361855851549 5.6
vertex 135.97927638348204 -55.65361855851781 1
endloop
endfacet
facet normal -0.049249120611165154 -0.9987865257996962 0
outer loop
vertex 136.97744415745976 -55.70283716912289 5.6
vertex 135.97927638348204 -55.65361855851781 1
vertex 136.9774441574184 -55.70283716912073 1
endloop
endfacet
facet normal -0.04710040745936794 -0.9988901599360971 0
outer loop
vertex 135.97927638343276 -55.65361855851549 5.6
vertex 134.98100503852316 -55.606547329879845 5.6
vertex 134.98100503851157 -55.60654732987929 1
endloop
endfacet
facet normal -0.04710040745936794 -0.9988901599360971 0
outer loop
vertex 135.97927638343276 -55.65361855851549 5.6
vertex 134.98100503851157 -55.60654732987929 1
vertex 135.97927638348204 -55.65361855851781 1
endloop
endfacet
facet normal -0.04495147634045793 -0.9989891715002788 0
outer loop
vertex 134.98100503852316 -55.606547329879845 5.6
vertex 133.9826347451705 -55.56162370117498 5.6
vertex 133.98263474521733 -55.561623701177055 1
endloop
endfacet
facet normal -0.04495147634045793 -0.9989891715002788 0
outer loop
vertex 134.98100503852316 -55.606547329879845 5.6
vertex 133.98263474521733 -55.561623701177055 1
vertex 134.98100503851157 -55.60654732987929 1
endloop
endfacet
facet normal -0.042802337199304936 -0.9990835600340329 0
outer loop
vertex 133.9826347451705 -55.56162370117498 5.6
vertex 132.9841701232153 -55.51884788027263 5.6
vertex 132.98417012316926 -55.51884788027072 1
endloop
endfacet
facet normal -0.042802337199304936 -0.9990835600340329 0
outer loop
vertex 133.9826347451705 -55.56162370117498 5.6
vertex 132.98417012316926 -55.51884788027072 1
vertex 133.98263474521733 -55.561623701177055 1
endloop
endfacet
facet normal -0.04065299998151773 -0.9991733251005568 0
outer loop
vertex 132.9841701232153 -55.51884788027263 5.6
vertex 131.98561578644322 -55.47822006484304 5.6
vertex 131.98561578644 -55.47822006484289 1
endloop
endfacet
facet normal -0.04065299998151773 -0.9991733251005568 0
outer loop
vertex 132.9841701232153 -55.51884788027263 5.6
vertex 131.98561578644 -55.47822006484289 1
vertex 132.98417012316926 -55.51884788027072 1
endloop
endfacet
facet normal -0.0385034746332451 -0.9992584662844579 0
outer loop
vertex 131.98561578644322 -55.47822006484304 5.6
vertex 130.9869763681874 -55.439740443397824 5.6
vertex 130.9869763681853 -55.439740443397696 1
endloop
endfacet
facet normal -0.0385034746332451 -0.9992584662844579 0
outer loop
vertex 131.98561578644322 -55.47822006484304 5.6
vertex 130.9869763681853 -55.439740443397696 1
vertex 131.98561578644 -55.47822006484289 1
endloop
endfacet
facet normal -0.036353771102398014 -0.9993389831917068 0
outer loop
vertex 130.9869763681874 -55.439740443397824 5.6
vertex 129.98825647870785 -55.40340919357347 5.6
vertex 129.98825647871018 -55.4034091935735 1
endloop
endfacet
facet normal -0.036353771102398014 -0.9993389831917068 0
outer loop
vertex 130.9869763681874 -55.439740443397824 5.6
vertex 129.98825647871018 -55.4034091935735 1
vertex 130.9869763681853 -55.439740443397696 1
endloop
endfacet
facet normal -0.034203899336773695 -0.9994148754497103 0
outer loop
vertex 129.98825647870785 -55.40340919357347 5.6
vertex 128.9894607431739 -55.36922648363449 5.6
vertex 128.9894607431752 -55.369226483634485 1
endloop
endfacet
facet normal -0.034203899336773695 -0.9994148754497103 0
outer loop
vertex 129.98825647870785 -55.40340919357347 5.6
vertex 128.9894607431752 -55.369226483634485 1
vertex 129.98825647871018 -55.4034091935735 1
endloop
endfacet
facet normal -0.03205386928556209 -0.9994861427072534 0
outer loop
vertex 128.9894607431739 -55.36922648363449 5.6
vertex 127.99059378698253 -55.337192471876506 5.6
vertex 127.99059378698952 -55.33719247187668 1
endloop
endfacet
facet normal -0.03205386928556209 -0.9994861427072534 0
outer loop
vertex 128.9894607431739 -55.36922648363449 5.6
vertex 127.99059378698952 -55.33719247187668 1
vertex 128.9894607431752 -55.369226483634485 1
endloop
endfacet
facet normal -0.029903690898294144 -0.9995527846345382 0
outer loop
vertex 127.99059378698253 -55.337192471876506 5.6
vertex 126.99166022973357 -55.30730730644741 5.6
vertex 126.99166022975044 -55.307307306447896 1
endloop
endfacet
facet normal -0.029903690898294144 -0.9995527846345382 0
outer loop
vertex 127.99059378698253 -55.337192471876506 5.6
vertex 126.99166022975044 -55.307307306447896 1
vertex 127.99059378698952 -55.33719247187668 1
endloop
endfacet
facet normal -0.027753374125495615 -0.9996148009231608 0
outer loop
vertex 126.99166022973357 -55.30730730644741 5.6
vertex 125.99266469306025 -55.27957112561717 5.6
vertex 125.99266469305658 -55.27957112561708 1
endloop
endfacet
facet normal -0.027753374125495615 -0.9996148009231608 0
outer loop
vertex 126.99166022973357 -55.30730730644741 5.6
vertex 125.99266469305658 -55.27957112561708 1
vertex 126.99166022975044 -55.307307306447896 1
endloop
endfacet
facet normal -0.02560292891823223 -0.9996721912861275 0
outer loop
vertex 125.99266469306025 -55.27957112561717 5.6
vertex 124.99361180342842 -55.253984057834586 5.6
vertex 124.99361180336719 -55.25398405783303 1
endloop
endfacet
facet normal -0.02560292891823223 -0.9996721912861275 0
outer loop
vertex 125.99266469306025 -55.27957112561717 5.6
vertex 124.99361180336719 -55.25398405783303 1
vertex 125.99266469305658 -55.27957112561708 1
endloop
endfacet
facet normal -0.023452365228024515 -0.9997249554578558 0
outer loop
vertex 124.99361180342842 -55.253984057834586 5.6
vertex 123.99450618141115 -55.23054622143668 5.6
vertex 123.99450618145845 -55.23054622143767 1
endloop
endfacet
facet normal -0.023452365228024515 -0.9997249554578558 0
outer loop
vertex 124.99361180342842 -55.253984057834586 5.6
vertex 123.99450618145845 -55.23054622143767 1
vertex 124.99361180336719 -55.25398405783303 1
endloop
endfacet
facet normal -0.021301693007131917 -0.9997730931941657 0
outer loop
vertex 123.99450618141115 -55.23054622143668 5.6
vertex 122.99535245079173 -55.20925772489534 5.6
vertex 122.99535245075951 -55.20925772489464 1
endloop
endfacet
facet normal -0.021301693007131917 -0.9997730931941657 0
outer loop
vertex 123.99450618141115 -55.23054622143668 5.6
vertex 122.99535245075951 -55.20925772489464 1
vertex 123.99450618145845 -55.23054622143767 1
endloop
endfacet
facet normal -0.019150922208240214 -0.9998166042722905 0
outer loop
vertex 122.99535245079173 -55.20925772489534 5.6
vertex 121.99615523790999 -55.190118666779256 5.6
vertex 121.99615523792234 -55.19011866677941 1
endloop
endfacet
facet normal -0.019150922208240214 -0.9998166042722905 0
outer loop
vertex 122.99535245079173 -55.20925772489534 5.6
vertex 121.99615523792234 -55.19011866677941 1
vertex 122.99535245075951 -55.20925772489464 1
endloop
endfacet
facet normal -0.017000062784461534 -0.9998554884908741 0
outer loop
vertex 121.99615523790999 -55.190118666779256 5.6
vertex 120.99691916289763 -55.17312913558476 5.6
vertex 120.99691916288673 -55.17312913558452 1
endloop
endfacet
facet normal -0.017000062784461534 -0.9998554884908741 0
outer loop
vertex 121.99615523790999 -55.190118666779256 5.6
vertex 120.99691916288673 -55.17312913558452 1
vertex 121.99615523792234 -55.19011866677941 1
endloop
endfacet
facet normal -0.01484912468934851 -0.9998897456699715 0
outer loop
vertex 120.99691916289763 -55.17312913558476 5.6
vertex 119.99764885402494 -55.158289210003886 5.6
vertex 119.99764885400553 -55.158289210003524 1
endloop
endfacet
facet normal -0.01484912468934851 -0.9998897456699715 0
outer loop
vertex 120.99691916289763 -55.17312913558476 5.6
vertex 119.99764885400553 -55.158289210003524 1
vertex 120.99691916288673 -55.17312913558452 1
endloop
endfacet
facet normal -0.01269811787682329 -0.9999193756510505 0
outer loop
vertex 119.99764885402494 -55.158289210003886 5.6
vertex 118.99834893159311 -55.145598958651306 5.6
vertex 118.99834893164326 -55.14559895865182 1
endloop
endfacet
facet normal -0.01269811787682329 -0.9999193756510505 0
outer loop
vertex 119.99764885402494 -55.158289210003886 5.6
vertex 118.99834893164326 -55.14559895865182 1
vertex 119.99764885400553 -55.158289210003524 1
endloop
endfacet
facet normal -0.010547052301063786 -0.9999443782969925 0
outer loop
vertex 118.99834893159311 -55.145598958651306 5.6
vertex 117.9990240238751 -55.13505844030226 5.6
vertex 117.99902402390099 -55.13505844030252 1
endloop
endfacet
facet normal -0.010547052301063786 -0.9999443782969925 0
outer loop
vertex 118.99834893159311 -55.145598958651306 5.6
vertex 117.99902402390099 -55.13505844030252 1
vertex 118.99834893164326 -55.14559895865182 1
endloop
endfacet
facet normal -0.0083959379167311 -0.999964753492091 0
outer loop
vertex 117.9990240238751 -55.13505844030226 5.6
vertex 116.99967875010616 -55.12666770368216 5.6
vertex 116.99967875004653 -55.1266677036817 1
endloop
endfacet
facet normal -0.0083959379167311 -0.999964753492091 0
outer loop
vertex 117.9990240238751 -55.13505844030226 5.6
vertex 116.99967875004653 -55.1266677036817 1
vertex 117.99902402390099 -55.13505844030252 1
endloop
endfacet
facet normal -0.006244784678315796 -0.9999805011420582 0
outer loop
vertex 116.99967875010616 -55.12666770368216 5.6
vertex 116.00031774378999 -55.12042678769106 5.6
vertex 116.00031774382562 -55.12042678769121 1
endloop
endfacet
facet normal -0.006244784678315796 -0.9999805011420582 0
outer loop
vertex 116.99967875010616 -55.12666770368216 5.6
vertex 116.00031774382562 -55.12042678769121 1
vertex 116.99967875004653 -55.1266677036817 1
endloop
endfacet
facet normal -0.00409360254099056 -0.9999916211740159 0
outer loop
vertex 116.00031774378999 -55.12042678769106 5.6
vertex 115.00094561978999 -55.11633572114653 5.6
vertex 115.00094561978999 -55.11633572114653 1
endloop
endfacet
facet normal -0.00409360254099056 -0.9999916211740159 0
outer loop
vertex 116.00031774378999 -55.12042678769106 5.6
vertex 115.00094561978999 -55.11633572114653 1
vertex 116.00031774382562 -55.12042678769121 1
endloop
endfacet
facet normal -0.0019424014595585959 -0.9999981135365057 0
outer loop
vertex 115.00094561978999 -55.11633572114653 5.6
vertex 114.00156700803512 -55.11439452300837 5.6
vertex 114.0015670080564 -55.11439452300833 1
endloop
endfacet
facet normal -0.0019424014595585959 -0.9999981135365057 0
outer loop
vertex 115.00094561978999 -55.11633572114653 5.6
vertex 114.0015670080564 -55.11439452300833 1
vertex 115.00094561978999 -55.11633572114653 1
endloop
endfacet
facet normal 0.00020880861069372258 -0.9999999781994819 0
outer loop
vertex 114.00156700803512 -55.11439452300837 5.6
vertex 113.00218653474586 -55.11460320226108 5.600000000000001
vertex 113.00218653474586 -55.11460320226108 1.0000000000000004
endloop
endfacet
facet normal 0.00020880861069372258 -0.9999999781994819 0
outer loop
vertex 114.00156700803512 -55.11439452300837 5.6
vertex 113.00218653474586 -55.11460320226108 1.0000000000000004
vertex 114.0015670080564 -55.11439452300833 1
endloop
endfacet
facet normal 0.002360017714664764 -0.9999972151543157 0
outer loop
vertex 113.00218653474586 -55.11460320226108 5.600000000000001
vertex 112.00280882180337 -55.11696175793629 5.600000000000001
vertex 112.00280882180337 -55.11696175793629 1.0000000000000004
endloop
endfacet
facet normal 0.002360017714664764 -0.9999972151543157 0
outer loop
vertex 113.00218653474586 -55.11460320226108 5.600000000000001
vertex 112.00280882180337 -55.11696175793629 1.0000000000000004
vertex 113.00218653474586 -55.11460320226108 1.0000000000000004
endloop
endfacet
facet normal 0.004511215897139209 -0.9999898244137935 0
outer loop
vertex 112.00280882180337 -55.11696175793629 5.600000000000001
vertex 111.00343849397092 -55.12147017912281 5.6
vertex 111.0034384939985 -55.12147017912265 1
endloop
endfacet
facet normal 0.004511215897139209 -0.9999898244137935 0
outer loop
vertex 112.00280882180337 -55.11696175793629 5.600000000000001
vertex 111.0034384939985 -55.12147017912265 1
vertex 112.00280882180337 -55.11696175793629 1.0000000000000004
endloop
endfacet
facet normal 0.006662393203049381 -0.9999778060121175 7.627444566515806e-16
outer loop
vertex 111.00343849397092 -55.12147017912281 5.6
vertex 110.50256659896145 -55.12480725869482 5.6
vertex 110.50256658415258 -55.12480725879349 4
endloop
endfacet
facet normal 0.006662393203049381 -0.9999778060121175 7.627444566515806e-16
outer loop
vertex 111.00343849397092 -55.12147017912281 5.6
vertex 110.50256658415258 -55.12480725879349 4
vertex 110.5025665989613 -55.12480725869484 1
endloop
endfacet
facet normal 0.006662393203049381 -0.9999778060121175 7.627444566515806e-16
outer loop
vertex 111.00343849397092 -55.12147017912281 5.6
vertex 110.5025665989613 -55.12480725869484 1
vertex 111.0034384939985 -55.12147017912265 1
endloop
endfacet
facet normal 0.0066623932030154265 -0.9999778060121176 0
outer loop
vertex 110.50256659896145 -55.12480725869482 5.6
vertex 110.00408018082996 -55.12812844492913 5.6
vertex 110.00408018081104 -55.128128444929274 4
endloop
endfacet
facet normal 0.0066623932030154265 -0.9999778060121176 0
outer loop
vertex 110.50256659896145 -55.12480725869482 5.6
vertex 110.00408018081104 -55.128128444929274 4
vertex 110.50256658415258 -55.12480725879349 4
endloop
endfacet
facet normal 0.00881353967730547 -0.9999611600049056 0
outer loop
vertex 110.00408018082996 -55.12812844492913 5.6
vertex 109.50256660000001 -55.132548726456164 5.6
vertex 109.5025666 -55.13254872645617 4
endloop
endfacet
facet normal 0.00881353967730547 -0.9999611600049056 0
outer loop
vertex 110.00408018082996 -55.12812844492913 5.6
vertex 109.5025666 -55.13254872645617 4
vertex 110.00408018081104 -55.128128444929274 4
endloop
endfacet
facet normal 0.008813539677337754 -0.9999611600049054 4.362439656847484e-15
outer loop
vertex 109.5025666 -55.13254872645617 4
vertex 109.50256660000001 -55.132548726456164 5.6
vertex 109.00473849903383 -55.13693652459858 5.6
endloop
endfacet
facet normal 0.008813539677337754 -0.9999611600049054 4.362439656847484e-15
outer loop
vertex 109.5025666 -55.13254872645617 4
vertex 109.00473849903383 -55.13693652459858 5.6
vertex 109.00473849902457 -55.136936524598646 1
endloop
endfacet
facet normal 0.008813539677337754 -0.9999611600049054 4.362439656847484e-15
outer loop
vertex 109.5025666 -55.13254872645617 4
vertex 109.00473849902457 -55.136936524598646 1
vertex 109.5025666 -55.132548726456164 1
endloop
endfacet
facet normal 0.01096464536507824 -0.9999398864691909 0
outer loop
vertex 109.00473849903383 -55.13693652459858 5.6
vertex 108.00541807895362 -55.14789437732607 5.6
vertex 108.0054180789325 -55.14789437732625 1
endloop
endfacet
facet normal 0.01096464536507824 -0.9999398864691909 0
outer loop
vertex 109.00473849903383 -55.13693652459858 5.6
vertex 108.0054180789325 -55.14789437732625 1
vertex 109.00473849902457 -55.136936524598646 1
endloop
endfacet
facet normal 0.013115700311644218 -0.9999139855034209 0
outer loop
vertex 108.00541807895362 -55.14789437732607 5.6
vertex 107.00612354462946 -55.1610019524028 5.6
vertex 107.00612354397217 -55.161001952411326 1
endloop
endfacet
facet normal 0.013115700311644218 -0.9999139855034209 0
outer loop
vertex 108.00541807895362 -55.14789437732607 5.6
vertex 107.00612354397217 -55.161001952411326 1
vertex 108.0054180789325 -55.14789437732625 1
endloop
endfacet
facet normal 0.015266694562711791 -0.9998834572274555 0
outer loop
vertex 107.00612354462946 -55.1610019524028 5.6
vertex 106.00685951874405 -55.176259189194155 5.6
vertex 106.0068595194276 -55.176259189182225 1
endloop
endfacet
facet normal 0.015266694562711791 -0.9998834572274555 0
outer loop
vertex 107.00612354462946 -55.1610019524028 5.6
vertex 106.0068595194276 -55.176259189182225 1
vertex 107.00612354397217 -55.161001952411326 1
endloop
endfacet
facet normal 0.017417618163818815 -0.9998483017825752 0
outer loop
vertex 106.00685951874405 -55.176259189194155 5.6
vertex 105.00763062717797 -55.193666017070484 5.6
vertex 105.00763062719821 -55.19366601707009 1
endloop
endfacet
facet normal 0.017417618163818815 -0.9998483017825752 0
outer loop
vertex 106.00685951874405 -55.176259189194155 5.6
vertex 105.00763062719821 -55.19366601707009 1
vertex 106.0068595194276 -55.176259189182225 1
endloop
endfacet
facet normal 0.019568461161270534 -0.9998085193314667 0
outer loop
vertex 105.00763062717797 -55.193666017070484 5.6
vertex 104.00844149268707 -55.21322235550228 5.6
vertex 104.00844149265194 -55.213222355502985 1
endloop
endfacet
facet normal 0.019568461161270534 -0.9998085193314667 0
outer loop
vertex 105.00763062717797 -55.193666017070484 5.6
vertex 104.00844149265194 -55.213222355502985 1
vertex 105.00763062719821 -55.19366601707009 1
endloop
endfacet
facet normal 0.02171921360172746 -0.9997641100582291 0
outer loop
vertex 104.00844149268707 -55.21322235550228 5.6
vertex 103.0092967404154 -55.23492811396602 5.6
vertex 103.00929674043819 -55.23492811396546 1
endloop
endfacet
facet normal 0.02171921360172746 -0.9997641100582291 0
outer loop
vertex 104.00844149268707 -55.21322235550228 5.6
vertex 103.00929674043819 -55.23492811396546 1
vertex 104.00844149265194 -55.213222355502985 1
endloop
endfacet
facet normal 0.023869865531963796 -0.9997150741683782 0
outer loop
vertex 103.0092967404154 -55.23492811396602 5.6
vertex 102.01020099499254 -55.25878319199076 5.6
vertex 102.01020099500505 -55.25878319199045 1
endloop
endfacet
facet normal 0.023869865531963796 -0.9997150741683782 0
outer loop
vertex 103.0092967404154 -55.23492811396602 5.6
vertex 102.01020099500505 -55.25878319199045 1
vertex 103.00929674043819 -55.23492811396546 1
endloop
endfacet
facet normal 0.026020406999265333 -0.9996614118888418 0
outer loop
vertex 102.01020099499254 -55.25878319199076 5.6
vertex 101.01115887621184 -55.28478747927335 5.6
vertex 101.01115887620323 -55.2847874792736 1
endloop
endfacet
facet normal 0.026020406999265333 -0.9996614118888418 0
outer loop
vertex 102.01020099499254 -55.25878319199076 5.6
vertex 101.01115887620323 -55.2847874792736 1
vertex 102.01020099500505 -55.25878319199045 1
endloop
endfacet
facet normal 0.028170828051926833 -0.9996031234679436 0
outer loop
vertex 101.01115887621184 -55.28478747927335 5.6
vertex 100.01217501145925 -55.312940855368225 5.6
vertex 100.01217501142898 -55.31294085536907 1
endloop
endfacet
facet normal 0.028170828051926833 -0.9996031234679436 0
outer loop
vertex 101.01115887621184 -55.28478747927335 5.6
vertex 100.01217501142898 -55.31294085536907 1
vertex 101.01115887620323 -55.2847874792736 1
endloop
endfacet
facet normal 0.030321118738072528 -0.9995402091754348 0
outer loop
vertex 100.01217501145925 -55.312940855368225 5.6
vertex 99.01325402102873 -55.34324319006447 5.6
vertex 99.01325402103782 -55.34324319006413 1
endloop
endfacet
facet normal 0.030321118738072528 -0.9995402091754348 0
outer loop
vertex 100.01217501145925 -55.312940855368225 5.6
vertex 99.01325402103782 -55.34324319006413 1
vertex 100.01217501142898 -55.31294085536907 1
endloop
endfacet
facet normal 0.03247126910696352 -0.9994726693024594 0
outer loop
vertex 99.01325402102873 -55.34324319006447 5.6
vertex 98.01440052822335 -55.37569434311696 5.6
vertex 98.01440052824557 -55.375694343116194 1
endloop
endfacet
facet normal 0.03247126910696352 -0.9994726693024594 0
outer loop
vertex 99.01325402102873 -55.34324319006447 5.6
vertex 98.01440052824557 -55.375694343116194 1
vertex 99.01325402103782 -55.34324319006413 1
endloop
endfacet
facet normal 0.034621269208372496 -0.9994005041615706 0
outer loop
vertex 98.01440052822335 -55.37569434311696 5.6
vertex 97.01561915720549 -55.41029416429208 5.6
vertex 97.01561915719785 -55.41029416429235 1
endloop
endfacet
facet normal 0.034621269208372496 -0.9994005041615706 0
outer loop
vertex 98.01440052822335 -55.37569434311696 5.6
vertex 97.01561915719785 -55.41029416429235 1
vertex 98.01440052824557 -55.375694343116194 1
endloop
endfacet
facet normal 0.03677110909251269 -0.999323714086735 0
outer loop
vertex 97.01561915720549 -55.41029416429208 5.6
vertex 96.01691452798953 -55.44704249354159 5.6
vertex 96.01691452797787 -55.44704249354201 1
endloop
endfacet
facet normal 0.03677110909251269 -0.999323714086735 0
outer loop
vertex 97.01561915720549 -55.41029416429208 5.6
vertex 96.01691452797787 -55.44704249354201 1
vertex 97.01561915719785 -55.41029416429235 1
endloop
endfacet
facet normal 0.03892077881083367 -0.9992422994333048 0
outer loop
vertex 96.01691452798953 -55.44704249354159 5.6
vertex 95.01829126371294 -55.485939160752636 5.6
vertex 95.01829126370914 -55.48593916075275 1
endloop
endfacet
facet normal 0.03892077881083367 -0.9992422994333048 0
outer loop
vertex 96.01691452798953 -55.44704249354159 5.6
vertex 95.01829126370914 -55.48593916075275 1
vertex 96.01691452797787 -55.44704249354201 1
endloop
endfacet
facet normal 0.0410702684150408 -0.9991562605780522 0
outer loop
vertex 95.01829126371294 -55.485939160752636 5.6
vertex 94.01975398305004 -55.52698398602904 5.6
vertex 94.01975398309449 -55.52698398602717 1
endloop
endfacet
facet normal 0.0410702684150408 -0.9991562605780522 0
outer loop
vertex 95.01829126371294 -55.485939160752636 5.6
vertex 94.01975398309449 -55.52698398602717 1
vertex 95.01829126370914 -55.48593916075275 1
endloop
endfacet
facet normal 0.04321956795803315 -0.9990655979191361 0
outer loop
vertex 94.01975398305004 -55.52698398602904 5.6
vertex 93.02130731189044 -55.570176779221526 5.6
vertex 93.0213073118588 -55.570176779222955 1
endloop
endfacet
facet normal 0.04321956795803315 -0.9990655979191361 0
outer loop
vertex 94.01975398305004 -55.52698398602904 5.6
vertex 93.0213073118588 -55.570176779222955 1
vertex 94.01975398309449 -55.52698398602717 1
endloop
endfacet
facet normal 0.04536866749359092 -0.9989703118761117 0
outer loop
vertex 93.02130731189044 -55.570176779221526 5.6
vertex 92.02295586529019 -55.61551734068175 5.6
vertex 92.02295586530481 -55.61551734068107 1
endloop
endfacet
facet normal 0.04536866749359092 -0.9989703118761117 0
outer loop
vertex 93.02130731189044 -55.570176779221526 5.6
vertex 92.02295586530481 -55.61551734068107 1
vertex 93.0213073118588 -55.570176779222955 1
endloop
endfacet
facet normal 0.04751755707599159 -0.9988704028899495 0
outer loop
vertex 92.02295586529019 -55.61551734068175 5.6
vertex 91.02470426599598 -55.66300546047029 5.6
vertex 91.02470426597468 -55.66300546047132 1
endloop
endfacet
facet normal 0.04751755707599159 -0.9988704028899495 0
outer loop
vertex 92.02295586529019 -55.61551734068175 5.6
vertex 91.02470426597468 -55.66300546047132 1
vertex 92.02295586530481 -55.61551734068107 1
endloop
endfacet
facet normal 0.04966622676118959 -0.9987658714229808 0
outer loop
vertex 91.02470426599598 -55.66300546047029 5.6
vertex 90.02655713478094 -55.71264091876776 5.6
vertex 90.0265571347941 -55.71264091876708 1
endloop
endfacet
facet normal 0.04966622676118959 -0.9987658714229808 0
outer loop
vertex 91.02470426599598 -55.66300546047029 5.6
vertex 90.0265571347941 -55.71264091876708 1
vertex 91.02470426597468 -55.66300546047132 1
endloop
endfacet
facet normal 0.0518146666054804 -0.9986567179589607 0
outer loop
vertex 90.02655713478094 -55.71264091876776 5.6
vertex 89.02851908830434 -55.76442348599812 5.6
vertex 89.02851908829955 -55.764423485998385 1
endloop
endfacet
facet normal 0.0518146666054804 -0.9986567179589607 0
outer loop
vertex 90.02655713478094 -55.71264091876776 5.6
vertex 89.02851908829955 -55.764423485998385 1
vertex 90.0265571347941 -55.71264091876708 1
endloop
endfacet
facet normal 0.05396286666660898 -0.9985429430030147 0
outer loop
vertex 89.02851908830434 -55.76442348599812 5.6
vertex 88.03059474681399 -55.81835292244406 5.6
vertex 88.0305947468148 -55.81835292244401 1
endloop
endfacet
facet normal 0.05396286666660898 -0.9985429430030147 0
outer loop
vertex 89.02851908830434 -55.76442348599812 5.6
vertex 88.0305947468148 -55.81835292244401 1
vertex 89.02851908829955 -55.764423485998385 1
endloop
endfacet
facet normal 0.05611081700340038 -0.9984245470816565 0
outer loop
vertex 88.03059474681399 -55.81835292244406 5.6
vertex 87.03278872713204 -55.87442897860565 5.6
vertex 87.03278872712983 -55.87442897860576 1
endloop
endfacet
facet normal 0.05611081700340038 -0.9984245470816565 0
outer loop
vertex 88.03059474681399 -55.81835292244406 5.6
vertex 87.03278872712983 -55.87442897860576 1
vertex 88.0305947468148 -55.81835292244401 1
endloop
endfacet
facet normal 0.05825850767564589 -0.9983015307427947 0
outer loop
vertex 87.03278872713204 -55.87442897860565 5.6
vertex 86.03510564933829 -55.932651394835204 5.6
vertex 86.03510564934808 -55.932651394834615 1
endloop
endfacet
facet normal 0.05825850767564589 -0.9983015307427947 0
outer loop
vertex 87.03278872713204 -55.87442897860565 5.6
vertex 86.03510564934808 -55.932651394834615 1
vertex 87.03278872712983 -55.87442897860576 1
endloop
endfacet
facet normal 0.06040592874444427 -0.9981738945557137 0
outer loop
vertex 86.03510564933829 -55.932651394835204 5.6
vertex 85.03755012594216 -55.99301990195963 5.6
vertex 85.03755012592998 -55.99301990196036 1
endloop
endfacet
facet normal 0.06040592874444427 -0.9981738945557137 0
outer loop
vertex 86.03510564933829 -55.932651394835204 5.6
vertex 85.03755012592998 -55.99301990196036 1
vertex 86.03510564934808 -55.932651394834615 1
endloop
endfacet
facet normal 0.06255307027245749 -0.9980416391110589 0
outer loop
vertex 85.03755012594216 -55.99301990195963 5.6
vertex 84.0401267774352 -56.055534220366326 5.6
vertex 84.0401267774329 -56.055534220366454 1
endloop
endfacet
facet normal 0.06255307027245749 -0.9980416391110589 0
outer loop
vertex 85.03755012594216 -55.99301990195963 5.6
vertex 84.0401267774329 -56.055534220366454 1
vertex 85.03755012592998 -55.99301990196036 1
endloop
endfacet
facet normal 0.06469992232288746 -0.9979047650208974 0
outer loop
vertex 84.0401267774352 -56.055534220366326 5.6
vertex 83.04284021940137 -56.120194060764135 5.6
vertex 83.0428402194353 -56.1201940607619 1
endloop
endfacet
facet normal 0.06469992232288746 -0.9979047650208974 0
outer loop
vertex 84.0401267774352 -56.055534220366326 5.6
vertex 83.0428402194353 -56.1201940607619 1
vertex 84.0401267774329 -56.055534220366454 1
endloop
endfacet
facet normal 0.06684647496102515 -0.9977632729186243 0
outer loop
vertex 83.04284021940137 -56.120194060764135 5.6
vertex 82.04569506419944 -56.1869991241082 5.6
vertex 82.04569506416696 -56.186999124110415 1
endloop
endfacet
facet normal 0.06684647496102515 -0.9977632729186243 0
outer loop
vertex 83.04284021940137 -56.120194060764135 5.6
vertex 82.04569506416696 -56.186999124110415 1
vertex 83.0428402194353 -56.1201940607619 1
endloop
endfacet
facet normal 0.06899271825324149 -0.9976171634590241 0
outer loop
vertex 82.04569506419944 -56.1869991241082 5.6
vertex 81.04869592872741 -56.25594910108518 5.6
vertex 81.04869592874533 -56.255949101083914 1
endloop
endfacet
facet normal 0.06899271825324149 -0.9976171634590241 0
outer loop
vertex 82.04569506419944 -56.1869991241082 5.6
vertex 81.04869592874533 -56.255949101083914 1
vertex 82.04569506416696 -56.186999124110415 1
endloop
endfacet
facet normal 0.07113864226718647 -0.9974664373182596 0
outer loop
vertex 81.04869592872741 -56.25594910108518 5.6
vertex 80.05184742634476 -56.32704367264415 5.6
vertex 80.05184742634621 -56.327043672644045 1
endloop
endfacet
facet normal 0.07113864226718647 -0.9974664373182596 0
outer loop
vertex 81.04869592872741 -56.25594910108518 5.6
vertex 80.05184742634621 -56.327043672644045 1
vertex 81.04869592874533 -56.255949101083914 1
endloop
endfacet
facet normal 0.07328423707232902 -0.9973110951938351 0
outer loop
vertex 80.05184742634476 -56.32704367264415 5.6
vertex 79.05515416805572 -56.400282509934584 5.6
vertex 79.05515416808699 -56.40028250993229 1
endloop
endfacet
facet normal 0.07328423707232902 -0.9973110951938351 0
outer loop
vertex 80.05184742634476 -56.32704367264415 5.6
vertex 79.05515416808699 -56.40028250993229 1
vertex 80.05184742634621 -56.327043672644045 1
endloop
endfacet
facet normal 0.07542949273934596 -0.9971511378046385 0
outer loop
vertex 79.05515416805572 -56.400282509934584 5.6
vertex 78.05862077008265 -56.47566527374751 5.6
vertex 78.05862077001298 -56.47566527375286 1
endloop
endfacet
facet normal 0.07542949273934596 -0.9971511378046385 0
outer loop
vertex 79.05515416805572 -56.400282509934584 5.6
vertex 78.05862077001298 -56.47566527375286 1
vertex 79.05515416808699 -56.40028250993229 1
endloop
endfacet
facet normal 0.07757439934073318 -0.9969865658908974 0
outer loop
vertex 78.05862077008265 -56.47566527374751 5.6
vertex 77.06225184094909 -56.553191615469316 5.6
vertex 77.06225184097889 -56.55319161546692 1
endloop
endfacet
facet normal 0.07757439934073318 -0.9969865658908974 0
outer loop
vertex 78.05862077008265 -56.47566527374751 5.6
vertex 77.06225184097889 -56.55319161546692 1
vertex 78.05862077001298 -56.47566527375286 1
endloop
endfacet
facet normal 0.0797189469504076 -0.9968173802142086 0
outer loop
vertex 77.06225184094909 -56.553191615469316 5.6
vertex 76.06605199398098 -56.63286117614189 5.6
vertex 76.06605199401905 -56.63286117613884 1
endloop
endfacet
facet normal 0.0797189469504076 -0.9968173802142086 0
outer loop
vertex 77.06225184094909 -56.553191615469316 5.6
vertex 76.06605199401905 -56.63286117613884 1
vertex 77.06225184097889 -56.55319161546692 1
endloop
endfacet
facet normal 0.0818631256440483 -0.996643581557513 0
outer loop
vertex 76.06605199398098 -56.63286117614189 5.6
vertex 75.07002583540269 -56.7146735873923 5.6
vertex 75.07002583532032 -56.71467358739913 1
endloop
endfacet
facet normal 0.0818631256440483 -0.996643581557513 0
outer loop
vertex 76.06605199398098 -56.63286117614189 5.6
vertex 75.07002583532032 -56.71467358739913 1
vertex 76.06605199401905 -56.63286117613884 1
endloop
endfacet
facet normal 0.08400692549903968 -0.9964651707250981 0
outer loop
vertex 75.07002583540269 -56.7146735873923 5.6
vertex 74.07417798019188 -56.7986284701507 5.6
vertex 74.07417798067839 -56.79862847010959 1
endloop
endfacet
facet normal 0.08400692549903968 -0.9964651707250981 0
outer loop
vertex 75.07002583540269 -56.7146735873923 5.6
vertex 74.07417798067839 -56.79862847010959 1
vertex 75.07002583532032 -56.71467358739913 1
endloop
endfacet
facet normal 0.08615033659444289 -0.9962821485426026 0
outer loop
vertex 74.07417798019188 -56.7986284701507 5.6
vertex 73.07851303162853 -56.884725436335955 5.6
vertex 73.07851303119625 -56.88472543637427 1
endloop
endfacet
facet normal 0.08615033659444289 -0.9962821485426026 0
outer loop
vertex 74.07417798019188 -56.7986284701507 5.6
vertex 73.07851303119625 -56.88472543637427 1
vertex 74.07417798067839 -56.79862847010959 1
endloop
endfacet
facet normal 0.08829334901130895 -0.9960945158569879 0
outer loop
vertex 73.07851303162853 -56.884725436335955 5.6
vertex 72.08303560052289 -56.97296408724537 5.6
vertex 72.08303560053255 -56.97296408724451 1
endloop
endfacet
facet normal 0.08829334901130895 -0.9960945158569879 0
outer loop
vertex 73.07851303162853 -56.884725436335955 5.6
vertex 72.08303560053255 -56.97296408724451 1
vertex 73.07851303119625 -56.88472543637427 1
endloop
endfacet
facet normal 0.09043595283219476 -0.9959022735365821 0
outer loop
vertex 72.08303560052289 -56.97296408724537 5.6
vertex 71.08775029258952 -57.06334401462841 5.6
vertex 71.08775029256415 -57.06334401463073 1
endloop
endfacet
facet normal 0.09043595283219476 -0.9959022735365821 0
outer loop
vertex 72.08303560052289 -56.97296408724537 5.6
vertex 71.08775029256415 -57.06334401463073 1
vertex 72.08303560053255 -56.97296408724451 1
endloop
endfacet
facet normal 0.09257813814204499 -0.9957054224709999 0
outer loop
vertex 71.08775029258952 -57.06334401462841 5.6
vertex 70.09266171340315 -57.15586480026285 5.6
vertex 70.09266171339858 -57.15586480026323 1
endloop
endfacet
facet normal 0.09257813814204499 -0.9957054224709999 0
outer loop
vertex 71.08775029258952 -57.06334401462841 5.6
vertex 70.09266171339858 -57.15586480026323 1
vertex 71.08775029256415 -57.06334401463073 1
endloop
endfacet
facet normal 0.09471989502705475 -0.9955039635712476 0
outer loop
vertex 70.09266171340315 -57.15586480026285 5.6
vertex 69.09777446812963 -57.250526015973136 5.6
vertex 69.09777446855286 -57.25052601593281 1
endloop
endfacet
facet normal 0.09471989502705475 -0.9955039635712476 0
outer loop
vertex 70.09266171340315 -57.15586480026285 5.6
vertex 69.09777446855286 -57.25052601593281 1
vertex 70.09266171339858 -57.15586480026323 1
endloop
endfacet
facet normal 0.09686121357626123 -0.9952978977695743 0
outer loop
vertex 69.09777446812963 -57.250526015973136 5.6
vertex 68.10309316116187 -57.34732722366226 5.6
vertex 68.10309316068279 -57.347327223709726 1
endloop
endfacet
facet normal 0.09686121357626123 -0.9952978977695743 0
outer loop
vertex 69.09777446812963 -57.250526015973136 5.6
vertex 68.10309316068279 -57.347327223709726 1
vertex 69.09777446855286 -57.25052601593281 1
endloop
endfacet
facet normal 0.09900208387989552 -0.995087226019628 0
outer loop
vertex 68.10309316116187 -57.34732722366226 5.6
vertex 67.10862239612919 -57.446267975308416 5.6
vertex 67.10862239620258 -57.44626797530091 1
endloop
endfacet
facet normal 0.09900208387989552 -0.995087226019628 0
outer loop
vertex 68.10309316116187 -57.34732722366226 5.6
vertex 67.10862239620258 -57.44626797530091 1
vertex 68.10309316068279 -57.347327223709726 1
endloop
endfacet
facet normal 0.10114249603083181 -0.994871949296317 0
outer loop
vertex 67.10862239612919 -57.446267975308416 5.6
vertex 66.11436677398407 -57.54734781315847 5.6
vertex 66.11436677399632 -57.54734781315719 1
endloop
endfacet
facet normal 0.10114249603083181 -0.994871949296317 0
outer loop
vertex 67.10862239612919 -57.446267975308416 5.6
vertex 66.11436677399632 -57.54734781315719 1
vertex 67.10862239620258 -57.44626797530091 1
endloop
endfacet
facet normal 0.10328244012379169 -0.9946520685958862 0
outer loop
vertex 66.11436677398407 -57.54734781315847 5.6
vertex 65.1203308959648 -57.650566269434705 5.6
vertex 65.12033089599272 -57.65056626943179 1
endloop
endfacet
facet normal 0.10328244012379169 -0.9946520685958862 0
outer loop
vertex 66.11436677398407 -57.54734781315847 5.6
vertex 65.12033089599272 -57.65056626943179 1
vertex 66.11436677399632 -57.54734781315719 1
endloop
endfacet
facet normal 0.10542190625562849 -0.9944275849358913 0
outer loop
vertex 65.1203308959648 -57.650566269434705 5.6
vertex 64.12651936282859 -57.7559228664048 5.6
vertex 64.12651936242962 -57.75592286644716 1
endloop
endfacet
facet normal 0.10542190625562849 -0.9944275849358913 0
outer loop
vertex 65.1203308959648 -57.650566269434705 5.6
vertex 64.12651936242962 -57.75592286644716 1
vertex 65.12033089599272 -57.65056626943179 1
endloop
endfacet
facet normal 0.10756088452582442 -0.9941984993551451 0
outer loop
vertex 64.12651936282859 -57.7559228664048 5.6
vertex 63.132936772987144 -57.8634171165793 5.6
vertex 63.13293677334019 -57.86341711654031 1
endloop
endfacet
facet normal 0.10756088452582442 -0.9941984993551451 0
outer loop
vertex 64.12651936282859 -57.7559228664048 5.6
vertex 63.13293677334019 -57.86341711654031 1
vertex 64.12651936242962 -57.75592286644716 1
endloop
endfacet
facet normal 0.10969936503556715 -0.9939648129138141 0
outer loop
vertex 63.132936772987144 -57.8634171165793 5.6
vertex 62.13958772555259 -57.97304852238612 5.6
vertex 62.139587725596144 -57.97304852238129 1
endloop
endfacet
facet normal 0.10969936503556715 -0.9939648129138141 0
outer loop
vertex 63.132936772987144 -57.8634171165793 5.6
vertex 62.139587725596144 -57.97304852238129 1
vertex 63.13293677334019 -57.86341711654031 1
endloop
endfacet
facet normal 0.11183733788864458 -0.993726526693326 0
outer loop
vertex 62.13958772555259 -57.97304852238612 5.6
vertex 61.14647681671756 -58.084816576562815 5.6
vertex 61.146476816680284 -58.084816576567086 1
endloop
endfacet
facet normal 0.11183733788864458 -0.993726526693326 0
outer loop
vertex 62.13958772555259 -57.97304852238612 5.6
vertex 61.146476816680284 -58.084816576567086 1
vertex 62.139587725596144 -57.97304852238129 1
endloop
endfacet
facet normal 0.1139747931911188 -0.9934836417964021 0
outer loop
vertex 61.14647681671756 -58.084816576562815 5.6
vertex 60.15360864162429 -58.19872076195804 5.6
vertex 60.15360864162725 -58.19872076195769 1
endloop
endfacet
facet normal 0.1139747931911188 -0.9934836417964021 0
outer loop
vertex 61.14647681671756 -58.084816576562815 5.6
vertex 60.15360864162725 -58.19872076195769 1
vertex 61.146476816680284 -58.084816576567086 1
endloop
endfacet
facet normal 0.11611172105152431 -0.9932361593470371 0
outer loop
vertex 60.15360864162429 -58.19872076195804 5.6
vertex 59.1609877958798 -58.31476055135394 5.6
vertex 59.16098779597261 -58.31476055134307 1
endloop
endfacet
facet normal 0.11611172105152431 -0.9932361593470371 0
outer loop
vertex 60.15360864162429 -58.19872076195804 5.6
vertex 59.16098779597261 -58.31476055134307 1
vertex 60.15360864162725 -58.19872076195769 1
endloop
endfacet
facet normal 0.1182481115807832 -0.9929840804905076 0
outer loop
vertex 59.1609877958798 -58.31476055135394 5.6
vertex 58.16861887332013 -58.43293540771836 5.6
vertex 58.16861887327515 -58.43293540772392 1
endloop
endfacet
facet normal 0.1182481115807832 -0.9929840804905076 0
outer loop
vertex 59.1609877958798 -58.31476055135394 5.6
vertex 58.16861887327515 -58.43293540772392 1
vertex 59.16098779597261 -58.31476055134307 1
endloop
endfacet
facet normal 0.12038395489227582 -0.9927274063933638 0
outer loop
vertex 58.16861887332013 -58.43293540771836 5.6
vertex 57.17650646506673 -58.55324478432473 5.6
vertex 57.176506465010334 -58.55324478433168 1
endloop
endfacet
facet normal 0.12038395489227582 -0.9927274063933638 0
outer loop
vertex 58.16861887332013 -58.43293540771836 5.6
vertex 57.176506465010334 -58.55324478433168 1
vertex 58.16861887327515 -58.43293540772392 1
endloop
endfacet
facet normal 0 0 1
outer loop
vertex 57.17650646506673 -58.55324478432473 5.6
vertex 56.665187521928715 -58.616366745327014 5.6
vertex 56.184655163592694 -58.67568812426336 5.6
endloop
endfacet
facet normal 0 0 1
outer loop
vertex 57.17650646506673 -58.55324478432473 5.6
vertex 56.184655163592694 -58.67568812426336 5.6
vertex 56.18465516366321 -58.67568812425463 1
endloop
endfacet
facet normal 0 0 1
outer loop
vertex 57.17650646506673 -58.55324478432473 5.6
vertex 56.18465516366321 -58.67568812425463 1
vertex 57.176506465010334 -58.55324478433168 1
endloop
endfacet
facet normal 0.1246539603283168 -0.9922002772497429 0
outer loop
vertex 56.184655163592694 -58.67568812426336 5.6
vertex 55.19306955833831 -58.800264860970316 5.6
vertex 55.193069558187375 -58.80026486098941 1
endloop
endfacet
facet normal 0.1246539603283168 -0.9922002772497429 0
outer loop
vertex 56.184655163592694 -58.67568812426336 5.6
vertex 55.193069558187375 -58.80026486098941 1
vertex 56.18465516366321 -58.67568812425463 1
endloop
endfacet
facet normal 0.1267881026924726 -0.9919298246426727 0
outer loop
vertex 55.19306955833831 -58.800264860970316 5.6
vertex 54.201754238328405 -58.92697441790828 5.6
vertex 54.20175423832106 -58.92697441790903 1
endloop
endfacet
facet normal 0.1267881026924726 -0.9919298246426727 0
outer loop
vertex 55.19306955833831 -58.800264860970316 5.6
vertex 54.20175423832106 -58.92697441790903 1
vertex 55.193069558187375 -58.80026486098941 1
endloop
endfacet
facet normal 0.12892165831829058 -0.9916547816737749 0
outer loop
vertex 54.201754238328405 -58.92697441790828 5.6
vertex 53.21071379034228 -59.055816208797665 5.6
vertex 53.210713790441325 -59.055816208784584 1
endloop
endfacet
facet normal 0.12892165831829058 -0.9916547816737749 0
outer loop
vertex 54.201754238328405 -58.92697441790828 5.6
vertex 53.210713790441325 -59.055816208784584 1
vertex 54.20175423832106 -58.92697441790903 1
endloop
endfacet
facet normal 0.13105461733236723 -0.9913751496158589 0
outer loop
vertex 53.21071379034228 -59.055816208797665 5.6
vertex 52.21995280183839 -59.18678963723849 5.6
vertex 52.2199528018132 -59.18678963724182 1
endloop
endfacet
facet normal 0.13105461733236723 -0.9913751496158589 0
outer loop
vertex 53.21071379034228 -59.055816208797665 5.6
vertex 52.2199528018132 -59.18678963724182 1
vertex 53.210713790441325 -59.055816208784584 1
endloop
endfacet
facet normal 0.13318696986391385 -0.9910909297629906 0
outer loop
vertex 52.21995280183839 -59.18678963723849 5.6
vertex 51.22947585665413 -59.31989409727092 5.6
vertex 51.229475856734936 -59.319894097260025 1
endloop
endfacet
facet normal 0.13318696986391385 -0.9910909297629906 0
outer loop
vertex 52.21995280183839 -59.18678963723849 5.6
vertex 51.229475856734936 -59.319894097260025 1
vertex 52.2199528018132 -59.18678963724182 1
endloop
endfacet
facet normal 0.1353187060448988 -0.9908021234304731 0
outer loop
vertex 51.22947585665413 -59.31989409727092 5.6
vertex 50.23928753917551 -59.45512897282616 5.6
vertex 50.239287539116724 -59.45512897283432 1
endloop
endfacet
facet normal 0.1353187060448988 -0.9908021234304731 0
outer loop
vertex 51.22947585665413 -59.31989409727092 5.6
vertex 50.239287539116724 -59.45512897283432 1
vertex 51.229475856734936 -59.319894097260025 1
endloop
endfacet
facet normal 0.1374498160104736 -0.9905087319547905 0
outer loop
vertex 50.23928753917551 -59.45512897282616 5.6
vertex 49.24939243110934 -59.59249363815812 5.6
vertex 49.24939243119894 -59.592493638145704 1
endloop
endfacet
facet normal 0.1374498160104736 -0.9905087319547905 0
outer loop
vertex 50.23928753917551 -59.45512897282616 5.6
vertex 49.24939243119894 -59.592493638145704 1
vertex 50.239287539116724 -59.45512897283432 1
endloop
endfacet
facet normal 0.13958028989843285 -0.9902107566936795 0
outer loop
vertex 49.24939243110934 -59.59249363815812 5.6
vertex 48.259795114076056 -59.73198745748951 5.6
vertex 48.25979511398816 -59.7319874575021 1
endloop
endfacet
facet normal 0.13958028989843285 -0.9902107566936795 0
outer loop
vertex 49.24939243110934 -59.59249363815812 5.6
vertex 48.25979511398816 -59.7319874575021 1
vertex 49.24939243119894 -59.592493638145704 1
endloop
endfacet
facet normal 0.14171011784941362 -0.9899081990261043 0
outer loop
vertex 48.259795114076056 -59.73198745748951 5.6
vertex 47.27050016701879 -59.87360978537126 5.6
vertex 47.270500167071546 -59.873609785363726 1
endloop
endfacet
facet normal 0.14171011784941362 -0.9899081990261043 0
outer loop
vertex 48.259795114076056 -59.73198745748951 5.6
vertex 47.270500167071546 -59.873609785363726 1
vertex 48.25979511398816 -59.7319874575021 1
endloop
endfacet
facet normal 0.14383929000743484 -0.9896010603521791 0
outer loop
vertex 47.27050016701879 -59.87360978537126 5.6
vertex 46.281512168109046 -60.017359966417374 5.6
vertex 46.281512168039065 -60.01735996642768 1
endloop
endfacet
facet normal 0.14383929000743484 -0.9896010603521791 0
outer loop
vertex 47.27050016701879 -59.87360978537126 5.6
vertex 46.281512168039065 -60.01735996642768 1
vertex 47.270500167071546 -59.873609785363726 1
endloop
endfacet
facet normal 0.14596779651917313 -0.9892893420932712 0
outer loop
vertex 46.281512168109046 -60.017359966417374 5.6
vertex 45.29283569500559 -60.163237335260646 5.6
vertex 45.2928356950334 -60.163237335256525 1
endloop
endfacet
facet normal 0.14596779651917313 -0.9892893420932712 0
outer loop
vertex 46.281512168109046 -60.017359966417374 5.6
vertex 45.2928356950334 -60.163237335256525 1
vertex 46.281512168039065 -60.01735996642768 1
endloop
endfacet
facet normal 0.1480956275344881 -0.9889730456919269 0
outer loop
vertex 45.29283569500559 -60.163237335260646 5.6
vertex 44.3044753219005 -60.31124121698707 5.6
vertex 44.304475321982586 -60.31124121697483 1
endloop
endfacet
facet normal 0.1480956275344881 -0.9889730456919269 0
outer loop
vertex 45.29283569500559 -60.163237335260646 5.6
vertex 44.304475321982586 -60.31124121697483 1
vertex 45.2928356950334 -60.163237335256525 1
endloop
endfacet
facet normal 0.15022277320655075 -0.988652172611851 0
outer loop
vertex 44.3044753219005 -60.31124121698707 5.6
vertex 43.31643562333424 -60.46137092657409 5.6
vertex 43.316435623122615 -60.46137092660647 1
endloop
endfacet
facet normal 0.15022277320655075 -0.988652172611851 0
outer loop
vertex 44.3044753219005 -60.31124121698707 5.6
vertex 43.316435623122615 -60.46137092660647 1
vertex 44.304475321982586 -60.31124121697483 1
endloop
endfacet
facet normal 0.15234922369123166 -0.988326724337999 0
outer loop
vertex 43.31643562333424 -60.46137092657409 5.6
vertex 42.328721171168624 -60.613625769340615 5.6
vertex 42.32872117116701 -60.61362576934063 1
endloop
endfacet
facet normal 0.15234922369123166 -0.988326724337999 0
outer loop
vertex 43.31643562333424 -60.46137092657409 5.6
vertex 42.32872117116701 -60.61362576934063 1
vertex 43.316435623122615 -60.46137092660647 1
endloop
endfacet
facet normal 0.9972034566042156 0.07473463813121871 -3.7511384249494305e-16
outer loop
vertex 26.428267299999177 -187.60733170000464 5.6
vertex 28.274738199998595 -212.2452667999988 5.6
vertex 28.274738199998914 -212.2452668000031 1
endloop
endfacet
facet normal 0.9972034566042156 0.07473463813121871 -3.7511384249494305e-16
outer loop
vertex 26.428267299999177 -187.60733170000464 5.6
vertex 28.274738199998914 -212.2452668000031 1
vertex 28.269748793307542 -212.17869186603062 1
endloop
endfacet
facet normal 0.9972034566042156 0.07473463813121871 -3.7511384249494305e-16
outer loop
vertex 26.428267299999177 -187.60733170000464 5.6
vertex 28.269748793307542 -212.17869186603062 1
vertex 28.210206392497696 -211.38420233096645 1
endloop
endfacet
facet normal 0.9972034566042156 0.07473463813121871 -3.7511384249494305e-16
outer loop
vertex 26.428267299999177 -187.60733170000464 5.6
vertex 28.210206392497696 -211.38420233096645 1
vertex 28.162953275670752 -210.75369186603143 1
endloop
endfacet
facet normal 0.9972034566042156 0.07473463813121871 -3.7511384249494305e-16
outer loop
vertex 26.428267299999177 -187.60733170000464 5.6
vertex 28.162953275670752 -210.75369186603143 1
vertex 28.13261490713443 -210.34887922855938 1
endloop
endfacet
facet normal 0.9972034566042156 0.07473463813121871 -3.7511384249494305e-16
outer loop
vertex 26.428267299999177 -187.60733170000464 5.6
vertex 28.13261490713443 -210.34887922855938 1
vertex 28.122161017780037 -210.2093903 1
endloop
endfacet
facet normal 0.9972034566042156 0.07473463813121871 -3.7511384249494305e-16
outer loop
vertex 26.428267299999177 -187.60733170000464 5.6
vertex 28.122161017780037 -210.2093903 1
vertex 26.428267299999195 -187.60733170000483 1
endloop
endfacet
facet normal 0 0 -1
outer loop
vertex 46.234856700001586 -225.02355960000182 5.6
vertex 46.417075703590825 -225.00460054159512 5.6
vertex 47.06429350040019 -224.93726047403982 5.6
endloop
endfacet
facet normal 0 0 -1
outer loop
vertex 46.234856700001586 -225.02355960000182 5.6
vertex 47.06429350040019 -224.93726047403982 5.6
vertex 47.22036024359772 -224.9210224393599 5.6
endloop
endfacet
facet normal 0 0 -1
outer loop
vertex 46.234856700001586 -225.02355960000182 5.6
vertex 47.22036024359772 -224.9210224393599 5.6
vertex 47.2203602433988 -224.9210224393805 1
endloop
endfacet
facet normal 0 0 -1
outer loop
vertex 46.234856700001586 -225.02355960000182 5.6
vertex 47.2203602433988 -224.9210224393805 1
vertex 46.23485669999537 -225.02355960000236 1
endloop
endfacet
facet normal 0 0 -1
outer loop
vertex 47.22036024359772 -224.9210224393599 5.6
vertex 47.70463545682765 -224.87136833523113 5.6
vertex 48.20601896484642 -224.81996006936188 5.6
endloop
endfacet
facet normal 0 0 -1
outer loop
vertex 47.22036024359772 -224.9210224393599 5.6
vertex 48.20601896484642 -224.81996006936188 5.6
vertex 48.20601896489325 -224.81996006935734 1
endloop
endfacet
facet normal 0 0 -1
outer loop
vertex 47.22036024359772 -224.9210224393599 5.6
vertex 48.20601896489325 -224.81996006935734 1
vertex 47.2203602433988 -224.9210224393805 1
endloop
endfacet
facet normal 0 0 1
outer loop
vertex 48.20601896484642 -224.81996006936188 5.6
vertex 48.3350532539789 -224.80692426703465 5.6
vertex 48.958614862044946 -224.74392840821096 5.6
endloop
endfacet
facet normal 0 0 1
outer loop
vertex 48.20601896484642 -224.81996006936188 5.6
vertex 48.958614862044946 -224.74392840821096 5.6
vertex 49.191827324833966 -224.7203679144414 5.6
endloop
endfacet
facet normal 0 0 1
outer loop
vertex 48.20601896484642 -224.81996006936188 5.6
vertex 49.191827324833966 -224.7203679144414 5.6
vertex 49.19182732491692 -224.7203679144332 1
endloop
endfacet
facet normal 0 0 1
outer loop
vertex 48.20601896484642 -224.81996006936188 5.6
vertex 49.19182732491692 -224.7203679144332 1
vertex 48.20601896489325 -224.81996006935734 1
endloop
endfacet
facet normal 0 0 1
outer loop
vertex 49.191827324833966 -224.7203679144414 5.6
vertex 49.57353204442052 -224.6823808943869 5.6
vertex 50.177424788974314 -224.6222818580874 5.6
endloop
endfacet
facet normal 0 0 1
outer loop
vertex 49.191827324833966 -224.7203679144414 5.6
vertex 50.177424788974314 -224.6222818580874 5.6
vertex 50.177783130864746 -224.6222461961218 5.6
endloop
endfacet
facet normal 0 0 1
outer loop
vertex 49.191827324833966 -224.7203679144414 5.6
vertex 50.177783130864746 -224.6222461961218 5.6
vertex 50.17778313074802 -224.62224619613352 1
endloop
endfacet
facet normal 0 0 1
outer loop
vertex 49.191827324833966 -224.7203679144414 5.6
vertex 50.17778313074802 -224.62224619613352 1
vertex 49.19182732491692 -224.7203679144332 1
endloop
endfacet
facet normal 0 0 -1
outer loop
vertex 50.177783130864746 -224.6222461961218 5.6
vertex 50.77581156582655 -224.56363142870921 5.6
vertex 51.163884183294776 -224.5255951333054 5.6
endloop
endfacet
facet normal 0 0 -1
outer loop
vertex 50.177783130864746 -224.6222461961218 5.6
vertex 51.163884183294776 -224.5255951333054 5.6
vertex 51.163884184611206 -224.52559513317664 1
endloop
endfacet
facet normal 0 0 -1
outer loop
vertex 50.177783130864746 -224.6222461961218 5.6
vertex 51.163884184611206 -224.52559513317664 1
vertex 50.17778313074802 -224.62224619613352 1
endloop
endfacet
facet normal 0 0 -1
outer loop
vertex 51.163884183294776 -224.5255951333054 5.6
vertex 51.36247343889752 -224.506429732527 5.6
vertex 51.940176722313694 -224.4506768927067 5.6
endloop
endfacet
facet normal 0 0 -1
outer loop
vertex 51.163884183294776 -224.5255951333054 5.6
vertex 51.940176722313694 -224.4506768927067 5.6
vertex 52.150128297021865 -224.43041494015986 5.6
endloop
endfacet
facet normal 0 0 -1
outer loop
vertex 51.163884183294776 -224.5255951333054 5.6
vertex 52.150128297021865 -224.43041494015986 5.6
vertex 52.15012829578858 -224.43041494027725 1
endloop
endfacet
facet normal 0 0 -1
outer loop
vertex 51.163884183294776 -224.5255951333054 5.6
vertex 52.15012829578858 -224.43041494027725 1
vertex 51.163884184611206 -224.52559513317664 1
endloop
endfacet
facet normal 0 0 -1
outer loop
vertex 52.150128297021865 -224.43041494015986 5.6
vertex 52.50845449382586 -224.39637302928682 5.6
vertex 53.06480542322079 -224.34351825918762 5.6
endloop
endfacet
facet normal 0 0 -1
outer loop
vertex 52.150128297021865 -224.43041494015986 5.6
vertex 53.06480542322079 -224.34351825918762 5.6
vertex 53.13651327702043 -224.33670582853165 5.6
endloop
endfacet
facet normal 0 0 -1
outer loop
vertex 52.150128297021865 -224.43041494015986 5.6
vertex 53.13651327702043 -224.33670582853165 5.6
vertex 53.13651327714287 -224.33670582852022 1
endloop
endfacet
facet normal 0 0 -1
outer loop
vertex 52.150128297021865 -224.43041494015986 5.6
vertex 53.13651327714287 -224.33670582852022 1
vertex 52.15012829578858 -224.43041494027725 1
endloop
endfacet
facet normal 0 0 1
outer loop
vertex 53.13651327702043 -224.33670582853165 5.6
vertex 53.61345623781787 -224.29211269621103 5.6
vertex 54.12303692107018 -224.2444680076338 5.6
endloop
endfacet
facet normal 0 0 1
outer loop
vertex 53.13651327702043 -224.33670582853165 5.6
vertex 54.12303692107018 -224.2444680076338 5.6
vertex 54.12303692094611 -224.24446800764548 1
endloop
endfacet
facet normal 0 0 1
outer loop
vertex 53.13651327702043 -224.33670582853165 5.6
vertex 54.12303692094611 -224.24446800764548 1
vertex 53.13651327714287 -224.33670582852022 1
endloop
endfacet
facet normal 0 0 1
outer loop
vertex 54.12303692107018 -224.2444680076338 5.6
vertex 54.14816430937271 -224.24215645103828 5.6
vertex 54.67544955910844 -224.19364963122598 5.6
endloop
endfacet
facet normal 0 0 1
outer loop
vertex 54.12303692107018 -224.2444680076338 5.6
vertex 54.67544955910844 -224.19364963122598 5.6
vertex 55.10969703916009 -224.15370168221855 5.6
endloop
endfacet
facet normal 0 0 1
outer loop
vertex 54.12303692107018 -224.2444680076338 5.6
vertex 55.10969703916009 -224.15370168221855 5.6
vertex 55.1096970392635 -224.1537016822093 1
endloop
endfacet
facet normal 0 0 1
outer loop
vertex 54.12303692107018 -224.2444680076338 5.6
vertex 55.1096970392635 -224.1537016822093 1
vertex 54.12303692094611 -224.24446800764548 1
endloop
endfacet
facet normal 0 0 -1
outer loop
vertex 55.10969703916009 -224.15370168221855 5.6
vertex 55.18826232379002 -224.14659234121916 5.6
vertex 55.69227228787031 -224.10098468233247 5.6
endloop
endfacet
facet normal 0 0 -1
outer loop
vertex 55.10969703916009 -224.15370168221855 5.6
vertex 55.69227228787031 -224.10098468233247 5.6
vertex 56.09649144519278 -224.0644070534035 5.6
endloop
endfacet
facet normal 0 0 -1
outer loop
vertex 55.10969703916009 -224.15370168221855 5.6
vertex 56.09649144519278 -224.0644070534035 5.6
vertex 56.0964914452205 -224.0644070534011 1
endloop
endfacet
facet normal 0 0 -1
outer loop
vertex 55.10969703916009 -224.15370168221855 5.6
vertex 56.0964914452205 -224.0644070534011 1
vertex 55.1096970392635 -224.1537016822093 1
endloop
endfacet
facet normal 0 0 1
outer loop
vertex 56.09649144519278 -224.0644070534035 5.6
vertex 56.181676673070456 -224.0568267527637 5.6
vertex 56.6616180163656 -224.01411864758762 5.6
endloop
endfacet
facet normal 0 0 1
outer loop
vertex 56.09649144519278 -224.0644070534035 5.6
vertex 56.6616180163656 -224.01411864758762 5.6
vertex 57.08341792495455 -223.9765843215477 5.6
endloop
endfacet
facet normal 0 0 1
outer loop
vertex 56.09649144519278 -224.0644070534035 5.6
vertex 57.08341792495455 -223.9765843215477 5.6
vertex 57.08341792499168 -223.9765843215445 1
endloop
endfacet
facet normal 0 0 1
outer loop
vertex 56.09649144519278 -224.0644070534035 5.6
vertex 57.08341792499168 -223.9765843215445 1
vertex 56.0964914452205 -224.0644070534011 1
endloop
endfacet
facet normal 0 0 -1
outer loop
vertex 57.08341792495455 -223.9765843215477 5.6
vertex 57.125984632705624 -223.97286045876263 5.6
vertex 57.581023772751585 -223.93305227511635 5.6
endloop
endfacet
facet normal 0 0 -1
outer loop
vertex 57.08341792495455 -223.9765843215477 5.6
vertex 57.581023772751585 -223.93305227511635 5.6
vertex 58.01948722275275 -223.89469418236402 5.6
endloop
endfacet
facet normal 0 0 -1
outer loop
vertex 57.08341792495455 -223.9765843215477 5.6
vertex 58.01948722275275 -223.89469418236402 5.6
vertex 58.07047430490834 -223.89023368006562 5.6
endloop
endfacet
facet normal 0 0 -1
outer loop
vertex 57.08341792495455 -223.9765843215477 5.6
vertex 58.07047430490834 -223.89023368006562 5.6
vertex 58.07047430491822 -223.8902336800648 1
endloop
endfacet
facet normal 0 0 -1
outer loop
vertex 57.08341792495455 -223.9765843215477 5.6
vertex 58.07047430491822 -223.8902336800648 1
vertex 57.08341792499168 -223.9765843215445 1
endloop
endfacet
facet normal 0 0 -1
outer loop
vertex 58.07047430490834 -223.89023368006562 5.6
vertex 58.44785640798723 -223.85778626308866 5.6
vertex 58.860249440664596 -223.8223285967592 5.6
endloop
endfacet
facet normal 0 0 -1
outer loop
vertex 58.07047430490834 -223.89023368006562 5.6
vertex 58.860249440664596 -223.8223285967592 5.6
vertex 59.057658370677984 -223.80535532268271 5.6
endloop
endfacet
facet normal 0 0 -1
outer loop
vertex 58.07047430490834 -223.89023368006562 5.6
vertex 59.057658370677984 -223.80535532268271 5.6
vertex 59.05765837067091 -223.80535532268334 1
endloop
endfacet
facet normal 0 0 -1
outer loop
vertex 58.07047430490834 -223.89023368006562 5.6
vertex 59.05765837067091 -223.80535532268334 1
vertex 58.07047430491822 -223.8902336800648 1
endloop
endfacet
facet normal 0 0 -1
outer loop
vertex 59.057658370677984 -223.80535532268271 5.6
vertex 59.259297538415346 -223.78832125971974 5.6
vertex 59.6446872834764 -223.75576432519 5.6
endloop
endfacet
facet normal 0 0 -1
outer loop
vertex 59.057658370677984 -223.80535532268271 5.6
vertex 59.6446872834764 -223.75576432519 5.6
vertex 60.01290719125767 -223.7246578632672 5.6
endloop
endfacet
facet normal 0 0 -1
outer loop
vertex 59.057658370677984 -223.80535532268271 5.6
vertex 60.01290719125767 -223.7246578632672 5.6
vertex 60.04496793332593 -223.72194943759197 5.6
endloop
endfacet
facet normal 0 0 -1
outer loop
vertex 59.057658370677984 -223.80535532268271 5.6
vertex 60.04496793332593 -223.72194943759197 5.6
vertex 60.04496793327012 -223.72194943759672 1
endloop
endfacet
facet normal 0 0 -1
outer loop
vertex 59.057658370677984 -223.80535532268271 5.6
vertex 60.04496793327012 -223.72194943759672 1
vertex 59.05765837067091 -223.80535532268334 1
endloop
endfacet
facet normal 0 0 1
outer loop
vertex 60.04496793332593 -223.72194943759197 5.6
vertex 60.36973048299132 -223.69500194092794 5.6
vertex 60.709651901148916 -223.66679662202256 5.6
endloop
endfacet
facet normal 0 0 1
outer loop
vertex 60.04496793332593 -223.72194943759197 5.6
vertex 60.709651901148916 -223.66679662202256 5.6
vertex 61.03209038208923 -223.64004196728035 5.6
endloop
endfacet
facet normal 0 0 1
outer loop
vertex 60.04496793332593 -223.72194943759197 5.6
vertex 61.03209038208923 -223.64004196728035 5.6
vertex 61.03240080513138 -223.64001620961864 5.6
endloop
endfacet
facet normal 0 0 1
outer loop
vertex 60.04496793332593 -223.72194943759197 5.6
vertex 61.03240080513138 -223.64001620961864 5.6
vertex 61.03240080515427 -223.64001620961685 1
endloop
endfacet
facet normal 0 0 1
outer loop
vertex 60.04496793332593 -223.72194943759197 5.6
vertex 61.03240080515427 -223.64001620961685 1
vertex 60.04496793327012 -223.72194943759672 1
endloop
endfacet
facet normal 0 0 -1
outer loop
vertex 61.03240080513138 -223.64001620961864 5.6
vertex 61.34265984305655 -223.61473803430576 5.6
vertex 61.63542850081021 -223.5908848775813 5.6
endloop
endfacet
facet normal 0 0 -1
outer loop
vertex 61.03240080513138 -223.64001620961864 5.6
vertex 61.63542850081021 -223.5908848775813 5.6
vertex 61.910390003890264 -223.5684825484642 5.6
endloop
endfacet
facet normal 0 0 -1
outer loop
vertex 61.03240080513138 -223.64001620961864 5.6
vertex 61.910390003890264 -223.5684825484642 5.6
vertex 62.01995477294082 -223.55955582240105 5.6
endloop
endfacet
facet normal 0 0 -1
outer loop
vertex 61.03240080513138 -223.64001620961864 5.6
vertex 62.01995477294082 -223.55955582240105 5.6
vertex 62.01995477304046 -223.559555822393 1
endloop
endfacet
facet normal 0 0 -1
outer loop
vertex 61.03240080513138 -223.64001620961864 5.6
vertex 62.01995477304046 -223.559555822393 1
vertex 61.03240080515427 -223.64001620961685 1
endloop
endfacet
facet normal 0 0 -1
outer loop
vertex 62.01995477294082 -223.55955582240105 5.6
vertex 62.170314218711646 -223.54753109518867 5.6
vertex 62.41415253459491 -223.528030562865 5.6
endloop
endfacet
facet normal 0 0 -1
outer loop
vertex 62.01995477294082 -223.55955582240105 5.6
vertex 62.41415253459491 -223.528030562865 5.6
vertex 62.63984773758948 -223.50998099347987 5.6
endloop
endfacet
facet normal 0 0 -1
outer loop
vertex 62.01995477294082 -223.55955582240105 5.6
vertex 62.63984773758948 -223.50998099347987 5.6
vertex 62.8473993417587 -223.49338242589516 5.6
endloop
endfacet
facet normal 0 0 -1
outer loop
vertex 62.01995477294082 -223.55955582240105 5.6
vertex 62.8473993417587 -223.49338242589516 5.6
vertex 63.007627651593026 -223.48056845396556 5.6
endloop
endfacet
facet normal 0 0 -1
outer loop
vertex 62.01995477294082 -223.55955582240105 5.6
vertex 63.007627651593026 -223.48056845396556 5.6
vertex 63.00762765151366 -223.4805684539718 1
endloop
endfacet
facet normal 0 0 -1
outer loop
vertex 62.01995477294082 -223.55955582240105 5.6
vertex 63.00762765151366 -223.4805684539718 1
vertex 62.01995477304046 -223.559555822393 1
endloop
endfacet
facet normal 0 0 -1
outer loop
vertex 63.007627651593026 -223.48056845396556 5.6
vertex 63.037364979659806 -223.47823489584968 5.6
vertex 63.21190364592124 -223.46453843595677 5.6
endloop
endfacet
facet normal 0 0 -1
outer loop
vertex 63.007627651593026 -223.48056845396556 5.6
vertex 63.21190364592124 -223.46453843595677 5.6
vertex 63.3679504538356 -223.45229307570625 5.6
endloop
endfacet
facet normal 0 0 -1
outer loop
vertex 63.007627651593026 -223.48056845396556 5.6
vertex 63.3679504538356 -223.45229307570625 5.6
vertex 63.50550506742142 -223.44149884146339 5.6
endloop
endfacet
facet normal 0 0 -1
outer loop
vertex 63.007627651593026 -223.48056845396556 5.6
vertex 63.50550506742142 -223.44149884146339 5.6
vertex 63.624567190509964 -223.43215575646923 5.6
endloop
endfacet
facet normal 0 0 -1
outer loop
vertex 63.007627651593026 -223.48056845396556 5.6
vertex 63.624567190509964 -223.43215575646923 5.6
vertex 63.72513656675214 -223.4242638408401 5.6
endloop
endfacet
facet normal 0 0 -1
outer loop
vertex 63.007627651593026 -223.48056845396556 5.6
vertex 63.72513656675214 -223.4242638408401 5.6
vertex 63.95058606012941 -223.40657228853217 5.6
endloop
endfacet
facet normal 0 0 -1
outer loop
vertex 63.007627651593026 -223.48056845396556 5.6
vertex 63.95058606012941 -223.40657228853217 5.6
vertex 63.995417243071344 -223.40305428010305 5.6
endloop
endfacet
facet normal 0 0 -1
outer loop
vertex 63.007627651593026 -223.48056845396556 5.6
vertex 63.995417243071344 -223.40305428010305 5.6
vertex 63.99541724303575 -223.40305428010586 1
endloop
endfacet
facet normal 0 0 -1
outer loop
vertex 63.007627651593026 -223.48056845396556 5.6
vertex 63.99541724303575 -223.40305428010586 1
vertex 63.00762765151366 -223.4805684539718 1
endloop
endfacet
facet normal -0.07674484209076117 0.9970507656145018 0
outer loop
vertex 63.995417243071344 -223.40305428010305 5.6
vertex 64.98332134393812 -223.32701347372034 5.6
vertex 64.98332134390459 -223.32701347372299 1
endloop
endfacet
facet normal -0.07674484209076117 0.9970507656145018 0
outer loop
vertex 63.995417243071344 -223.40305428010305 5.6
vertex 64.98332134390459 -223.32701347372299 1
vertex 63.99541724303575 -223.40305428010586 1
endloop
endfacet
facet normal -0.07525766278115488 0.9971641209914837 0
outer loop
vertex 64.98332134393812 -223.32701347372034 5.6
vertex 65.97133776297797 -223.2524462034776 5.6
vertex 65.97133776304072 -223.25244620347297 1
endloop
endfacet
facet normal -0.07525766278115488 0.9971641209914837 0
outer loop
vertex 64.98332134393812 -223.32701347372034 5.6
vertex 65.97133776304072 -223.25244620347297 1
vertex 64.98332134390459 -223.32701347372299 1
endloop
endfacet
facet normal -0.07377031605676632 0.9972752581253006 0
outer loop
vertex 65.97133776297797 -223.2524462034776 5.6
vertex 66.95946429859283 -223.17935263553588 5.6
vertex 66.95946429846012 -223.1793526355457 1
endloop
endfacet
facet normal -0.07377031605676632 0.9972752581253006 0
outer loop
vertex 65.97133776297797 -223.2524462034776 5.6
vertex 66.95946429846012 -223.1793526355457 1
vertex 65.97133776304072 -223.25244620347297 1
endloop
endfacet
facet normal -0.07228280522673466 0.9973841767686883 0
outer loop
vertex 66.95946429859283 -223.17935263553588 5.6
vertex 67.94769875267299 -223.1077329324902 5.6
vertex 67.94769875274358 -223.1077329324853 1
endloop
endfacet
facet normal -0.07228280522673466 0.9973841767686883 0
outer loop
vertex 66.95946429859283 -223.17935263553588 5.6
vertex 67.94769875274358 -223.1077329324853 1
vertex 66.95946429846012 -223.1793526355457 1
endloop
endfacet
facet normal -0.07079513359963131 0.9974908766793862 0
outer loop
vertex 67.94769875267299 -223.1077329324902 5.6
vertex 68.93603892894212 -223.03758725351037 5.6
vertex 68.93603892891986 -223.03758725351207 1
endloop
endfacet
facet normal -0.07079513359963131 0.9974908766793862 0
outer loop
vertex 67.94769875267299 -223.1077329324902 5.6
vertex 68.93603892891986 -223.03758725351207 1
vertex 67.94769875274358 -223.1077329324853 1
endloop
endfacet
facet normal -0.06930730448522138 0.9975953576200086 0
outer loop
vertex 68.93603892894212 -223.03758725351037 5.6
vertex 69.92448262637988 -222.96891575480947 5.6
vertex 69.92448262640181 -222.9689157548081 1
endloop
endfacet
facet normal -0.06930730448522138 0.9975953576200086 0
outer loop
vertex 68.93603892894212 -223.03758725351037 5.6
vertex 69.92448262640181 -222.9689157548081 1
vertex 68.93603892891986 -223.03758725351207 1
endloop
endfacet
facet normal -0.06781932119332625 0.9976976193581282 0
outer loop
vertex 69.92448262637988 -222.96891575480947 5.6
vertex 70.9130276511896 -222.90171858880365 5.6
vertex 70.91302765126848 -222.9017185887984 1
endloop
endfacet
facet normal -0.06781932119332625 0.9976976193581282 0
outer loop
vertex 69.92448262637988 -222.96891575480947 5.6
vertex 70.91302765126848 -222.9017185887984 1
vertex 69.92448262640181 -222.9689157548081 1
endloop
endfacet
facet normal -0.06633118703342686 0.9977976616663002 0
outer loop
vertex 70.9130276511896 -222.90171858880365 5.6
vertex 71.90167179478486 -222.83599590562076 5.6
vertex 71.90167179396296 -222.8359959056754 1
endloop
endfacet
facet normal -0.06633118703342686 0.9977976616663002 0
outer loop
vertex 70.9130276511896 -222.90171858880365 5.6
vertex 71.90167179396296 -222.8359959056754 1
vertex 70.91302765126848 -222.9017185887984 1
endloop
endfacet
facet normal -0.06484290531653872 0.9978954843219356 0
outer loop
vertex 71.90167179478486 -222.83599590562076 5.6
vertex 72.89041286888455 -222.77174785073157 5.6
vertex 72.8904128695803 -222.77174785068755 1
endloop
endfacet
facet normal -0.06484290531653872 0.9978954843219356 0
outer loop
vertex 71.90167179478486 -222.83599590562076 5.6
vertex 72.8904128695803 -222.77174785068755 1
vertex 71.90167179396296 -222.8359959056754 1
endloop
endfacet
facet normal -0.06335447935339285 0.9979910871074253 0
outer loop
vertex 72.89041286888455 -222.77174785073157 5.6
vertex 73.87924866578275 -222.70897456759528 5.6
vertex 73.87924866585128 -222.70897456759107 1
endloop
endfacet
facet normal -0.06335447935339285 0.9979910871074253 0
outer loop
vertex 72.89041286888455 -222.77174785073157 5.6
vertex 73.87924866585128 -222.70897456759107 1
vertex 72.8904128695803 -222.77174785068755 1
endloop
endfacet
facet normal -0.06186591245472073 0.9980844698101183 0
outer loop
vertex 73.87924866578275 -222.70897456759528 5.6
vertex 74.86817699074011 -222.6476761955372 5.6
vertex 74.86817699076647 -222.6476761955356 1
endloop
endfacet
facet normal -0.06186591245472073 0.9980844698101183 0
outer loop
vertex 73.87924866578275 -222.70897456759528 5.6
vertex 74.86817699076647 -222.6476761955356 1
vertex 73.87924866585128 -222.70897456759107 1
endloop
endfacet
facet normal -0.06037720793221982 0.9981756322222606 0
outer loop
vertex 74.86817699074011 -222.6476761955372 5.6
vertex 75.85719563823848 -222.58785287126318 5.6
vertex 75.85719563803764 -222.58785287127535 1
endloop
endfacet
facet normal -0.06037720793221982 0.9981756322222606 0
outer loop
vertex 74.86817699074011 -222.6476761955372 5.6
vertex 75.85719563803764 -222.58785287127535 1
vertex 74.86817699076647 -222.6476761955356 1
endloop
endfacet
facet normal -0.05888836909753081 0.9982645741410607 0
outer loop
vertex 75.85719563823848 -222.58785287126318 5.6
vertex 76.8463024152017 -222.52950472742685 5.6
vertex 76.84630241614002 -222.52950472737183 1
endloop
endfacet
facet normal -0.05888836909753081 0.9982645741410607 0
outer loop
vertex 75.85719563823848 -222.58785287126318 5.6
vertex 76.84630241614002 -222.52950472737183 1
vertex 75.85719563803764 -222.58785287127535 1
endloop
endfacet
facet normal -0.05739939926269243 0.9983512953686604 0
outer loop
vertex 76.8463024152017 -222.52950472742685 5.6
vertex 77.83549511798519 -222.47263189402818 5.6
vertex 77.83549511738542 -222.47263189406164 1
endloop
endfacet
facet normal -0.05739939926269243 0.9983512953686604 0
outer loop
vertex 76.8463024152017 -222.52950472742685 5.6
vertex 77.83549511738542 -222.47263189406164 1
vertex 76.84630241614002 -222.52950472737183 1
endloop
endfacet
facet normal -0.05591030173974333 0.9984357957121583 0
outer loop
vertex 77.83549511798519 -222.47263189402818 5.6
vertex 78.82477154305417 -222.41723449775378 5.6
vertex 78.82477154289383 -222.41723449776262 1
endloop
endfacet
facet normal -0.05591030173974333 0.9984357957121583 0
outer loop
vertex 77.83549511798519 -222.47263189402818 5.6
vertex 78.82477154289383 -222.41723449776262 1
vertex 77.83549511738542 -222.47263189406164 1
endloop
endfacet
facet normal -0.05442107984146109 0.9985180749835675 0
outer loop
vertex 78.82477154305417 -222.41723449775378 5.6
vertex 79.81412949407834 -222.36331266159138 5.6
vertex 79.81412949410621 -222.36331266158996 1
endloop
endfacet
facet normal -0.05442107984146109 0.9985180749835675 0
outer loop
vertex 78.82477154305417 -222.41723449775378 5.6
vertex 79.81412949410621 -222.36331266158996 1
vertex 78.82477154289383 -222.41723449776262 1
endloop
endfacet
facet normal -0.052931736880765405 0.9985981329998497 0
outer loop
vertex 79.81412949407834 -222.36331266159138 5.6
vertex 80.80356676899773 -222.3108665055599 5.6
vertex 80.80356676897964 -222.3108665055609 1
endloop
endfacet
facet normal -0.052931736880765405 0.9985981329998497 0
outer loop
vertex 79.81412949407834 -222.36331266159138 5.6
vertex 80.80356676897964 -222.3108665055609 1
vertex 79.81412949410621 -222.36331266158996 1
endloop
endfacet
facet normal -0.05144227617068969 0.9986759695829166 0
outer loop
vertex 80.80356676899773 -222.3108665055599 5.6
vertex 81.79308116726828 -222.25989614630316 5.6
vertex 81.79308116775721 -222.25989614627807 1
endloop
endfacet
facet normal -0.05144227617068969 0.9986759695829166 0
outer loop
vertex 80.80356676899773 -222.3108665055599 5.6
vertex 81.79308116775721 -222.25989614627807 1
vertex 80.80356676897964 -222.3108665055609 1
endloop
endfacet
facet normal -0.049952701024437815 0.9987515845596258 0
outer loop
vertex 81.79308116726828 -222.25989614630316 5.6
vertex 82.78267048466918 -222.21040169735974 5.6
vertex 82.78267048416102 -222.21040169738455 1
endloop
endfacet
facet normal -0.049952701024437815 0.9987515845596258 0
outer loop
vertex 81.79308116726828 -222.25989614630316 5.6
vertex 82.78267048416102 -222.21040169738455 1
vertex 81.79308116775721 -222.25989614627807 1
endloop
endfacet
facet normal -0.048463014756066534 0.9988249777617465 0
outer loop
vertex 82.78267048466918 -222.21040169735974 5.6
vertex 83.7723325235042 -222.16238326864658 5.6
vertex 83.77233252353663 -222.16238326864516 1
endloop
endfacet
facet normal -0.048463014756066534 0.9988249777617465 0
outer loop
vertex 82.78267048466918 -222.21040169735974 5.6
vertex 83.77233252353663 -222.16238326864516 1
vertex 82.78267048416102 -222.21040169738455 1
endloop
endfacet
facet normal -0.04697322067897856 0.9988961490260357 0
outer loop
vertex 83.7723325235042 -222.16238326864658 5.6
vertex 84.76206508083811 -222.1158409670528 5.6
vertex 84.76206508084931 -222.1158409670524 1
endloop
endfacet
facet normal -0.04697322067897856 0.9988961490260357 0
outer loop
vertex 83.7723325235042 -222.16238326864658 5.6
vertex 84.76206508084931 -222.1158409670524 1
vertex 83.77233252353663 -222.16238326864516 1
endloop
endfacet
facet normal -0.04548332210765694 0.9989650981941517 0
outer loop
vertex 84.76206508083811 -222.1158409670528 5.6
vertex 85.75186595398243 -222.07077489615898 5.6
vertex 85.75186595392302 -222.0707748961618 1
endloop
endfacet
facet normal -0.04548332210765694 0.9989650981941517 0
outer loop
vertex 84.76206508083811 -222.1158409670528 5.6
vertex 85.75186595392302 -222.0707748961618 1
vertex 84.76206508084931 -222.1158409670524 1
endloop
endfacet
facet normal -0.04399332235635713 0.9990318251127187 0
outer loop
vertex 85.75186595398243 -222.07077489615898 5.6
vertex 86.74173294251084 -222.02718515615112 5.6
vertex 86.74173294257903 -222.0271851561483 1
endloop
endfacet
facet normal -0.04399332235635713 0.9990318251127187 0
outer loop
vertex 85.75186595398243 -222.07077489615898 5.6
vertex 86.74173294257903 -222.0271851561483 1
vertex 85.75186595392302 -222.0707748961618 1
endloop
endfacet
facet normal -0.042503224739448314 0.9990963296333082 0
outer loop
vertex 86.74173294251084 -222.02718515615112 5.6
vertex 87.73166384387385 -221.98507184402175 5.6
vertex 87.73166384396477 -221.98507184401797 1
endloop
endfacet
facet normal -0.042503224739448314 0.9990963296333082 0
outer loop
vertex 86.74173294251084 -222.02718515615112 5.6
vertex 87.73166384396477 -221.98507184401797 1
vertex 86.74173294257903 -222.0271851561483 1
endloop
endfacet
facet normal -0.041013032572209326 0.9991586116124062 0
outer loop
vertex 87.73166384387385 -221.98507184402175 5.6
vertex 88.72165645454072 -221.94443505351057 5.6
vertex 88.72165645438812 -221.9444350535168 1
endloop
endfacet
facet normal -0.041013032572209326 0.9991586116124062 0
outer loop
vertex 87.73166384387385 -221.98507184402175 5.6
vertex 88.72165645438812 -221.9444350535168 1
vertex 87.73166384396477 -221.98507184401797 1
endloop
endfacet
facet normal -0.03952274916906618 0.9992186709114874 0
outer loop
vertex 88.72165645454072 -221.94443505351057 5.6
vertex 89.7117085745288 -221.90527487492133 5.6
vertex 89.7117085747015 -221.9052748749147 1
endloop
endfacet
facet normal -0.03952274916906618 0.9992186709114874 0
outer loop
vertex 88.72165645454072 -221.94443505351057 5.6
vertex 89.7117085747015 -221.9052748749147 1
vertex 88.72165645438812 -221.9444350535168 1
endloop
endfacet
facet normal -0.03803237784575228 0.9992765073969256 0
outer loop
vertex 89.7117085745288 -221.90527487492133 5.6
vertex 90.70181800219311 -221.86759139534104 5.6
vertex 90.70181800208127 -221.86759139534524 1
endloop
endfacet
facet normal -0.03803237784575228 0.9992765073969256 0
outer loop
vertex 89.7117085745288 -221.90527487492133 5.6
vertex 90.70181800208127 -221.86759139534524 1
vertex 89.7117085747015 -221.9052748749147 1
endloop
endfacet
facet normal -0.03654192191737593 0.999332120940073 0
outer loop
vertex 90.70181800219311 -221.86759139534104 5.6
vertex 91.69198253030812 -221.83138469877483 5.6
vertex 91.69198253024405 -221.8313846987773 1
endloop
endfacet
facet normal -0.03654192191737593 0.999332120940073 0
outer loop
vertex 90.70181800219311 -221.86759139534104 5.6
vertex 91.69198253024405 -221.8313846987773 1
vertex 90.70181800208127 -221.86759139534524 1
endloop
endfacet
facet normal -0.035051384699499956 0.9993855114172148 0
outer loop
vertex 91.69198253030812 -221.83138469877483 5.6
vertex 92.68219995866876 -221.7966548656713 5.6
vertex 92.6821999586751 -221.7966548656713 1
endloop
endfacet
facet normal -0.035051384699499956 0.9993855114172148 0
outer loop
vertex 91.69198253030812 -221.83138469877483 5.6
vertex 92.6821999586751 -221.7966548656713 1
vertex 91.69198253024405 -221.8313846987773 1
endloop
endfacet
facet normal -0.03356076950819898 0.9994366787095708 0
outer loop
vertex 92.68219995866876 -221.7966548656713 5.6
vertex 93.6724680879372 -221.76340197317128 5.6
vertex 93.67246808801889 -221.76340197316875 1
endloop
endfacet
facet normal -0.03356076950819898 0.9994366787095708 0
outer loop
vertex 92.68219995866876 -221.7966548656713 5.6
vertex 93.67246808801889 -221.76340197316875 1
vertex 92.6821999586751 -221.7966548656713 1
endloop
endfacet
facet normal -0.03207007965903586 0.99948562270333 0
outer loop
vertex 93.6724680879372 -221.76340197317128 5.6
vertex 94.66278471224705 -221.73162609535186 5.6
vertex 94.66278471222553 -221.73162609535265 1
endloop
endfacet
facet normal -0.03207007965903586 0.99948562270333 0
outer loop
vertex 93.6724680879372 -221.76340197317128 5.6
vertex 94.66278471222553 -221.73162609535265 1
vertex 93.67246808801889 -221.76340197316875 1
endloop
endfacet
facet normal -0.03057931846836936 0.9995323432896057 0
outer loop
vertex 94.66278471224705 -221.73162609535186 5.6
vertex 95.65314762472349 -221.70132730301842 5.6
vertex 95.6531476247866 -221.70132730301663 1
endloop
endfacet
facet normal -0.03057931846836936 0.9995323432896057 0
outer loop
vertex 94.66278471224705 -221.73162609535186 5.6
vertex 95.6531476247866 -221.70132730301663 1
vertex 94.66278471222553 -221.73162609535265 1
endloop
endfacet
facet normal 0 0 -1
outer loop
vertex 193.65667980000092 -186.55936640000382 5.6
vertex 186.80294034968585 -165.22419899999997 5.6
vertex 186.7693154000007 -165.11952710000284 5.6
endloop
endfacet
facet normal 0 0 -1
outer loop
vertex 193.65667980000092 -186.55936640000382 5.6
vertex 186.7693154000007 -165.11952710000284 5.6
vertex 186.76931540000064 -165.11952710000486 1
endloop
endfacet
facet normal 0 0 -1
outer loop
vertex 193.65667980000092 -186.55936640000382 5.6
vertex 186.76931540000064 -165.11952710000486 1
vertex 187.10596526004147 -166.16749240000317 1
endloop
endfacet
facet normal 0 0 -1
outer loop
vertex 193.65667980000092 -186.55936640000382 5.6
vertex 187.10596526004147 -166.16749240000317 1
vertex 193.6566798000017 -186.55936640000857 1
endloop
endfacet
facet normal -0.052335958657550925 -0.9986295346280297 0
outer loop
vertex 192.26131989999752 -60.32584030000338 5.6
vertex 177.7562259000593 -59.565660500006345 5.6
vertex 177.75622590005722 -59.565660500006324 1
endloop
endfacet
facet normal -0.052335958657550925 -0.9986295346280297 0
outer loop
vertex 192.26131989999752 -60.32584030000338 5.6
vertex 177.75622590005722 -59.565660500006324 1
vertex 192.26131989999755 -60.32584030000346 1
endloop
endfacet
facet normal -0.08787735509699246 -0.996131301817766 0
outer loop
vertex 154.92149045695732 -56.95566670405883 5.6
vertex 153.92597626485892 -56.86784378954597 5.6
vertex 153.92597626486355 -56.86784378954632 1
endloop
endfacet
facet normal -0.08787735509699246 -0.996131301817766 0
outer loop
vertex 154.92149045695732 -56.95566670405883 5.6
vertex 153.92597626486355 -56.86784378954632 1
vertex 154.9214904569421 -56.95566670405742 1
endloop
endfacet
facet normal 0.052335960866282706 -0.998629534512275 -1.2034515957034282e-14
outer loop
vertex 42.328721171168624 -60.613625769340615 5.6
vertex 31.27350459666386 -61.19300517082621 5.600000000000001
vertex 31.273504596664846 -61.19300517082614 4
endloop
endfacet
facet normal 0.052335960866282706 -0.998629534512275 -1.2034515957034282e-14
outer loop
vertex 42.328721171168624 -60.613625769340615 5.6
vertex 31.273504596664846 -61.19300517082614 4
vertex 31.27350459666482 -61.19300517082613 1
endloop
endfacet
facet normal 0.052335960866282706 -0.998629534512275 -1.2034515957034282e-14
outer loop
vertex 42.328721171168624 -60.613625769340615 5.6
vertex 31.27350459666482 -61.19300517082613 1
vertex 42.32872117116701 -60.61362576934063 1
endloop
endfacet
facet normal 0.052335960866287216 -0.9986295345122749 0
outer loop
vertex 31.27350459666386 -61.19300517082621 5.600000000000001
vertex 29.965758716387192 -61.26154123434914 5.600000000000001
vertex 29.965758716387494 -61.2615412343491 4
endloop
endfacet
facet normal 0.052335960866287216 -0.9986295345122749 0
outer loop
vertex 31.27350459666386 -61.19300517082621 5.600000000000001
vertex 29.965758716387494 -61.2615412343491 4
vertex 31.273504596664846 -61.19300517082614 4
endloop
endfacet
facet normal 0.0523359608663154 -0.9986295345122732 -1.2296249954881585e-14
outer loop
vertex 29.965758716387494 -61.2615412343491 4
vertex 29.965758716387192 -61.26154123434914 5.600000000000001
vertex 27.823627199999876 -61.37380559999991 5.6
endloop
endfacet
facet normal 0.0523359608663154 -0.9986295345122732 -1.2296249954881585e-14
outer loop
vertex 29.965758716387494 -61.2615412343491 4
vertex 27.823627199999876 -61.37380559999991 5.6
vertex 27.823627199999645 -61.37380559999985 1
endloop
endfacet
facet normal 0.0523359608663154 -0.9986295345122732 -1.2296249954881585e-14
outer loop
vertex 29.965758716387494 -61.2615412343491 4
vertex 27.823627199999645 -61.37380559999985 1
vertex 29.965758716387505 -61.2615412343491 1
endloop
endfacet
facet normal 0.9986295347087937 0.0523359571164796 9.766992989583916e-16
outer loop
vertex 27.823627199999876 -61.37380559999991 5.6
vertex 27.937961006381972 -63.55542455109167 5.600000000000001
vertex 27.937961006382032 -63.55542455109279 4
endloop
endfacet
facet normal 0.9986295347087937 0.0523359571164796 9.766992989583916e-16
outer loop
vertex 27.823627199999876 -61.37380559999991 5.6
vertex 27.937961006382032 -63.55542455109279 4
vertex 27.937961006382032 -63.55542455109282 1
endloop
endfacet
facet normal 0.9986295347087937 0.0523359571164796 9.766992989583916e-16
outer loop
vertex 27.823627199999876 -61.37380559999991 5.6
vertex 27.937961006382032 -63.55542455109282 1
vertex 27.908923476914406 -63.00135549151617 1
endloop
endfacet
facet normal 0.9986295347087937 0.0523359571164796 9.766992989583916e-16
outer loop
vertex 27.823627199999876 -61.37380559999991 5.6
vertex 27.908923476914406 -63.00135549151617 1
vertex 27.864000194433775 -62.14416821240108 1
endloop
endfacet
facet normal 0.9986295347087937 0.0523359571164796 9.766992989583916e-16
outer loop
vertex 27.823627199999876 -61.37380559999991 5.6
vertex 27.864000194433775 -62.14416821240108 1
vertex 27.83065691230949 -61.507940499213774 1
endloop
endfacet
facet normal 0.9986295347087937 0.0523359571164796 9.766992989583916e-16
outer loop
vertex 27.823627199999876 -61.37380559999991 5.6
vertex 27.83065691230949 -61.507940499213774 1
vertex 27.823627199999645 -61.37380559999985 1
endloop
endfacet
facet normal 0.9986295347087882 0.05233595711658437 -2.2645314467945306e-15
outer loop
vertex 27.937961006381972 -63.55542455109167 5.600000000000001
vertex 28.000704169982995 -64.75263541194344 5.600000000000001
vertex 28.00070416998293 -64.7526354119423 4
endloop
endfacet
facet normal 0.9986295347087882 0.05233595711658437 -2.2645314467945306e-15
outer loop
vertex 27.937961006381972 -63.55542455109167 5.600000000000001
vertex 28.00070416998293 -64.7526354119423 4
vertex 27.960008348887552 -63.976112899999976 4
endloop
endfacet
facet normal 0.9986295347087882 0.05233595711658437 -2.2645314467945306e-15
outer loop
vertex 27.937961006381972 -63.55542455109167 5.600000000000001
vertex 27.960008348887552 -63.976112899999976 4
vertex 27.937961006382032 -63.55542455109279 4
endloop
endfacet
facet normal 0.9986295347087882 0.05233595711658486 -2.2614832650640137e-15
outer loop
vertex 28.00070416998293 -64.7526354119423 4
vertex 28.000704169982995 -64.75263541194344 5.600000000000001
vertex 33.31563169999983 -166.16749240000235 5.6
endloop
endfacet
facet normal 0.9986295347087882 0.05233595711658486 -2.2614832650640137e-15
outer loop
vertex 28.00070416998293 -64.7526354119423 4
vertex 33.31563169999983 -166.16749240000235 5.6
vertex 33.31563169999964 -166.16749240000317 1
endloop
endfacet
facet normal 0.9986295347087882 0.05233595711658486 -2.2614832650640137e-15
outer loop
vertex 28.00070416998293 -64.7526354119423 4
vertex 33.31563169999964 -166.16749240000317 1
vertex 33.26071016494173 -165.11952710000486 1
endloop
endfacet
facet normal 0.9986295347087882 0.05233595711658486 -2.2614832650640137e-15
outer loop
vertex 28.00070416998293 -64.7526354119423 4
vertex 33.26071016494173 -165.11952710000486 1
vertex 28.590002152501107 -75.99711057795545 1
endloop
endfacet
facet normal 0.9986295347087882 0.05233595711658486 -2.2614832650640137e-15
outer loop
vertex 28.00070416998293 -64.7526354119423 4
vertex 28.590002152501107 -75.99711057795545 1
vertex 28.580286277320273 -75.81172063869069 1
endloop
endfacet
facet normal 0.9986295347087882 0.05233595711658486 -2.2614832650640137e-15
outer loop
vertex 28.00070416998293 -64.7526354119423 4
vertex 28.580286277320273 -75.81172063869069 1
vertex 28.5569208862086 -75.36588242458629 1
endloop
endfacet
facet normal 0.9986295347087882 0.05233595711658486 -2.2614832650640137e-15
outer loop
vertex 28.00070416998293 -64.7526354119423 4
vertex 28.5569208862086 -75.36588242458629 1
vertex 28.522193146494416 -74.70323768733816 1
endloop
endfacet
facet normal 0.9986295347087882 0.05233595711658486 -2.2614832650640137e-15
outer loop
vertex 28.00070416998293 -64.7526354119423 4
vertex 28.522193146494416 -74.70323768733816 1
vertex 28.479502451378714 -73.88865071217512 1
endloop
endfacet
facet normal 0.9986295347087882 0.05233595711658486 -2.2614832650640137e-15
outer loop
vertex 28.00070416998293 -64.7526354119423 4
vertex 28.479502451378714 -73.88865071217512 1
vertex 28.43302766363413 -73.00185894954438 1
endloop
endfacet
facet normal 0.9986295347087882 0.05233595711658486 -2.2614832650640137e-15
outer loop
vertex 28.00070416998293 -64.7526354119423 4
vertex 28.43302766363413 -73.00185894954438 1
vertex 28.38731805939625 -72.12966775772742 1
endloop
endfacet
facet normal 0.9986295347087882 0.05233595711658486 -2.2614832650640137e-15
outer loop
vertex 28.00070416998293 -64.7526354119423 4
vertex 28.38731805939625 -72.12966775772742 1
vertex 28.34684801330203 -71.35745328937358 1
endloop
endfacet
facet normal 0.9986295347087882 0.05233595711658486 -2.2614832650640137e-15
outer loop
vertex 28.00070416998293 -64.7526354119423 4
vertex 28.34684801330203 -71.35745328937358 1
vertex 28.31557901552278 -70.76080527864642 1
endloop
endfacet
facet normal 0.9986295347087882 0.05233595711658486 -2.2614832650640137e-15
outer loop
vertex 28.00070416998293 -64.7526354119423 4
vertex 28.31557901552278 -70.76080527864642 1
vertex 28.29657189349223 -70.39812779121391 1
endloop
endfacet
facet normal 0.9986295347087882 0.05233595711658486 -2.2614832650640137e-15
outer loop
vertex 28.00070416998293 -64.7526354119423 4
vertex 28.29657189349223 -70.39812779121391 1
vertex 28.2916871953583 -70.3049222 1
endloop
endfacet
facet normal 0.9986295347087882 0.05233595711658486 -2.2614832650640137e-15
outer loop
vertex 28.00070416998293 -64.7526354119423 4
vertex 28.2916871953583 -70.3049222 1
vertex 28.141275457289908 -67.43489531451891 1
endloop
endfacet
facet normal 0.9986295347087882 0.05233595711658486 -2.2614832650640137e-15
outer loop
vertex 28.00070416998293 -64.7526354119423 4
vertex 28.141275457289908 -67.43489531451891 1
vertex 28.123555051234717 -67.09676983007219 1
endloop
endfacet
facet normal 0.9986295347087882 0.05233595711658486 -2.2614832650640137e-15
outer loop
vertex 28.00070416998293 -64.7526354119423 4
vertex 28.123555051234717 -67.09676983007219 1
vertex 28.107101375314564 -66.7828149960848 1
endloop
endfacet
facet normal 0.9986295347087882 0.05233595711658486 -2.2614832650640137e-15
outer loop
vertex 28.00070416998293 -64.7526354119423 4
vertex 28.107101375314564 -66.7828149960848 1
vertex 28.089359785465582 -66.44428530078476 1
endloop
endfacet
facet normal 0.9986295347087882 0.05233595711658486 -2.2614832650640137e-15
outer loop
vertex 28.00070416998293 -64.7526354119423 4
vertex 28.089359785465582 -66.44428530078476 1
vertex 28.056016503341457 -65.808057587609 1
endloop
endfacet
facet normal 0.9986295347087882 0.05233595711658486 -2.2614832650640137e-15
outer loop
vertex 28.00070416998293 -64.7526354119423 4
vertex 28.056016503341457 -65.808057587609 1
vertex 28.011093220860683 -64.95087030847274 1
endloop
endfacet
facet normal 0.9986295347087882 0.05233595711658486 -2.2614832650640137e-15
outer loop
vertex 28.00070416998293 -64.7526354119423 4
vertex 28.011093220860683 -64.95087030847274 1
vertex 28.000704169982928 -64.75263541194225 1
endloop
endfacet
facet normal 0 0 1
outer loop
vertex 33.31563169999983 -166.16749240000235 5.6
vertex 33.282006750314494 -166.2721643 5.6
vertex 26.428267299999177 -187.60733170000464 5.6
endloop
endfacet
facet normal 0 0 1
outer loop
vertex 33.31563169999983 -166.16749240000235 5.6
vertex 26.428267299999177 -187.60733170000464 5.6
vertex 26.428267299999195 -187.60733170000483 1
endloop
endfacet
facet normal 0 0 1
outer loop
vertex 33.31563169999983 -166.16749240000235 5.6
vertex 26.428267299999195 -187.60733170000483 1
vertex 33.31563169999964 -166.16749240000317 1
endloop
endfacet
facet normal 0.5797242309361643 0.8148127490813291 -8.793373088822108e-13
outer loop
vertex 28.274738199998595 -212.2452667999988 5.6
vertex 46.234856700001586 -225.02355960000182 5.6
vertex 46.23485669999537 -225.02355960000236 1
endloop
endfacet
facet normal 0.5797242309361643 0.8148127490813291 -8.793373088822108e-13
outer loop
vertex 28.274738199998595 -212.2452667999988 5.6
vertex 46.23485669999537 -225.02355960000236 1
vertex 46.09073889143945 -224.9210224393805 1
endloop
endfacet
facet normal 0.5797242309361643 0.8148127490813291 -8.793373088822108e-13
outer loop
vertex 28.274738199998595 -212.2452667999988 5.6
vertex 46.09073889143945 -224.9210224393805 1
vertex 45.948693927380845 -224.81996006935734 1
endloop
endfacet
facet normal 0.5797242309361643 0.8148127490813291 -8.793373088822108e-13
outer loop
vertex 28.274738199998595 -212.2452667999988 5.6
vertex 45.948693927380845 -224.81996006935734 1
vertex 45.80871537687313 -224.7203679144332 1
endloop
endfacet
facet normal 0.5797242309361643 0.8148127490813291 -8.793373088822108e-13
outer loop
vertex 28.274738199998595 -212.2452667999988 5.6
vertex 45.80871537687313 -224.7203679144332 1
vertex 45.670803551274155 -224.62224619613352 1
endloop
endfacet
facet normal 0.5797242309361643 0.8148127490813291 -8.793373088822108e-13
outer loop
vertex 28.274738199998595 -212.2452667999988 5.6
vertex 45.670803551274155 -224.62224619613352 1
vertex 45.534958757996606 -224.52559513317664 1
endloop
endfacet
facet normal 0.5797242309361643 0.8148127490813291 -8.793373088822108e-13
outer loop
vertex 28.274738199998595 -212.2452667999988 5.6
vertex 45.534958757996606 -224.52559513317664 1
vertex 45.40118129882569 -224.43041494027725 1
endloop
endfacet
facet normal 0.5797242309361643 0.8148127490813291 -8.793373088822108e-13
outer loop
vertex 28.274738199998595 -212.2452667999988 5.6
vertex 45.40118129882569 -224.43041494027725 1
vertex 45.269471470445026 -224.33670582852022 1
endloop
endfacet
facet normal 0.5797242309361643 0.8148127490813291 -8.793373088822108e-13
outer loop
vertex 28.274738199998595 -212.2452667999988 5.6
vertex 45.269471470445026 -224.33670582852022 1
vertex 45.139829567647865 -224.24446800764548 1
endloop
endfacet
facet normal 0.5797242309361643 0.8148127490813291 -8.793373088822108e-13
outer loop
vertex 28.274738199998595 -212.2452667999988 5.6
vertex 45.139829567647865 -224.24446800764548 1
vertex 45.01225587794153 -224.1537016822093 1
endloop
endfacet
facet normal 0.5797242309361643 0.8148127490813291 -8.793373088822108e-13
outer loop
vertex 28.274738199998595 -212.2452667999988 5.6
vertex 45.01225587794153 -224.1537016822093 1
vertex 44.88675068410157 -224.0644070534011 1
endloop
endfacet
facet normal 0.5797242309361643 0.8148127490813291 -8.793373088822108e-13
outer loop
vertex 28.274738199998595 -212.2452667999988 5.6
vertex 44.88675068410157 -224.0644070534011 1
vertex 44.76331426768617 -223.9765843215445 1
endloop
endfacet
facet normal 0.5797242309361643 0.8148127490813291 -8.793373088822108e-13
outer loop
vertex 28.274738199998595 -212.2452667999988 5.6
vertex 44.76331426768617 -223.9765843215445 1
vertex 44.641946900558196 -223.8902336800648 1
endloop
endfacet
facet normal 0.5797242309361643 0.8148127490813291 -8.793373088822108e-13
outer loop
vertex 28.274738199998595 -212.2452667999988 5.6
vertex 44.641946900558196 -223.8902336800648 1
vertex 44.52264885499647 -223.80535532268334 1
endloop
endfacet
facet normal 0.5797242309361643 0.8148127490813291 -8.793373088822108e-13
outer loop
vertex 28.274738199998595 -212.2452667999988 5.6
vertex 44.52264885499647 -223.80535532268334 1
vertex 44.40542039551452 -223.72194943759672 1
endloop
endfacet
facet normal 0.5797242309361643 0.8148127490813291 -8.793373088822108e-13
outer loop
vertex 28.274738199998595 -212.2452667999988 5.6
vertex 44.40542039551452 -223.72194943759672 1
vertex 44.290261781868935 -223.64001620961685 1
endloop
endfacet
facet normal 0.5797242309361643 0.8148127490813291 -8.793373088822108e-13
outer loop
vertex 28.274738199998595 -212.2452667999988 5.6
vertex 44.290261781868935 -223.64001620961685 1
vertex 44.17717327218193 -223.559555822393 1
endloop
endfacet
facet normal 0.5797242309361643 0.8148127490813291 -8.793373088822108e-13
outer loop
vertex 28.274738199998595 -212.2452667999988 5.6
vertex 44.17717327218193 -223.559555822393 1
vertex 44.06615511670126 -223.4805684539718 1
endloop
endfacet
facet normal 0.5797242309361643 0.8148127490813291 -8.793373088822108e-13
outer loop
vertex 28.274738199998595 -212.2452667999988 5.6
vertex 44.06615511670126 -223.4805684539718 1
vertex 43.95720756245034 -223.40305428010586 1
endloop
endfacet
facet normal 0.5797242309361643 0.8148127490813291 -8.793373088822108e-13
outer loop
vertex 28.274738199998595 -212.2452667999988 5.6
vertex 43.95720756245034 -223.40305428010586 1
vertex 43.85033085248235 -223.32701347372299 1
endloop
endfacet
facet normal 0.5797242309361643 0.8148127490813291 -8.793373088822108e-13
outer loop
vertex 28.274738199998595 -212.2452667999988 5.6
vertex 43.85033085248235 -223.32701347372299 1
vertex 43.74552522383754 -223.25244620347297 1
endloop
endfacet
facet normal 0.5797242309361643 0.8148127490813291 -8.793373088822108e-13
outer loop
vertex 28.274738199998595 -212.2452667999988 5.6
vertex 43.74552522383754 -223.25244620347297 1
vertex 43.64279091009877 -223.1793526355457 1
endloop
endfacet
facet normal 0.5797242309361643 0.8148127490813291 -8.793373088822108e-13
outer loop
vertex 28.274738199998595 -212.2452667999988 5.6
vertex 43.64279091009877 -223.1793526355457 1
vertex 43.54212813972467 -223.1077329324853 1
endloop
endfacet
facet normal 0.5797242309361643 0.8148127490813291 -8.793373088822108e-13
outer loop
vertex 28.274738199998595 -212.2452667999988 5.6
vertex 43.54212813972467 -223.1077329324853 1
vertex 43.44353713650221 -223.03758725351207 1
endloop
endfacet
facet normal 0.5797242309361643 0.8148127490813291 -8.793373088822108e-13
outer loop
vertex 28.274738199998595 -212.2452667999988 5.6
vertex 43.44353713650221 -223.03758725351207 1
vertex 43.34701811994817 -222.9689157548081 1
endloop
endfacet
facet normal 0.5797242309361643 0.8148127490813291 -8.793373088822108e-13
outer loop
vertex 28.274738199998595 -212.2452667999988 5.6
vertex 43.34701811994817 -222.9689157548081 1
vertex 43.252571304298534 -222.9017185887984 1
endloop
endfacet
facet normal 0.5797242309361643 0.8148127490813291 -8.793373088822108e-13
outer loop
vertex 28.274738199998595 -212.2452667999988 5.6
vertex 43.252571304298534 -222.9017185887984 1
vertex 43.16019690065153 -222.8359959056754 1
endloop
endfacet
facet normal 0.5797242309361643 0.8148127490813291 -8.793373088822108e-13
outer loop
vertex 28.274738199998595 -212.2452667999988 5.6
vertex 43.16019690065153 -222.8359959056754 1
vertex 43.06989511315641 -222.77174785068755 1
endloop
endfacet
facet normal 0.5797242309361643 0.8148127490813291 -8.793373088822108e-13
outer loop
vertex 28.274738199998595 -212.2452667999988 5.6
vertex 43.06989511315641 -222.77174785068755 1
vertex 42.9816661438651 -222.70897456759107 1
endloop
endfacet
facet normal 0.5797242309361643 0.8148127490813291 -8.793373088822108e-13
outer loop
vertex 28.274738199998595 -212.2452667999988 5.6
vertex 42.9816661438651 -222.70897456759107 1
vertex 42.895510188354905 -222.6476761955356 1
endloop
endfacet
facet normal 0.5797242309361643 0.8148127490813291 -8.793373088822108e-13
outer loop
vertex 28.274738199998595 -212.2452667999988 5.6
vertex 42.895510188354905 -222.6476761955356 1
vertex 42.811427438836276 -222.58785287127535 1
endloop
endfacet
facet normal 0.5797242309361643 0.8148127490813291 -8.793373088822108e-13
outer loop
vertex 28.274738199998595 -212.2452667999988 5.6
vertex 42.811427438836276 -222.58785287127535 1
vertex 42.72941808162683 -222.52950472737183 1
endloop
endfacet
facet normal 0.5797242309361643 0.8148127490813291 -8.793373088822108e-13
outer loop
vertex 28.274738199998595 -212.2452667999988 5.6
vertex 42.72941808162683 -222.52950472737183 1
vertex 42.6494822997764 -222.47263189406164 1
endloop
endfacet
facet normal 0.5797242309361643 0.8148127490813291 -8.793373088822108e-13
outer loop
vertex 28.274738199998595 -212.2452667999988 5.6
vertex 42.6494822997764 -222.47263189406164 1
vertex 42.57162027096754 -222.41723449776262 1
endloop
endfacet
facet normal 0.5797242309361643 0.8148127490813291 -8.793373088822108e-13
outer loop
vertex 28.274738199998595 -212.2452667999988 5.6
vertex 42.57162027096754 -222.41723449776262 1
vertex 42.49583216824083 -222.36331266158996 1
endloop
endfacet
facet normal 0.5797242309361643 0.8148127490813291 -8.793373088822108e-13
outer loop
vertex 28.274738199998595 -212.2452667999988 5.6
vertex 42.49583216824083 -222.36331266158996 1
vertex 42.42211816028266 -222.3108665055609 1
endloop
endfacet
facet normal 0.5797242309361643 0.8148127490813291 -8.793373088822108e-13
outer loop
vertex 28.274738199998595 -212.2452667999988 5.6
vertex 42.42211816028266 -222.3108665055609 1
vertex 42.350478410980045 -222.25989614627807 1
endloop
endfacet
facet normal 0.5797242309361643 0.8148127490813291 -8.793373088822108e-13
outer loop
vertex 28.274738199998595 -212.2452667999988 5.6
vertex 42.350478410980045 -222.25989614627807 1
vertex 42.28091308006045 -222.21040169738455 1
endloop
endfacet
facet normal 0.5797242309361643 0.8148127490813291 -8.793373088822108e-13
outer loop
vertex 28.274738199998595 -212.2452667999988 5.6
vertex 42.28091308006045 -222.21040169738455 1
vertex 42.213422321800216 -222.16238326864516 1
endloop
endfacet
facet normal 0.5797242309361643 0.8148127490813291 -8.793373088822108e-13
outer loop
vertex 28.274738199998595 -212.2452667999988 5.6
vertex 42.213422321800216 -222.16238326864516 1
vertex 42.14800628657927 -222.1158409670524 1
endloop
endfacet
facet normal 0.5797242309361643 0.8148127490813291 -8.793373088822108e-13
outer loop
vertex 28.274738199998595 -212.2452667999988 5.6
vertex 42.14800628657927 -222.1158409670524 1
vertex 42.084665119946685 -222.0707748961618 1
endloop
endfacet
facet normal 0.5797242309361643 0.8148127490813291 -8.793373088822108e-13
outer loop
vertex 28.274738199998595 -212.2452667999988 5.6
vertex 42.084665119946685 -222.0707748961618 1
vertex 42.023398962700206 -222.0271851561483 1
endloop
endfacet
facet normal 0.5797242309361643 0.8148127490813291 -8.793373088822108e-13
outer loop
vertex 28.274738199998595 -212.2452667999988 5.6
vertex 42.023398962700206 -222.0271851561483 1
vertex 41.96420795118353 -221.98507184401797 1
endloop
endfacet
facet normal 0.5797242309361643 0.8148127490813291 -8.793373088822108e-13
outer loop
vertex 28.274738199998595 -212.2452667999988 5.6
vertex 41.96420795118353 -221.98507184401797 1
vertex 41.90709221715836 -221.9444350535168 1
endloop
endfacet
facet normal 0.5797242309361643 0.8148127490813291 -8.793373088822108e-13
outer loop
vertex 28.274738199998595 -212.2452667999988 5.6
vertex 41.90709221715836 -221.9444350535168 1
vertex 41.852051887500664 -221.9052748749147 1
endloop
endfacet
facet normal 0.5797242309361643 0.8148127490813291 -8.793373088822108e-13
outer loop
vertex 28.274738199998595 -212.2452667999988 5.6
vertex 41.852051887500664 -221.9052748749147 1
vertex 41.799087084678185 -221.86759139534524 1
endloop
endfacet
facet normal 0.5797242309361643 0.8148127490813291 -8.793373088822108e-13
outer loop
vertex 28.274738199998595 -212.2452667999988 5.6
vertex 41.799087084678185 -221.86759139534524 1
vertex 41.74819792671072 -221.8313846987773 1
endloop
endfacet
facet normal 0.5797242309361643 0.8148127490813291 -8.793373088822108e-13
outer loop
vertex 28.274738199998595 -212.2452667999988 5.6
vertex 41.74819792671072 -221.8313846987773 1
vertex 41.699384526686806 -221.7966548656713 1
endloop
endfacet
facet normal 0.5797242309361643 0.8148127490813291 -8.793373088822108e-13
outer loop
vertex 28.274738199998595 -212.2452667999988 5.6
vertex 41.699384526686806 -221.7966548656713 1
vertex 41.65264699303026 -221.76340197316875 1
endloop
endfacet
facet normal 0.5797242309361643 0.8148127490813291 -8.793373088822108e-13
outer loop
vertex 28.274738199998595 -212.2452667999988 5.6
vertex 41.65264699303026 -221.76340197316875 1
vertex 41.607985429866 -221.73162609535265 1
endloop
endfacet
facet normal 0.5797242309361643 0.8148127490813291 -8.793373088822108e-13
outer loop
vertex 28.274738199998595 -212.2452667999988 5.6
vertex 41.607985429866 -221.73162609535265 1
vertex 41.565399936695755 -221.70132730301663 1
endloop
endfacet
facet normal 0.5797242309361643 0.8148127490813291 -8.793373088822108e-13
outer loop
vertex 28.274738199998595 -212.2452667999988 5.6
vertex 41.565399936695755 -221.70132730301663 1
vertex 41.52489060797927 -221.67250566336705 1
endloop
endfacet
facet normal 0.5797242309361643 0.8148127490813291 -8.793373088822108e-13
outer loop
vertex 28.274738199998595 -212.2452667999988 5.6
vertex 41.52489060797927 -221.67250566336705 1
vertex 41.48645753394158 -221.64516124059736 1
endloop
endfacet
facet normal 0.5797242309361643 0.8148127490813291 -8.793373088822108e-13
outer loop
vertex 28.274738199998595 -212.2452667999988 5.6
vertex 41.48645753394158 -221.64516124059736 1
vertex 41.45010080007243 -221.61929409553193 1
endloop
endfacet
facet normal 0.5797242309361643 0.8148127490813291 -8.793373088822108e-13
outer loop
vertex 28.274738199998595 -212.2452667999988 5.6
vertex 41.45010080007243 -221.61929409553193 1
vertex 41.415820487336816 -221.59490428577587 1
endloop
endfacet
facet normal 0.5797242309361643 0.8148127490813291 -8.793373088822108e-13
outer loop
vertex 28.274738199998595 -212.2452667999988 5.6
vertex 41.415820487336816 -221.59490428577587 1
vertex 41.38361667185625 -221.57199186548823 1
endloop
endfacet
facet normal 0.5797242309361643 0.8148127490813291 -8.793373088822108e-13
outer loop
vertex 28.274738199998595 -212.2452667999988 5.6
vertex 41.38361667185625 -221.57199186548823 1
vertex 41.35348942541135 -221.55055688573958 1
endloop
endfacet
facet normal 0.5797242309361643 0.8148127490813291 -8.793373088822108e-13
outer loop
vertex 28.274738199998595 -212.2452667999988 5.6
vertex 41.35348942541135 -221.55055688573958 1
vertex 41.325438814841945 -221.53059939408524 1
endloop
endfacet
facet normal 0.5797242309361643 0.8148127490813291 -8.793373088822108e-13
outer loop
vertex 28.274738199998595 -212.2452667999988 5.6
vertex 41.325438814841945 -221.53059939408524 1
vertex 41.29946490263576 -221.51211943498407 1
endloop
endfacet
facet normal 0.5797242309361643 0.8148127490813291 -8.793373088822108e-13
outer loop
vertex 28.274738199998595 -212.2452667999988 5.6
vertex 41.29946490263576 -221.51211943498407 1
vertex 41.27556774667991 -221.49511704962168 1
endloop
endfacet
facet normal 0.5797242309361643 0.8148127490813291 -8.793373088822108e-13
outer loop
vertex 28.274738199998595 -212.2452667999988 5.6
vertex 41.27556774667991 -221.49511704962168 1
vertex 41.253747399969214 -221.4795922757029 1
endloop
endfacet
facet normal 0.5797242309361643 0.8148127490813291 -8.793373088822108e-13
outer loop
vertex 28.274738199998595 -212.2452667999988 5.6
vertex 41.253747399969214 -221.4795922757029 1
vertex 41.234003911164024 -221.4655451478487 1
endloop
endfacet
facet normal 0.5797242309361643 0.8148127490813291 -8.793373088822108e-13
outer loop
vertex 28.274738199998595 -212.2452667999988 5.6
vertex 41.234003911164024 -221.4655451478487 1
vertex 37.222579180690765 -218.6114904960848 1
endloop
endfacet
facet normal 0.5797242309361643 0.8148127490813291 -8.793373088822108e-13
outer loop
vertex 28.274738199998595 -212.2452667999988 5.6
vertex 37.222579180690765 -218.6114904960848 1
vertex 36.74676965444943 -218.27296080078605 1
endloop
endfacet
facet normal 0.5797242309361643 0.8148127490813291 -8.793373088822108e-13
outer loop
vertex 28.274738199998595 -212.2452667999988 5.6
vertex 36.74676965444943 -218.27296080078605 1
vertex 35.85254025303334 -217.6367330876096 1
endloop
endfacet
facet normal 0.5797242309361643 0.8148127490813291 -8.793373088822108e-13
outer loop
vertex 28.274738199998595 -212.2452667999988 5.6
vertex 35.85254025303334 -217.6367330876096 1
vertex 34.647748239670285 -216.77954580847745 1
endloop
endfacet
facet normal 0.5797242309361643 0.8148127490813291 -8.793373088822108e-13
outer loop
vertex 28.274738199998595 -212.2452667999988 5.6
vertex 34.647748239670285 -216.77954580847745 1
vertex 33.277709312008724 -215.8047883999946 1
endloop
endfacet
facet normal 0.5797242309361643 0.8148127490813291 -8.793373088822108e-13
outer loop
vertex 28.274738199998595 -212.2452667999988 5.6
vertex 33.277709312008724 -215.8047883999946 1
vertex 31.907670384371105 -214.8300309915432 1
endloop
endfacet
facet normal 0.5797242309361643 0.8148127490813291 -8.793373088822108e-13
outer loop
vertex 28.274738199998595 -212.2452667999988 5.6
vertex 31.907670384371105 -214.8300309915432 1
vertex 30.702878370979022 -213.97284371238007 1
endloop
endfacet
facet normal 0.5797242309361643 0.8148127490813291 -8.793373088822108e-13
outer loop
vertex 28.274738199998595 -212.2452667999988 5.6
vertex 30.702878370979022 -213.97284371238007 1
vertex 29.808648969574904 -213.33661599921462 1
endloop
endfacet
facet normal 0.5797242309361643 0.8148127490813291 -8.793373088822108e-13
outer loop
vertex 28.274738199998595 -212.2452667999988 5.6
vertex 29.808648969574904 -213.33661599921462 1
vertex 29.3328394433333 -212.99808630391522 1
endloop
endfacet
facet normal 0.5797242309361643 0.8148127490813291 -8.793373088822108e-13
outer loop
vertex 28.274738199998595 -212.2452667999988 5.6
vertex 29.3328394433333 -212.99808630391522 1
vertex 28.274738199998914 -212.2452668000031 1
endloop
endfacet
facet normal -0.029088489252444574 0.9995768403644667 0
outer loop
vertex 95.65314762472349 -221.70132730301842 5.6
vertex 96.64355462883663 -221.67250566336918 5.6
vertex 96.6435546289119 -221.67250566336705 1
endloop
endfacet
facet normal -0.029088489252444574 0.9995768403644667 0
outer loop
vertex 95.65314762472349 -221.70132730301842 5.6
vertex 96.6435546289119 -221.67250566336705 1
vertex 95.6531476247866 -221.70132730301663 1
endloop
endfacet
facet normal -0.027597595327733863 0.9996191138289257 0
outer loop
vertex 96.64355462883663 -221.67250566336918 5.6
vertex 97.63400351895933 -221.6451612405943 5.6
vertex 97.63400351884597 -221.64516124059736 1
endloop
endfacet
facet normal -0.027597595327733863 0.9996191138289257 0
outer loop
vertex 96.64355462883663 -221.67250566336918 5.6
vertex 97.63400351884597 -221.64516124059736 1
vertex 96.6435546289119 -221.67250566336705 1
endloop
endfacet
facet normal -0.026106640010823422 0.9996591635889431 0
outer loop
vertex 97.63400351895933 -221.6451612405943 5.6
vertex 98.62449209145875 -221.61929409553233 5.6
vertex 98.62449209147812 -221.61929409553193 1
endloop
endfacet
facet normal -0.026106640010823422 0.9996591635889431 0
outer loop
vertex 97.63400351895933 -221.6451612405943 5.6
vertex 98.62449209147812 -221.61929409553193 1
vertex 97.63400351884597 -221.64516124059736 1
endloop
endfacet
facet normal -0.02461562661807193 0.9996969895554351 0
outer loop
vertex 98.62449209145875 -221.61929409553233 5.6
vertex 99.61501814105988 -221.59490428577277 5.6
vertex 99.61501814093698 -221.59490428577587 1
endloop
endfacet
facet normal -0.02461562661807193 0.9996969895554351 0
outer loop
vertex 98.62449209145875 -221.61929409553233 5.6
vertex 99.61501814093698 -221.59490428577587 1
vertex 98.62449209147812 -221.61929409553193 1
endloop
endfacet
facet normal -0.023124558466804494 0.9997325916442434 0
outer loop
vertex 99.61501814105988 -221.59490428577277 5.6
vertex 100.6055794675435 -221.57199186549093 5.6
vertex 100.60557946767025 -221.57199186548823 1
endloop
endfacet
facet normal -0.023124558466804494 0.9997325916442434 0
outer loop
vertex 99.61501814105988 -221.59490428577277 5.6
vertex 100.60557946767025 -221.57199186548823 1
vertex 99.61501814093698 -221.59490428577587 1
endloop
endfacet
facet normal -0.021633438873607243 0.9997659697761783 0
outer loop
vertex 100.6055794675435 -221.57199186549093 5.6
vertex 101.59617386379475 -221.550556885738 5.6
vertex 101.59617386372204 -221.55055688573958 1
endloop
endfacet
facet normal -0.021633438873607243 0.9997659697761783 0
outer loop
vertex 100.6055794675435 -221.57199186549093 5.6
vertex 101.59617386372204 -221.55055688573958 1
vertex 100.60557946767025 -221.57199186548823 1
endloop
endfacet
facet normal -0.020142271155748407 0.9997971238769836 0
outer loop
vertex 101.59617386379475 -221.550556885738 5.6
vertex 102.58679913143763 -221.53059939408487 5.6
vertex 102.58679913142454 -221.53059939408524 1
endloop
endfacet
facet normal -0.020142271155748407 0.9997971238769836 0
outer loop
vertex 101.59617386379475 -221.550556885738 5.6
vertex 102.58679913142454 -221.53059939408524 1
vertex 101.59617386372204 -221.55055688573958 1
endloop
endfacet
facet normal -0.018651058630410947 0.9998260538773558 0
outer loop
vertex 102.58679913143763 -221.53059939408487 5.6
vertex 103.57745306427314 -221.51211943498387 5.6
vertex 103.5774530642698 -221.51211943498407 1
endloop
endfacet
facet normal -0.018651058630410947 0.9998260538773558 0
outer loop
vertex 102.58679913143763 -221.53059939408487 5.6
vertex 103.5774530642698 -221.51211943498407 1
vertex 102.58679913142454 -221.53059939408524 1
endloop
endfacet
facet normal -0.01715980461483469 0.9998527597129393 0
outer loop
vertex 103.57745306427314 -221.51211943498387 5.6
vertex 104.56813345423049 -221.49511704962032 5.6
vertex 104.56813345416111 -221.49511704962168 1
endloop
endfacet
facet normal -0.01715980461483469 0.9998527597129393 0
outer loop
vertex 103.57745306427314 -221.51211943498387 5.6
vertex 104.56813345416111 -221.49511704962168 1
vertex 103.5774530642698 -221.51211943498407 1
endloop
endfacet
facet normal -0.01566851242637313 0.9998772413243262 0
outer loop
vertex 104.56813345423049 -221.49511704962032 5.6
vertex 105.55883810384698 -221.47959227570627 5.6
vertex 105.5588381040773 -221.4795922757029 1
endloop
endfacet
facet normal -0.01566851242637313 0.9998772413243262 0
outer loop
vertex 104.56813345423049 -221.49511704962032 5.6
vertex 105.5588381040773 -221.4795922757029 1
vertex 104.56813345416111 -221.49511704962168 1
endloop
endfacet
facet normal -0.014177185382550299 0.9998994986570544 0
outer loop
vertex 105.55883810384698 -221.47959227570627 5.6
vertex 106.54956480478238 -221.46554514784845 5.6
vertex 106.54956480475933 -221.4655451478487 1
endloop
endfacet
facet normal -0.014177185382550299 0.9998994986570544 0
outer loop
vertex 105.55883810384698 -221.47959227570627 5.6
vertex 106.54956480475933 -221.4655451478487 1
vertex 105.5588381040773 -221.4795922757029 1
endloop
endfacet
facet normal -0.012685826800876024 0.9999195316616124 1.1326540159512534e-16
outer loop
vertex 106.54956480478238 -221.46554514784845 5.6
vertex 107.15256660000001 -221.45789495591546 5.6
vertex 107.1525666 -221.45789495591546 4
endloop
endfacet
facet normal -0.012685826800876024 0.9999195316616124 1.1326540159512534e-16
outer loop
vertex 106.54956480478238 -221.46554514784845 5.6
vertex 107.1525666 -221.45789495591546 4
vertex 107.1525666 -221.4578949559155 1
endloop
endfacet
facet normal -0.012685826800876024 0.9999195316616124 1.1326540159512534e-16
outer loop
vertex 106.54956480478238 -221.46554514784845 5.6
vertex 107.1525666 -221.4578949559155 1
vertex 106.54956480475933 -221.4655451478487 1
endloop
endfacet
facet normal -0.012685826800804989 0.9999195316616132 0
outer loop
vertex 107.15256660000001 -221.45789495591546 5.6
vertex 107.54031135765113 -221.45297569723243 5.6
vertex 107.54031135757779 -221.45297569723334 4
endloop
endfacet
facet normal -0.012685826800804989 0.9999195316616132 0
outer loop
vertex 107.15256660000001 -221.45789495591546 5.6
vertex 107.54031135757779 -221.45297569723334 4
vertex 107.1525666 -221.45789495591546 4
endloop
endfacet
facet normal -0.01119443999866121 0.9999373402934388 0
outer loop
vertex 107.54031135765113 -221.45297569723243 5.6
vertex 108.5310755517697 -221.44188395190307 5.6
vertex 108.53107555184623 -221.44188395190227 4
endloop
endfacet
facet normal -0.01119443999866121 0.9999373402934388 0
outer loop
vertex 107.54031135765113 -221.45297569723243 5.6
vertex 108.53107555184623 -221.44188395190227 4
vertex 107.54031135757779 -221.45297569723334 4
endloop
endfacet
facet normal -0.009703028294040907 0.9999529245129117 0
outer loop
vertex 108.5310755517697 -221.44188395190307 5.6
vertex 109.5218551915431 -221.43226993644072 5.6
vertex 109.52185519149721 -221.43226993644112 4
endloop
endfacet
facet normal -0.009703028294040907 0.9999529245129117 0
outer loop
vertex 108.5310755517697 -221.44188395190307 5.6
vertex 109.52185519149721 -221.43226993644112 4
vertex 108.53107555184623 -221.44188395190227 4
endloop
endfacet
facet normal -0.008211595004468107 0.9999662842853667 0
outer loop
vertex 109.5218551915431 -221.43226993644072 5.6
vertex 110.5126480665727 -221.42413367229767 5.6
vertex 110.51264806658172 -221.42413367229764 4
endloop
endfacet
facet normal -0.008211595004468107 0.9999662842853667 0
outer loop
vertex 109.5218551915431 -221.43226993644072 5.6
vertex 110.51264806658172 -221.42413367229764 4
vertex 109.52185519149721 -221.43226993644112 4
endloop
endfacet
facet normal -0.006720143447864756 0.9999774195810824 0
outer loop
vertex 110.5126480665727 -221.42413367229767 5.6
vertex 111.50345197408912 -221.4174751775589 5.600000000000003
vertex 111.50345197408912 -221.4174751775589 4.000000000000002
endloop
endfacet
facet normal -0.006720143447864756 0.9999774195810824 0
outer loop
vertex 110.5126480665727 -221.42413367229767 5.6
vertex 111.50345197408912 -221.4174751775589 4.000000000000002
vertex 110.51264806658172 -221.42413367229764 4
endloop
endfacet
facet normal -0.005228676941754883 0.9999863303752901 0
outer loop
vertex 111.50345197408912 -221.4174751775589 5.600000000000003
vertex 112.4942647112563 -221.41229446702894 5.6
vertex 112.4942647112563 -221.41229446702894 4
endloop
endfacet
facet normal -0.005228676941754883 0.9999863303752901 0
outer loop
vertex 111.50345197408912 -221.4174751775589 5.600000000000003
vertex 112.4942647112563 -221.41229446702894 4
vertex 111.50345197408912 -221.4174751775589 4.000000000000002
endloop
endfacet
facet normal -0.003737198804515174 0.9999930166481643 0
outer loop
vertex 112.4942647112563 -221.41229446702894 5.6
vertex 112.85256660000005 -221.4109554122886 5.600000000000001
vertex 112.8525666 -221.41095541228853 4
endloop
endfacet
facet normal -0.003737198804515174 0.9999930166481643 0
outer loop
vertex 112.4942647112563 -221.41229446702894 5.6
vertex 112.8525666 -221.41095541228853 4
vertex 112.4942647112563 -221.41229446702894 4
endloop
endfacet
facet normal -0.0037371988045406075 0.9999930166481642 3.562646766935873e-14
outer loop
vertex 112.8525666 -221.41095541228853 4
vertex 112.85256660000005 -221.4109554122886 5.600000000000001
vertex 113.4850840733584 -221.40859155223563 5.600000000000001
endloop
endfacet
facet normal -0.0037371988045406075 0.9999930166481642 3.562646766935873e-14
outer loop
vertex 112.8525666 -221.41095541228853 4
vertex 113.4850840733584 -221.40859155223563 5.600000000000001
vertex 113.4850840733584 -221.40859155223563 1.0000000000000004
endloop
endfacet
facet normal -0.0037371988045406075 0.9999930166481642 3.562646766935873e-14
outer loop
vertex 112.8525666 -221.41095541228853 4
vertex 113.4850840733584 -221.40859155223563 1.0000000000000004
vertex 112.8525666 -221.41095541228856 1
endloop
endfacet
facet normal -0.002245712353385443 0.9999974783848337 0
outer loop
vertex 113.4850840733584 -221.40859155223563 5.600000000000001
vertex 114.47590785626639 -221.40636644141443 5.600000000000001
vertex 114.47590785626639 -221.40636644141443 1
endloop
endfacet
facet normal -0.002245712353385443 0.9999974783848337 0
outer loop
vertex 113.4850840733584 -221.40859155223563 5.600000000000001
vertex 114.47590785626639 -221.40636644141443 1
vertex 113.4850840733584 -221.40859155223563 1.0000000000000004
endloop
endfacet
facet normal -0.000754220906600267 0.9999997155753717 0
outer loop
vertex 114.47590785626639 -221.40636644141443 5.600000000000001
vertex 115.46673385648944 -221.40561913951842 5.6
vertex 115.46673385657272 -221.40561913951848 1
endloop
endfacet
facet normal -0.000754220906600267 0.9999997155753717 0
outer loop
vertex 114.47590785626639 -221.40636644141443 5.600000000000001
vertex 115.46673385657272 -221.40561913951848 1
vertex 114.47590785626639 -221.40636644141443 1
endloop
endfacet
facet normal 0.0007372722178899949 0.9999997282148014 0
outer loop
vertex 115.46673385648944 -221.40561913951842 5.6
vertex 116.45755986794028 -221.40634964820796 5.6
vertex 116.45755986794028 -221.40634964820796 1
endloop
endfacet
facet normal 0.0007372722178899949 0.9999997282148014 0
outer loop
vertex 115.46673385648944 -221.40561913951842 5.6
vertex 116.45755986794028 -221.40634964820796 1
vertex 115.46673385657272 -221.40561913951848 1
endloop
endfacet
facet normal 0.002228763702305514 0.9999975163030954 0
outer loop
vertex 116.45755986794028 -221.40634964820796 5.6
vertex 117.4483836884188 -221.40855796586013 5.600000000000003
vertex 117.4483836884188 -221.40855796586013 1.0000000000000004
endloop
endfacet
facet normal 0.002228763702305514 0.9999975163030954 0
outer loop
vertex 116.45755986794028 -221.40634964820796 5.6
vertex 117.4483836884188 -221.40855796586013 1.0000000000000004
vertex 116.45755986794028 -221.40634964820796 1
endloop
endfacet
facet normal 0.0037202502285822447 0.999993079845174 0
outer loop
vertex 117.4483836884188 -221.40855796586013 5.600000000000003
vertex 118.43920311313803 -221.4122440875606 5.600000000000001
vertex 118.43920311313803 -221.4122440875606 1
endloop
endfacet
facet normal 0.0037202502285822447 0.999993079845174 0
outer loop
vertex 117.4483836884188 -221.40855796586013 5.600000000000003
vertex 118.43920311313803 -221.4122440875606 1
vertex 117.4483836884188 -221.40855796586013 1.0000000000000004
endloop
endfacet
facet normal 0.0052117284794235275 0.9999864188509047 0
outer loop
vertex 118.43920311313803 -221.4122440875606 5.600000000000001
vertex 119.43001593796923 -221.41740800510848 5.600000000000003
vertex 119.43001593796923 -221.41740800510848 1.0000000000000004
endloop
endfacet
facet normal 0.0052117284794235275 0.9999864188509047 0
outer loop
vertex 118.43920311313803 -221.4122440875606 5.600000000000001
vertex 119.43001593796923 -221.41740800510848 1.0000000000000004
vertex 118.43920311313803 -221.4122440875606 1
endloop
endfacet
facet normal 0.006703195135941087 0.9999775333351093 0
outer loop
vertex 119.43001593796923 -221.41740800510848 5.600000000000003
vertex 120.42081995908646 -221.4240497070196 5.6
vertex 120.42081995913414 -221.42404970702003 1
endloop
endfacet
facet normal 0.006703195135941087 0.9999775333351093 0
outer loop
vertex 119.43001593796923 -221.41740800510848 5.600000000000003
vertex 120.42081995913414 -221.42404970702003 1
vertex 119.43001593796923 -221.41740800510848 1.0000000000000004
endloop
endfacet
facet normal 0.00819464688129301 0.9999664233175487 0
outer loop
vertex 120.42081995908646 -221.4240497070196 5.6
vertex 121.41161297014312 -221.43216917850256 5.6
vertex 121.41161297012852 -221.43216917850253 1
endloop
endfacet
facet normal 0.00819464688129301 0.9999664233175487 0
outer loop
vertex 120.42081995908646 -221.4240497070196 5.6
vertex 121.41161297012852 -221.43216917850253 1
vertex 120.42081995913414 -221.42404970702003 1
endloop
endfacet
facet normal 0.009686080397045771 0.9999530888229418 0
outer loop
vertex 121.41161297014312 -221.43216917850256 5.6
vertex 122.40239277325979 -221.4417664015483 5.6
vertex 122.40239277339181 -221.44176640154973 1
endloop
endfacet
facet normal 0.009686080397045771 0.9999530888229418 0
outer loop
vertex 121.41161297014312 -221.43216917850256 5.6
vertex 122.40239277339181 -221.44176640154973 1
vertex 121.41161297012852 -221.43216917850253 1
endloop
endfacet
facet normal 0.011177492365504804 0.9999375298809516 0
outer loop
vertex 122.40239277325979 -221.4417664015483 5.6
vertex 123.39315715593598 -221.45284135472536 5.6
vertex 123.39315715592984 -221.45284135472522 1
endloop
endfacet
facet normal 0.011177492365504804 0.9999375298809516 0
outer loop
vertex 122.40239277325979 -221.4417664015483 5.6
vertex 123.39315715592984 -221.45284135472522 1
vertex 122.40239277339181 -221.44176640154973 1
endloop
endfacet
facet normal 0.012668879469174499 0.9999197465261878 0
outer loop
vertex 123.39315715593598 -221.45284135472536 5.6
vertex 124.38390392087945 -221.46539401346934 5.6
vertex 124.38390392077135 -221.46539401346797 1
endloop
endfacet
facet normal 0.012668879469174499 0.9999197465261878 0
outer loop
vertex 123.39315715593598 -221.45284135472536 5.6
vertex 124.38390392077135 -221.46539401346797 1
vertex 123.39315715592984 -221.45284135472522 1
endloop
endfacet
facet normal 0.01416023839033187 0.9998997387982103 0
outer loop
vertex 124.38390392087945 -221.46539401346934 5.6
vertex 125.37463086029534 -221.47942434980962 5.6
vertex 125.37463086033796 -221.47942434981033 1
endloop
endfacet
facet normal 0.01416023839033187 0.9998997387982103 0
outer loop
vertex 124.38390392087945 -221.46539401346934 5.6
vertex 125.37463086033796 -221.47942434981033 1
vertex 124.38390392077135 -221.46539401346797 1
endloop
endfacet
facet normal 0.01565156581125393 0.9998775067415289 0
outer loop
vertex 125.37463086029534 -221.47942434980962 5.6
vertex 126.36533577171346 -221.49493233255356 5.6
vertex 126.36533577176559 -221.4949323325544 1
endloop
endfacet
facet normal 0.01565156581125393 0.9998775067415289 0
outer loop
vertex 125.37463086029534 -221.47942434980962 5.6
vertex 126.36533577176559 -221.4949323325544 1
vertex 125.37463086033796 -221.47942434981033 1
endloop
endfacet
facet normal 0.01714285841438823 0.9998530504056005 0
outer loop
vertex 126.36533577171346 -221.49493233255356 5.6
vertex 127.3560164541906 -221.51191792725336 5.6
vertex 127.35601645411549 -221.51191792725206 1
endloop
endfacet
facet normal 0.01714285841438823 0.9998530504056005 0
outer loop
vertex 126.36533577171346 -221.49493233255356 5.6
vertex 127.35601645411549 -221.51191792725206 1
vertex 126.36533577176559 -221.4949323325544 1
endloop
endfacet
facet normal 0.018634112882466525 0.9998263698448264 0
outer loop
vertex 127.3560164541906 -221.51191792725336 5.6
vertex 128.34667069381 -221.5303810959448 5.6
vertex 128.34667069382826 -221.53038109594522 1
endloop
endfacet
facet normal 0.018634112882466525 0.9998263698448264 0
outer loop
vertex 127.3560164541906 -221.51191792725336 5.6
vertex 128.34667069382826 -221.53038109594522 1
vertex 127.35601645411549 -221.51191792725206 1
endloop
endfacet
facet normal 0.020125325897879513 0.999797465118563 0
outer loop
vertex 128.34667069381 -221.5303810959448 5.6
vertex 129.33729630256596 -221.5503217978515 5.6
vertex 129.33729630254862 -221.55032179785118 1
endloop
endfacet
facet normal 0.020125325897879513 0.999797465118563 0
outer loop
vertex 128.34667069381 -221.5303810959448 5.6
vertex 129.33729630254862 -221.55032179785118 1
vertex 128.34667069382826 -221.53038109594522 1
endloop
endfacet
facet normal 0.021616494143529504 0.999766336291107 0
outer loop
vertex 129.33729630256596 -221.5503217978515 5.6
vertex 130.32789106087267 -221.57173998829686 5.6
vertex 130.32789106089365 -221.57173998829737 1
endloop
endfacet
facet normal 0.021616494143529504 0.999766336291107 0
outer loop
vertex 129.33729630256596 -221.5503217978515 5.6
vertex 130.32789106089365 -221.57173998829737 1
vertex 129.33729630254862 -221.55032179785118 1
endloop
endfacet
facet normal 0.023107614302148253 0.9997329834317077 0
outer loop
vertex 130.32789106087267 -221.57173998829686 5.6
vertex 131.3184527778214 -221.5946356199076 5.6
vertex 131.31845277776307 -221.59463561990623 1
endloop
endfacet
facet normal 0.023107614302148253 0.9997329834317077 0
outer loop
vertex 130.32789106087267 -221.57173998829686 5.6
vertex 131.31845277776307 -221.59463561990623 1
vertex 130.32789106089365 -221.57173998829737 1
endloop
endfacet
facet normal 0.02459868305669487 0.9996974066145596 0
outer loop
vertex 131.3184527778214 -221.5946356199076 5.6
vertex 132.3089792386432 -221.61900864149172 5.6
vertex 132.3089792386575 -221.61900864149214 1
endloop
endfacet
facet normal 0.02459868305669487 0.9996974066145596 0
outer loop
vertex 131.3184527778214 -221.5946356199076 5.6
vertex 132.3089792386575 -221.61900864149214 1
vertex 131.31845277776307 -221.59463561990623 1
endloop
endfacet
facet normal 0.02608969709018538 0.999659605918806 0
outer loop
vertex 132.3089792386432 -221.61900864149172 5.6
vertex 133.29946825231096 -221.6448589991382 5.6
vertex 133.29946825228149 -221.64485899913743 1
endloop
endfacet
facet normal 0.02608969709018538 0.999659605918806 0
outer loop
vertex 132.3089792386432 -221.61900864149172 5.6
vertex 133.29946825228149 -221.64485899913743 1
vertex 132.3089792386575 -221.61900864149214 1
endloop
endfacet
facet normal 0.02758065308586311 0.9996195814285339 0
outer loop
vertex 133.29946825231096 -221.6448589991382 5.6
vertex 134.28991760197988 -221.6721866349907 5.6
vertex 134.2899176019761 -221.67218663499068 1
endloop
endfacet
facet normal 0.02758065308586311 0.9996195814285339 0
outer loop
vertex 133.29946825231096 -221.6448589991382 5.6
vertex 134.2899176019761 -221.67218663499068 1
vertex 133.29946825228149 -221.64485899913743 1
endloop
endfacet
facet normal 0.029071547726800883 0.9995773332327861 0
outer loop
vertex 134.28991760197988 -221.6721866349907 5.6
vertex 135.28032509411622 -221.70099148852162 5.6
vertex 135.28032509418793 -221.70099148852378 1
endloop
endfacet
facet normal 0.029071547726800883 0.9995773332327861 0
outer loop
vertex 134.28991760197988 -221.6721866349907 5.6
vertex 135.28032509418793 -221.70099148852378 1
vertex 134.2899176019761 -221.67218663499068 1
endloop
endfacet
facet normal 0.030562377696696785 0.9995328614255383 0
outer loop
vertex 135.28032509411622 -221.70099148852162 5.6
vertex 136.2706885242237 -221.7312734956232 5.6
vertex 136.27068852407822 -221.7312734956187 1
endloop
endfacet
facet normal 0.030562377696696785 0.9995328614255383 0
outer loop
vertex 135.28032509411622 -221.70099148852162 5.6
vertex 136.27068852407822 -221.7312734956187 1
vertex 135.28032509418793 -221.70099148852378 1
endloop
endfacet
facet normal 0.03205313967896473 0.999486166105725 0
outer loop
vertex 136.2706885242237 -221.7312734956232 5.6
vertex 137.26100568376572 -221.763032588763 5.6
vertex 137.2610056838189 -221.76303258876484 1
endloop
endfacet
facet normal 0.03205313967896473 0.999486166105725 0
outer loop
vertex 136.2706885242237 -221.7312734956232 5.6
vertex 137.2610056838189 -221.76303258876484 1
vertex 136.27068852407822 -221.7312734956187 1
endloop
endfacet
facet normal 0.03354383035735963 0.9994372473772211 0
outer loop
vertex 137.26100568376572 -221.763032588763 5.6
vertex 138.25127437624593 -221.7962686974991 5.6
vertex 138.25127437616186 -221.7962686974964 1
endloop
endfacet
facet normal 0.03354383035735963 0.9994372473772211 0
outer loop
vertex 137.26100568376572 -221.763032588763 5.6
vertex 138.25127437616186 -221.7962686974964 1
vertex 137.2610056838189 -221.76303258876484 1
endloop
endfacet
facet normal 0.03503444641586385 0.9993861053488458 0
outer loop
vertex 138.25127437624593 -221.7962686974991 5.6
vertex 139.2414923945023 -221.83098174775563 5.6
vertex 139.24149239458183 -221.8309817477586 1
endloop
endfacet
facet normal 0.03503444641586385 0.9993861053488458 0
outer loop
vertex 138.25127437624593 -221.7962686974991 5.6
vertex 139.24149239458183 -221.8309817477586 1
vertex 138.25127437616186 -221.7962686974964 1
endloop
endfacet
facet normal 0.03652498453828911 0.9993327401343748 0
outer loop
vertex 139.2414923945023 -221.83098174775563 5.6
vertex 140.2316575371655 -221.86717166235928 5.6
vertex 140.23165753779938 -221.86717166238256 1
endloop
endfacet
facet normal 0.03652498453828911 0.9993327401343748 0
outer loop
vertex 139.2414923945023 -221.83098174775563 5.6
vertex 140.23165753779938 -221.86717166238256 1
vertex 139.24149239458183 -221.8309817477586 1
endloop
endfacet
facet normal 0.0380154414090157 0.9992771518525168 0
outer loop
vertex 140.2316575371655 -221.86717166235928 5.6
vertex 141.22176760194486 -221.90483836081862 5.6
vertex 141.2217676013165 -221.9048383607938 1
endloop
endfacet
facet normal 0.0380154414090157 0.9992771518525168 0
outer loop
vertex 140.2316575371655 -221.86717166235928 5.6
vertex 141.2217676013165 -221.9048383607938 1
vertex 140.23165753779938 -221.86717166238256 1
endloop
endfacet
facet normal 0.03950581371248061 0.999219340626929 0
outer loop
vertex 141.22176760194486 -221.90483836081862 5.6
vertex 142.21182038535562 -221.94398175930647 5.6
vertex 142.2118203859959 -221.94398175933185 1
endloop
endfacet
facet normal 0.03950581371248061 0.999219340626929 0
outer loop
vertex 141.22176760194486 -221.90483836081862 5.6
vertex 142.2118203859959 -221.94398175933185 1
vertex 141.2217676013165 -221.9048383607938 1
endloop
endfacet
facet normal 0.040996098133177845 0.9991593065862194 0
outer loop
vertex 142.21182038535562 -221.94398175930647 5.6
vertex 143.20181368534548 -221.98460177076015 5.6
vertex 143.20181368468727 -221.9846017707322 1
endloop
endfacet
facet normal 0.040996098133177845 0.9991593065862194 0
outer loop
vertex 142.21182038535562 -221.94398175930647 5.6
vertex 143.20181368468727 -221.9846017707322 1
vertex 142.2118203859959 -221.94398175933185 1
endloop
endfacet
facet normal 0.04248629135594231 0.9990970498639349 0
outer loop
vertex 143.20181368534548 -221.98460177076015 5.6
vertex 144.19174529970286 -222.02669830482137 5.6
vertex 144.19174529956422 -222.02669830481548 1
endloop
endfacet
facet normal 0.04248629135594231 0.9990970498639349 0
outer loop
vertex 143.20181368534548 -221.98460177076015 5.6
vertex 144.19174529956422 -222.02669830481548 1
vertex 143.20181368468727 -221.9846017707322 1
endloop
endfacet
facet normal 0.043976390065751055 0.9990325705985692 0
outer loop
vertex 144.19174529970286 -222.02669830482137 5.6
vertex 145.1816130268155 -222.07027126786795 5.6
vertex 145.1816130269528 -222.0702712678742 1
endloop
endfacet
facet normal 0.043976390065751055 0.9990325705985692 0
outer loop
vertex 144.19174529970286 -222.02669830482137 5.6
vertex 145.1816130269528 -222.0702712678742 1
vertex 144.19174529956422 -222.02669830481548 1
endloop
endfacet
facet normal 0.04546639094792224 0.9989658689335541 0
outer loop
vertex 145.1816130268155 -222.07027126786795 5.6
vertex 146.17141466483125 -222.11532056297847 5.6
vertex 146.1714146646714 -222.1153205629712 1
endloop
endfacet
facet normal 0.04546639094792224 0.9989658689335541 0
outer loop
vertex 145.1816130268155 -222.07027126786795 5.6
vertex 146.1714146646714 -222.1153205629712 1
vertex 145.1816130269528 -222.0702712678742 1
endloop
endfacet
facet normal 0.04695629068760358 0.9988969450172832 0
outer loop
vertex 146.17141466483125 -222.11532056297847 5.6
vertex 147.16114800999244 -222.1618460898513 5.6
vertex 147.1611480101288 -222.16184608985796 1
endloop
endfacet
facet normal 0.04695629068760358 0.9988969450172832 0
outer loop
vertex 146.17141466483125 -222.11532056297847 5.6
vertex 147.1611480101288 -222.16184608985796 1
vertex 146.1714146646714 -222.1153205629712 1
endloop
endfacet
facet normal 0.04844608597062458 0.9988257990030729 0
outer loop
vertex 147.16114800999244 -222.1618460898513 5.6
vertex 148.15081086204995 -222.20984774505538 5.6
vertex 148.15081086202667 -222.2098477450543 1
endloop
endfacet
facet normal 0.04844608597062458 0.9988257990030729 0
outer loop
vertex 147.16114800999244 -222.1618460898513 5.6
vertex 148.15081086202667 -222.2098477450543 1
vertex 147.1611480101288 -222.16184608985796 1
endloop
endfacet
facet normal 0.049935773482786786 0.9987524310491944 0
outer loop
vertex 148.15081086204995 -222.20984774505538 5.6
vertex 149.1404010182484 -222.25932542174934 5.6
vertex 149.14040101824625 -222.25932542174925 1
endloop
endfacet
facet normal 0.049935773482786786 0.9987524310491944 0
outer loop
vertex 148.15081086204995 -222.20984774505538 5.6
vertex 149.14040101824625 -222.25932542174925 1
vertex 148.15081086202667 -222.2098477450543 1
endloop
endfacet
facet normal 0.051425349910346044 0.9986768413188516 0
outer loop
vertex 149.1404010182484 -222.25932542174934 5.6
vertex 150.12991627950373 -222.31027900998365 5.6
vertex 150.12991627948878 -222.31027900998288 1
endloop
endfacet
facet normal 0.051425349910346044 0.9986768413188516 0
outer loop
vertex 149.1404010182484 -222.25932542174934 5.6
vertex 150.12991627948878 -222.31027900998288 1
vertex 149.14040101824625 -222.25932542174925 1
endloop
endfacet
facet normal 0.05291481193955864 0.9985990299802024 0
outer loop
vertex 150.12991627950373 -222.31027900998365 5.6
vertex 151.11935444484044 -222.36270839642683 5.6
vertex 151.11935444478382 -222.36270839642387 1
endloop
endfacet
facet normal 0.05291481193955864 0.9985990299802024 0
outer loop
vertex 150.12991627950373 -222.31027900998365 5.6
vertex 151.11935444478382 -222.36270839642387 1
vertex 150.12991627948878 -222.31027900998288 1
endloop
endfacet
facet normal 0.05440415625679409 0.9985189972063558 0
outer loop
vertex 151.11935444484044 -222.36270839642683 5.6
vertex 152.10871330611576 -222.41661346406548 5.6
vertex 152.1087133062336 -222.41661346407201 1
endloop
endfacet
facet normal 0.05440415625679409 0.9985189972063558 0
outer loop
vertex 151.11935444484044 -222.36270839642683 5.6
vertex 152.1087133062336 -222.41661346407201 1
vertex 151.11935444478382 -222.36270839642387 1
endloop
endfacet
facet normal 0.05589337954944543 0.9984367431753208 0
outer loop
vertex 152.10871330611576 -222.41661346406548 5.6
vertex 153.09799067527035 -222.4719940936865 5.6
vertex 153.09799067514055 -222.4719940936792 1
endloop
endfacet
facet normal 0.05589337954944543 0.9984367431753208 0
outer loop
vertex 152.10871330611576 -222.41661346406548 5.6
vertex 153.09799067514055 -222.4719940936792 1
vertex 152.1087133062336 -222.41661346407201 1
endloop
endfacet
facet normal 0.05738247850433711 0.9983522680700933 0
outer loop
vertex 153.09799067527035 -222.4719940936865 5.6
vertex 154.08718433686616 -222.52885016126763 5.6
vertex 154.08718433700466 -222.52885016127573 1
endloop
endfacet
facet normal 0.05738247850433711 0.9983522680700933 0
outer loop
vertex 153.09799067527035 -222.4719940936865 5.6
vertex 154.08718433700466 -222.52885016127573 1
vertex 153.09799067514055 -222.4719940936792 1
endloop
endfacet
facet normal 0.05887144980880519 0.9982655720785975 0
outer loop
vertex 154.08718433686616 -222.52885016126763 5.6
vertex 155.07629210669282 -222.58718154126865 5.6
vertex 155.0762921065421 -222.5871815412597 1
endloop
endfacet
facet normal 0.05887144980880519 0.9982655720785975 0
outer loop
vertex 154.08718433686616 -222.52885016126763 5.6
vertex 155.0762921065421 -222.5871815412597 1
vertex 154.08718433700466 -222.52885016127573 1
endloop
endfacet
facet normal 0.060360290150754295 0.9981766553936817 0
outer loop
vertex 155.07629210669282 -222.58718154126865 5.6
vertex 156.06531176634536 -222.64698810286157 5.6
vertex 156.06531176640308 -222.64698810286524 1
endloop
endfacet
facet normal 0.060360290150754295 0.9981766553936817 0
outer loop
vertex 155.07629210669282 -222.58718154126865 5.6
vertex 156.06531176640308 -222.64698810286524 1
vertex 155.0762921065421 -222.5871815412597 1
endloop
endfacet
facet normal 0.061848996218145616 0.9980855182131478 0
outer loop
vertex 156.06531176634536 -222.64698810286157 5.6
vertex 157.0542411316325 -222.70826971396355 5.6
vertex 157.0542411316906 -222.70826971396727 1
endloop
endfacet
facet normal 0.061848996218145616 0.9980855182131478 0
outer loop
vertex 156.06531176634536 -222.64698810286157 5.6
vertex 157.0542411316906 -222.70826971396727 1
vertex 156.06531176640308 -222.64698810286524 1
endloop
endfacet
facet normal 0.0633375646991681 0.9979921607397418 0
outer loop
vertex 157.0542411316325 -222.70826971396355 5.6
vertex 158.0430779912083 -222.77102623754573 5.6
vertex 158.0430779911682 -222.77102623754323 1
endloop
endfacet
facet normal 0.0633375646991681 0.9979921607397418 0
outer loop
vertex 157.0542411316325 -222.70826971396355 5.6
vertex 158.0430779911682 -222.77102623754323 1
vertex 157.0542411316906 -222.70826971396727 1
endloop
endfacet
facet normal 0.06482599228249343 0.9978965831811382 0
outer loop
vertex 158.0430779912083 -222.77102623754573 5.6
vertex 159.03182015021812 -222.83525753430496 5.6
vertex 159.03182015020704 -222.83525753430436 1
endloop
endfacet
facet normal 0.06482599228249343 0.9978965831811382 0
outer loop
vertex 158.0430779912083 -222.77102623754573 5.6
vertex 159.03182015020704 -222.83525753430436 1
vertex 158.0430779911682 -222.77102623754323 1
endloop
endfacet
facet normal 0.06631427565719145 0.9977987857499437 0
outer loop
vertex 159.03182015021812 -222.83525753430496 5.6
vertex 160.0204654154077 -222.90096346177174 5.6
vertex 160.02046541535276 -222.90096346176824 1
endloop
endfacet
facet normal 0.06631427565719145 0.9977987857499437 0
outer loop
vertex 159.03182015021812 -222.83525753430496 5.6
vertex 160.02046541535276 -222.90096346176824 1
vertex 159.03182015020704 -222.83525753430436 1
endloop
endfacet
facet normal 0.06780241151227533 0.9976987686637285 0
outer loop
vertex 160.0204654154077 -222.90096346177174 5.6
vertex 161.00901157180215 -222.96814387273338 5.6
vertex 161.00901157186848 -222.9681438727381 1
endloop
endfacet
facet normal 0.06780241151227533 0.9976987686637285 0
outer loop
vertex 160.0204654154077 -222.90096346177174 5.6
vertex 161.00901157186848 -222.9681438727381 1
vertex 160.02046541535276 -222.90096346176824 1
endloop
endfacet
facet normal 0.06929039653738306 0.997596532144981 0
outer loop
vertex 161.00901157180215 -222.96814387273338 5.6
vertex 161.99745643637777 -223.03679861883046 5.6
vertex 161.9974564363663 -223.0367986188298 1
endloop
endfacet
facet normal 0.06929039653738306 0.997596532144981 0
outer loop
vertex 161.00901157180215 -222.96814387273338 5.6
vertex 161.9974564363663 -223.0367986188298 1
vertex 161.00901157186848 -222.9681438727381 1
endloop
endfacet
facet normal 0.0707782274223519 0.9974920764211362 0
outer loop
vertex 161.99745643637777 -223.03679861883046 5.6
vertex 162.9857977983381 -223.1069275465095 5.6
vertex 162.9857977984269 -223.10692754651598 1
endloop
endfacet
facet normal 0.0707782274223519 0.9974920764211362 0
outer loop
vertex 161.99745643637777 -223.03679861883046 5.6
vertex 162.9857977984269 -223.10692754651598 1
vertex 161.9974564363663 -223.0367986188298 1
endloop
endfacet
facet normal 0.07226590085764421 0.9973854017245456 0
outer loop
vertex 162.9857977983381 -223.1069275465095 5.6
vertex 163.97403346890695 -223.17853050046273 5.6
vertex 163.9740334689217 -223.17853050046384 1
endloop
endfacet
facet normal 0.07226590085764421 0.9973854017245456 0
outer loop
vertex 162.9857977983381 -223.1069275465095 5.6
vertex 163.9740334689217 -223.17853050046384 1
vertex 162.9857977984269 -223.10692754651598 1
endloop
endfacet
facet normal 0.07375341353358061 0.9972765082925321 0
outer loop
vertex 163.97403346890695 -223.17853050046273 5.6
vertex 164.96216124551646 -223.25160732111007 5.6
vertex 164.96216124551987 -223.25160732111033 1
endloop
endfacet
facet normal 0.07375341353358061 0.9972765082925321 0
outer loop
vertex 163.97403346890695 -223.17853050046273 5.6
vertex 164.96216124551987 -223.25160732111033 1
vertex 163.9740334689217 -223.17853050046384 1
endloop
endfacet
facet normal 0.07524076214116351 0.9971653963673313 0
outer loop
vertex 164.96216124551646 -223.25160732111007 5.6
vertex 165.9501789242594 -223.32615784545473 5.6
vertex 165.95017892419452 -223.32615784544984 1
endloop
endfacet
facet normal 0.07524076214116351 0.9971653963673313 0
outer loop
vertex 164.96216124551646 -223.25160732111007 5.6
vertex 165.95017892419452 -223.32615784544984 1
vertex 164.96216124551987 -223.25160732111033 1
endloop
endfacet
facet normal 0.0767279433719637 0.9970520661960983 0
outer loop
vertex 165.9501789242594 -223.32615784545473 5.6
vertex 166.9380843160536 -223.402181908318 5.6
vertex 166.93808431600257 -223.40218190831416 1
endloop
endfacet
facet normal 0.0767279433719637 0.9970520661960983 0
outer loop
vertex 165.9501789242594 -223.32615784545473 5.6
vertex 166.93808431600257 -223.40218190831416 1
vertex 165.95017892419452 -223.32615784544984 1
endloop
endfacet
facet normal 0 0 -1
outer loop
vertex 166.9380843160536 -223.402181908318 5.6
vertex 166.99404459147846 -223.40657228853217 5.6
vertex 167.23098081632713 -223.42516119120822 5.6
endloop
endfacet
facet normal 0 0 -1
outer loop
vertex 166.9380843160536 -223.402181908318 5.6
vertex 167.23098081632713 -223.42516119120822 5.6
vertex 167.33385954370513 -223.4332325726607 5.6
endloop
endfacet
facet normal 0 0 -1
outer loop
vertex 166.9380843160536 -223.402181908318 5.6
vertex 167.33385954370513 -223.4332325726607 5.6
vertex 167.45523500795238 -223.4427551211591 5.6
endloop
endfacet
facet normal 0 0 -1
outer loop
vertex 166.9380843160536 -223.402181908318 5.6
vertex 167.45523500795238 -223.4427551211591 5.6
vertex 167.5951069477485 -223.45372881620148 5.6
endloop
endfacet
facet normal 0 0 -1
outer loop
vertex 166.9380843160536 -223.402181908318 5.6
vertex 167.5951069477485 -223.45372881620148 5.6
vertex 167.75347506193845 -223.4661536341606 5.6
endloop
endfacet
facet normal 0 0 -1
outer loop
vertex 166.9380843160536 -223.402181908318 5.6
vertex 167.75347506193845 -223.4661536341606 5.6
vertex 167.92587522036723 -223.47967934036453 5.6
endloop
endfacet
facet normal 0 0 -1
outer loop
vertex 166.9380843160536 -223.402181908318 5.6
vertex 167.92587522036723 -223.47967934036453 5.6
vertex 167.92587522036726 -223.47967934036475 1.0000000000000004
endloop
endfacet
facet normal 0 0 -1
outer loop
vertex 166.9380843160536 -223.402181908318 5.6
vertex 167.92587522036726 -223.47967934036475 1.0000000000000004
vertex 166.93808431600257 -223.40218190831416 1
endloop
endfacet
facet normal 0 0 1
outer loop
vertex 167.92587522036723 -223.47967934036453 5.6
vertex 167.93025522011243 -223.48002954828468 5.6
vertex 168.12194754469377 -223.4953565286969 5.6
endloop
endfacet
facet normal 0 0 1
outer loop
vertex 167.92587522036723 -223.47967934036453 5.6
vertex 168.12194754469377 -223.4953565286969 5.6
vertex 168.33178773249224 -223.5121345423973 5.6
endloop
endfacet
facet normal 0 0 1
outer loop
vertex 167.92587522036723 -223.47967934036453 5.6
vertex 168.33178773249224 -223.5121345423973 5.6
vertex 168.55977533171554 -223.53036355326228 5.6
endloop
endfacet
facet normal 0 0 1
outer loop
vertex 167.92587522036723 -223.47967934036453 5.6
vertex 168.55977533171554 -223.53036355326228 5.6
vertex 168.8059098514763 -223.55004352204236 5.6
endloop
endfacet
facet normal 0 0 1
outer loop
vertex 167.92587522036723 -223.47967934036453 5.6
vertex 168.8059098514763 -223.55004352204236 5.6
vertex 168.91354943556453 -223.5586499688602 5.6
endloop
endfacet
facet normal 0 0 1
outer loop
vertex 167.92587522036723 -223.47967934036453 5.6
vertex 168.91354943556453 -223.5586499688602 5.6
vertex 168.9135494356401 -223.55864996886623 1
endloop
endfacet
facet normal 0 0 1
outer loop
vertex 167.92587522036723 -223.47967934036453 5.6
vertex 168.9135494356401 -223.55864996886623 1
vertex 167.93025522011243 -223.48002954828468 1
endloop
endfacet
facet normal 0 0 1
outer loop
vertex 167.92587522036723 -223.47967934036453 5.6
vertex 167.93025522011243 -223.48002954828468 1
vertex 167.92587522036726 -223.47967934036475 1.0000000000000004
endloop
endfacet
facet normal 0 0 1
outer loop
vertex 168.91354943556453 -223.5586499688602 5.6
vertex 169.06730395955486 -223.57117440636503 5.6
vertex 169.34452574236303 -223.59375616073328 5.6
endloop
endfacet
facet normal 0 0 1
outer loop
vertex 168.91354943556453 -223.5586499688602 5.6
vertex 169.34452574236303 -223.59375616073328 5.6
vertex 169.6395583336376 -223.61778873652622 5.6
endloop
endfacet
facet normal 0 0 1
outer loop
vertex 168.91354943556453 -223.5586499688602 5.6
vertex 169.6395583336376 -223.61778873652622 5.6
vertex 169.90110477003262 -223.63909361856955 5.6
endloop
endfacet
facet normal 0 0 1
outer loop
vertex 168.91354943556453 -223.5586499688602 5.6
vertex 169.90110477003262 -223.63909361856955 5.6
vertex 169.90110476993564 -223.63909361856153 1
endloop
endfacet
facet normal 0 0 1
outer loop
vertex 168.91354943556453 -223.5586499688602 5.6
vertex 169.90110476993564 -223.63909361856153 1
vertex 168.9135494356401 -223.55864996886623 1
endloop
endfacet
facet normal 0 0 1
outer loop
vertex 169.90110477003262 -223.63909361856955 5.6
vertex 169.95147262434847 -223.64327208200172 5.6
vertex 170.27614001627114 -223.67020614229062 5.6
endloop
endfacet
facet normal 0 0 1
outer loop
vertex 169.90110477003262 -223.63909361856955 5.6
vertex 170.27614001627114 -223.67020614229062 5.6
vertex 170.61829385327965 -223.6985908593991 5.6
endloop
endfacet
facet normal 0 0 1
outer loop
vertex 169.90110477003262 -223.63909361856955 5.6
vertex 170.61829385327965 -223.6985908593991 5.6
vertex 170.88853902675947 -223.72101011053545 5.6
endloop
endfacet
facet normal 0 0 1
outer loop
vertex 169.90110477003262 -223.63909361856955 5.6
vertex 170.88853902675947 -223.72101011053545 5.6
vertex 170.8885390266712 -223.7210101105281 1
endloop
endfacet
facet normal 0 0 1
outer loop
vertex 169.90110477003262 -223.63909361856955 5.6
vertex 170.8885390266712 -223.7210101105281 1
vertex 169.90110476993564 -223.63909361856153 1
endloop
endfacet
facet normal 0 0 -1
outer loop
vertex 170.88853902675947 -223.72101011053545 5.6
vertex 170.9763437228155 -223.72842617221852 5.6
vertex 171.34676189968877 -223.75971201650265 5.6
endloop
endfacet
facet normal 0 0 -1
outer loop
vertex 170.88853902675947 -223.72101011053545 5.6
vertex 171.34676189968877 -223.75971201650265 5.6
vertex 171.7343532832884 -223.7924483248975 5.6
endloop
endfacet
facet normal 0 0 -1
outer loop
vertex 170.88853902675947 -223.72101011053545 5.6
vertex 171.7343532832884 -223.7924483248975 5.6
vertex 171.8758500075189 -223.80439926239833 5.6
endloop
endfacet
facet normal 0 0 -1
outer loop
vertex 170.88853902675947 -223.72101011053545 5.6
vertex 171.8758500075189 -223.80439926239833 5.6
vertex 171.87585000774405 -223.80439926241752 1
endloop
endfacet
facet normal 0 0 -1
outer loop
vertex 170.88853902675947 -223.72101011053545 5.6
vertex 171.87585000774405 -223.80439926241752 1
vertex 170.8885390266712 -223.7210101105281 1
endloop
endfacet
facet normal 0 0 -1
outer loop
vertex 171.8758500075189 -223.80439926239833 5.6
vertex 172.13451609101216 -223.8266350269172 5.6
vertex 172.54907745718563 -223.8622720489511 5.6
endloop
endfacet
facet normal 0 0 -1
outer loop
vertex 171.8758500075189 -223.80439926239833 5.6
vertex 172.54907745718563 -223.8622720489511 5.6
vertex 172.86303551176042 -223.88926088829197 5.6
endloop
endfacet
facet normal 0 0 -1
outer loop
vertex 171.8758500075189 -223.80439926239833 5.6
vertex 172.86303551176042 -223.88926088829197 5.6
vertex 172.86303551151312 -223.88926088827054 1
endloop
endfacet
facet normal 0 0 -1
outer loop
vertex 171.8758500075189 -223.80439926239833 5.6
vertex 172.86303551151312 -223.88926088827054 1
vertex 171.87585000774405 -223.80439926241752 1
endloop
endfacet
facet normal 0 0 -1
outer loop
vertex 172.86303551176042 -223.88926088829197 5.6
vertex 172.9784910763373 -223.89935931427283 5.6
vertex 173.41909049283868 -223.93789674303216 5.6
endloop
endfacet
facet normal 0 0 -1
outer loop
vertex 172.86303551176042 -223.88926088829197 5.6
vertex 173.41909049283868 -223.93789674303216 5.6
vertex 173.85009335000117 -223.9755947999993 5.6
endloop
endfacet
facet normal 0 0 -1
outer loop
vertex 172.86303551176042 -223.88926088829197 5.6
vertex 173.85009335000117 -223.9755947999993 5.6
vertex 173.8500933500009 -223.9755947999994 1
endloop
endfacet
facet normal 0 0 -1
outer loop
vertex 172.86303551176042 -223.88926088829197 5.6
vertex 173.8500933500009 -223.9755947999994 1
vertex 172.86303551151312 -223.88926088827054 1
endloop
endfacet
facet normal -0.9972034566042156 0.07473463813121857 -2.496382621803803e-13
outer loop
vertex 191.81020890000147 -211.19730149999842 5.6
vertex 193.65667980000092 -186.55936640000382 5.6
vertex 193.6566798000017 -186.55936640000857 1
endloop
endfacet
facet normal -0.9972034566042156 0.07473463813121857 -2.496382621803803e-13
outer loop
vertex 191.81020890000147 -211.19730149999842 5.6
vertex 193.6566798000017 -186.55936640000857 1
vertex 191.8842471371842 -210.2093903 1
endloop
endfacet
facet normal -0.9972034566042156 0.07473463813121857 -2.496382621803803e-13
outer loop
vertex 191.81020890000147 -211.19730149999842 5.6
vertex 191.8842471371842 -210.2093903 1
vertex 191.8737932478298 -210.34887922855938 1
endloop
endfacet
facet normal -0.9972034566042156 0.07473463813121857 -2.496382621803803e-13
outer loop
vertex 191.81020890000147 -211.19730149999842 5.6
vertex 191.8737932478298 -210.34887922855938 1
vertex 191.84345487929346 -210.75369186603143 1
endloop
endfacet
facet normal -0.9972034566042156 0.07473463813121857 -2.496382621803803e-13
outer loop
vertex 191.81020890000147 -211.19730149999842 5.6
vertex 191.84345487929346 -210.75369186603143 1
vertex 191.8102089000035 -211.19730149999634 1
endloop
endfacet
facet normal -0.9986295347087898 0.05233595711655495 2.2332197676802346e-14
outer loop
vertex 186.7693154000007 -165.11952710000284 5.6
vertex 191.43179497867536 -76.15411844469241 5.6
vertex 191.43179497867536 -76.15411844469173 4
endloop
endfacet
facet normal -0.9986295347087898 0.05233595711655495 2.2332197676802346e-14
outer loop
vertex 186.7693154000007 -165.11952710000284 5.6
vertex 191.43179497867536 -76.15411844469173 4
vertex 191.43179497867536 -76.15411844469172 1
endloop
endfacet
facet normal -0.9986295347087898 0.05233595711655495 2.2332197676802346e-14
outer loop
vertex 186.7693154000007 -165.11952710000284 5.6
vertex 191.43179497867536 -76.15411844469172 1
vertex 186.76931540000064 -165.11952710000486 1
endloop
endfacet
facet normal -0.9986295347087898 0.05233595711655461 -3.4085794354439425e-15
outer loop
vertex 191.43179497867536 -76.15411844469241 5.6
vertex 191.7301099365261 -70.46193005322543 5.6
vertex 191.73010993652616 -70.46193005322445 4
endloop
endfacet
facet normal -0.9986295347087898 0.05233595711655461 -3.4085794354439425e-15
outer loop
vertex 191.43179497867536 -76.15411844469241 5.6
vertex 191.73010993652616 -70.46193005322445 4
vertex 191.66394503167137 -71.72443162555727 4
endloop
endfacet
facet normal -0.9986295347087898 0.05233595711655461 -3.4085794354439425e-15
outer loop
vertex 191.43179497867536 -76.15411844469241 5.6
vertex 191.66394503167137 -71.72443162555727 4
vertex 191.63538767085782 -72.26933852156002 4
endloop
endfacet
facet normal -0.9986295347087898 0.05233595711655461 -3.4085794354439425e-15
outer loop
vertex 191.43179497867536 -76.15411844469241 5.6
vertex 191.63538767085782 -72.26933852156002 4
vertex 191.5891808904325 -73.15101639999824 4
endloop
endfacet
facet normal -0.9986295347087898 0.05233595711655461 -3.4085794354439425e-15
outer loop
vertex 191.43179497867536 -76.15411844469241 5.6
vertex 191.5891808904325 -73.15101639999824 4
vertex 191.54297411000678 -74.03269427844334 4
endloop
endfacet
facet normal -0.9986295347087898 0.05233595711655461 -3.4085794354439425e-15
outer loop
vertex 191.43179497867536 -76.15411844469241 5.6
vertex 191.54297411000678 -74.03269427844334 4
vertex 191.51441674919343 -74.57760117444273 4
endloop
endfacet
facet normal -0.9986295347087898 0.05233595711655461 -3.4085794354439425e-15
outer loop
vertex 191.43179497867536 -76.15411844469241 5.6
vertex 191.51441674919343 -74.57760117444273 4
vertex 191.43179497867536 -76.15411844469173 4
endloop
endfacet
facet normal -0.99862953470879 0.052335957116549786 -3.4047173773041837e-15
outer loop
vertex 191.73010993652616 -70.46193005322445 4
vertex 191.7301099365261 -70.46193005322543 5.6
vertex 192.26131989999752 -60.32584030000338 5.6
endloop
endfacet
facet normal -0.99862953470879 0.052335957116549786 -3.4047173773041837e-15
outer loop
vertex 191.73010993652616 -70.46193005322445 4
vertex 192.26131989999752 -60.32584030000338 5.6
vertex 192.26131989999755 -60.32584030000346 1
endloop
endfacet
facet normal -0.99862953470879 0.052335957116549786 -3.4047173773041837e-15
outer loop
vertex 191.73010993652616 -70.46193005322445 4
vertex 192.26131989999755 -60.32584030000346 1
vertex 192.1650773586058 -62.16225735673679 1
endloop
endfacet
facet normal -0.99862953470879 0.052335957116549786 -3.4047173773041837e-15
outer loop
vertex 191.73010993652616 -70.46193005322445 4
vertex 192.1650773586058 -62.16225735673679 1
vertex 192.13169487225557 -62.79923313109836 1
endloop
endfacet
facet normal -0.99862953470879 0.052335957116549786 -3.4047173773041837e-15
outer loop
vertex 191.73010993652616 -70.46193005322445 4
vertex 192.13169487225557 -62.79923313109836 1
vertex 192.08676560768538 -63.656534555291785 1
endloop
endfacet
facet normal -0.99862953470879 0.052335957116549786 -3.4047173773041837e-15
outer loop
vertex 191.73010993652616 -70.46193005322445 4
vertex 192.08676560768538 -63.656534555291785 1
vertex 192.03570212469114 -64.63088383774905 1
endloop
endfacet
facet normal -0.99862953470879 0.052335957116549786 -3.4047173773041837e-15
outer loop
vertex 191.73010993652616 -70.46193005322445 4
vertex 192.03570212469114 -64.63088383774905 1
vertex 191.98465596298163 -65.60490261040921 1
endloop
endfacet
facet normal -0.99862953470879 0.052335957116549786 -3.4047173773041837e-15
outer loop
vertex 191.73010993652616 -70.46193005322445 4
vertex 191.98465596298163 -65.60490261040921 1
vertex 191.93977657559722 -66.46125232122104 1
endloop
endfacet
facet normal -0.99862953470879 0.052335957116549786 -3.4047173773041837e-15
outer loop
vertex 191.73010993652616 -70.46193005322445 4
vertex 191.93977657559722 -66.46125232122104 1
vertex 191.90647051370487 -67.09676983007219 1
endloop
endfacet
facet normal -0.99862953470879 0.052335957116549786 -3.4047173773041837e-15
outer loop
vertex 191.73010993652616 -70.46193005322445 4
vertex 191.90647051370487 -67.09676983007219 1
vertex 191.88875010764966 -67.43489531451891 1
endloop
endfacet
facet normal -0.99862953470879 0.052335957116549786 -3.4047173773041837e-15
outer loop
vertex 191.73010993652616 -70.46193005322445 4
vertex 191.88875010764966 -67.43489531451891 1
vertex 191.73833836958138 -70.3049222 1
endloop
endfacet
facet normal -0.99862953470879 0.052335957116549786 -3.4047173773041837e-15
outer loop
vertex 191.73010993652616 -70.46193005322445 4
vertex 191.73833836958138 -70.3049222 1
vertex 191.73010993652616 -70.46193005322445 1
endloop
endfacet
facet normal -0.5797243092158165 0.8148126933867957 1.1324587403801624e-13
outer loop
vertex 173.85009335000117 -223.9755947999993 5.6
vertex 191.81020890000147 -211.19730149999842 5.6
vertex 191.8102089000035 -211.19730149999634 1
endloop
endfacet
facet normal -0.5797243092158165 0.8148126933867957 1.1324587403801624e-13
outer loop
vertex 173.85009335000117 -223.9755947999993 5.6
vertex 191.8102089000035 -211.19730149999634 1
vertex 191.54751650112053 -211.38420233096645 1
endloop
endfacet
facet normal -0.5797243092158165 0.8148126933867957 1.1324587403801624e-13
outer loop
vertex 173.85009335000117 -223.9755947999993 5.6
vertex 191.54751650112053 -211.38420233096645 1
vertex 190.75210787185796 -211.9501210039152 1
endloop
endfacet
facet normal -0.5797243092158165 0.8148126933867957 1.1324587403801624e-13
outer loop
vertex 173.85009335000117 -223.9755947999993 5.6
vertex 190.75210787185796 -211.9501210039152 1
vertex 190.27629844238655 -212.2886506992143 1
endloop
endfacet
facet normal -0.5797243092158165 0.8148126933867957 1.1324587403801624e-13
outer loop
vertex 173.85009335000117 -223.9755947999993 5.6
vertex 190.27629844238655 -212.2886506992143 1
vertex 189.38206922284138 -212.9248784123934 1
endloop
endfacet
facet normal -0.5797243092158165 0.8148126933867957 1.1324587403801624e-13
outer loop
vertex 173.85009335000117 -223.9755947999993 5.6
vertex 189.38206922284138 -212.9248784123934 1
vertex 188.17727745450392 -213.78206569152184 1
endloop
endfacet
facet normal -0.5797243092158165 0.8148126933867957 1.1324587403801624e-13
outer loop
vertex 173.85009335000117 -223.9755947999993 5.6
vertex 188.17727745450392 -213.78206569152184 1
vertex 186.80723880549806 -214.75682310000008 1
endloop
endfacet
facet normal -0.5797243092158165 0.8148126933867957 1.1324587403801624e-13
outer loop
vertex 173.85009335000117 -223.9755947999993 5.6
vertex 186.80723880549806 -214.75682310000008 1
vertex 185.43720015647028 -215.73158050847815 1
endloop
endfacet
facet normal -0.5797243092158165 0.8148126933867957 1.1324587403801624e-13
outer loop
vertex 173.85009335000117 -223.9755947999993 5.6
vertex 185.43720015647028 -215.73158050847815 1
vertex 184.23240838814786 -216.5887677876066 1
endloop
endfacet
facet normal -0.5797243092158165 0.8148126933867957 1.1324587403801624e-13
outer loop
vertex 173.85009335000117 -223.9755947999993 5.6
vertex 184.23240838814786 -216.5887677876066 1
vertex 183.33817916859874 -217.22499550078567 1
endloop
endfacet
facet normal -0.5797243092158165 0.8148126933867957 1.1324587403801624e-13
outer loop
vertex 173.85009335000117 -223.9755947999993 5.6
vertex 183.33817916859874 -217.22499550078567 1
vertex 182.8623697391286 -217.56352519608478 1
endloop
endfacet
facet normal -0.5797243092158165 0.8148126933867957 1.1324587403801624e-13
outer loop
vertex 173.85009335000117 -223.9755947999993 5.6
vertex 182.8623697391286 -217.56352519608478 1
vertex 177.4622392555046 -221.40561913951848 1
endloop
endfacet
facet normal -0.5797243092158165 0.8148126933867957 1.1324587403801624e-13
outer loop
vertex 173.85009335000117 -223.9755947999993 5.6
vertex 177.4622392555046 -221.40561913951848 1
vertex 177.43633476934136 -221.42404970702003 1
endloop
endfacet
facet normal -0.5797243092158165 0.8148126933867957 1.1324587403801624e-13
outer loop
vertex 173.85009335000117 -223.9755947999993 5.6
vertex 177.43633476934136 -221.42404970702003 1
vertex 177.42492270963925 -221.43216917850253 1
endloop
endfacet
facet normal -0.5797243092158165 0.8148126933867957 1.1324587403801624e-13
outer loop
vertex 173.85009335000117 -223.9755947999993 5.6
vertex 177.42492270963925 -221.43216917850253 1
vertex 177.41143364417172 -221.44176640154973 1
endloop
endfacet
facet normal -0.5797243092158165 0.8148126933867957 1.1324587403801624e-13
outer loop
vertex 173.85009335000117 -223.9755947999993 5.6
vertex 177.41143364417172 -221.44176640154973 1
vertex 177.39586760306804 -221.45284135472522 1
endloop
endfacet
facet normal -0.5797243092158165 0.8148126933867957 1.1324587403801624e-13
outer loop
vertex 173.85009335000117 -223.9755947999993 5.6
vertex 177.39586760306804 -221.45284135472522 1
vertex 177.37822462084915 -221.46539401346797 1
endloop
endfacet
facet normal -0.5797243092158165 0.8148126933867957 1.1324587403801624e-13
outer loop
vertex 173.85009335000117 -223.9755947999993 5.6
vertex 177.37822462084915 -221.46539401346797 1
vertex 177.3585047368241 -221.47942434981033 1
endloop
endfacet
facet normal -0.5797243092158165 0.8148126933867957 1.1324587403801624e-13
outer loop
vertex 173.85009335000117 -223.9755947999993 5.6
vertex 177.3585047368241 -221.47942434981033 1
vertex 177.33670799484202 -221.4949323325544 1
endloop
endfacet
facet normal -0.5797243092158165 0.8148126933867957 1.1324587403801624e-13
outer loop
vertex 173.85009335000117 -223.9755947999993 5.6
vertex 177.33670799484202 -221.4949323325544 1
vertex 177.31283444332047 -221.51191792725206 1
endloop
endfacet
facet normal -0.5797243092158165 0.8148126933867957 1.1324587403801624e-13
outer loop
vertex 173.85009335000117 -223.9755947999993 5.6
vertex 177.31283444332047 -221.51191792725206 1
vertex 177.2868841356101 -221.53038109594522 1
endloop
endfacet
facet normal -0.5797243092158165 0.8148126933867957 1.1324587403801624e-13
outer loop
vertex 173.85009335000117 -223.9755947999993 5.6
vertex 177.2868841356101 -221.53038109594522 1
vertex 177.25885712903175 -221.55032179785118 1
endloop
endfacet
facet normal -0.5797243092158165 0.8148126933867957 1.1324587403801624e-13
outer loop
vertex 173.85009335000117 -223.9755947999993 5.6
vertex 177.25885712903175 -221.55032179785118 1
vertex 177.2287534863735 -221.57173998829737 1
endloop
endfacet
facet normal -0.5797243092158165 0.8148126933867957 1.1324587403801624e-13
outer loop
vertex 173.85009335000117 -223.9755947999993 5.6
vertex 177.2287534863735 -221.57173998829737 1
vertex 177.19657327422536 -221.59463561990623 1
endloop
endfacet
facet normal -0.5797243092158165 0.8148126933867957 1.1324587403801624e-13
outer loop
vertex 173.85009335000117 -223.9755947999993 5.6
vertex 177.19657327422536 -221.59463561990623 1
vertex 177.16231656452953 -221.61900864149214 1
endloop
endfacet
facet normal -0.5797243092158165 0.8148126933867957 1.1324587403801624e-13
outer loop
vertex 173.85009335000117 -223.9755947999993 5.6
vertex 177.16231656452953 -221.61900864149214 1
vertex 177.1259834330684 -221.64485899913743 1
endloop
endfacet
facet normal -0.5797243092158165 0.8148126933867957 1.1324587403801624e-13
outer loop
vertex 173.85009335000117 -223.9755947999993 5.6
vertex 177.1259834330684 -221.64485899913743 1
vertex 177.08757396115303 -221.67218663499068 1
endloop
endfacet
facet normal -0.5797243092158165 0.8148126933867957 1.1324587403801624e-13
outer loop
vertex 173.85009335000117 -223.9755947999993 5.6
vertex 177.08757396115303 -221.67218663499068 1
vertex 177.04708823385678 -221.70099148852378 1
endloop
endfacet
facet normal -0.5797243092158165 0.8148126933867957 1.1324587403801624e-13
outer loop
vertex 173.85009335000117 -223.9755947999993 5.6
vertex 177.04708823385678 -221.70099148852378 1
vertex 177.00452634129874 -221.7312734956187 1
endloop
endfacet
facet normal -0.5797243092158165 0.8148126933867957 1.1324587403801624e-13
outer loop
vertex 173.85009335000117 -223.9755947999993 5.6
vertex 177.00452634129874 -221.7312734956187 1
vertex 176.9598883783661 -221.76303258876484 1
endloop
endfacet
facet normal -0.5797243092158165 0.8148126933867957 1.1324587403801624e-13
outer loop
vertex 173.85009335000117 -223.9755947999993 5.6
vertex 176.9598883783661 -221.76303258876484 1
vertex 176.91317444409984 -221.7962686974964 1
endloop
endfacet
facet normal -0.5797243092158165 0.8148126933867957 1.1324587403801624e-13
outer loop
vertex 173.85009335000117 -223.9755947999993 5.6
vertex 176.91317444409984 -221.7962686974964 1
vertex 176.86438464258524 -221.8309817477586 1
endloop
endfacet
facet normal -0.5797243092158165 0.8148126933867957 1.1324587403801624e-13
outer loop
vertex 173.85009335000117 -223.9755947999993 5.6
vertex 176.86438464258524 -221.8309817477586 1
vertex 176.8135190822846 -221.86717166238256 1
endloop
endfacet
facet normal -0.5797243092158165 0.8148126933867957 1.1324587403801624e-13
outer loop
vertex 173.85009335000117 -223.9755947999993 5.6
vertex 176.8135190822846 -221.86717166238256 1
vertex 176.76057787644666 -221.9048383607938 1
endloop
endfacet
facet normal -0.5797243092158165 0.8148126933867957 1.1324587403801624e-13
outer loop
vertex 173.85009335000117 -223.9755947999993 5.6
vertex 176.76057787644666 -221.9048383607938 1
vertex 176.70556114265773 -221.94398175933185 1
endloop
endfacet
facet normal -0.5797243092158165 0.8148126933867957 1.1324587403801624e-13
outer loop
vertex 173.85009335000117 -223.9755947999993 5.6
vertex 176.70556114265773 -221.94398175933185 1
vertex 176.64846900356952 -221.9846017707322 1
endloop
endfacet
facet normal -0.5797243092158165 0.8148126933867957 1.1324587403801624e-13
outer loop
vertex 173.85009335000117 -223.9755947999993 5.6
vertex 176.64846900356952 -221.9846017707322 1
vertex 176.5893015859309 -222.02669830481548 1
endloop
endfacet
facet normal -0.5797243092158165 0.8148126933867957 1.1324587403801624e-13
outer loop
vertex 173.85009335000117 -223.9755947999993 5.6
vertex 176.5893015859309 -222.02669830481548 1
vertex 176.5280590214493 -222.0702712678742 1
endloop
endfacet
facet normal -0.5797243092158165 0.8148126933867957 1.1324587403801624e-13
outer loop
vertex 173.85009335000117 -223.9755947999993 5.6
vertex 176.5280590214493 -222.0702712678742 1
vertex 176.46474144637156 -222.1153205629712 1
endloop
endfacet
facet normal -0.5797243092158165 0.8148126933867957 1.1324587403801624e-13
outer loop
vertex 173.85009335000117 -223.9755947999993 5.6
vertex 176.46474144637156 -222.1153205629712 1
vertex 176.39934900159875 -222.16184608985796 1
endloop
endfacet
facet normal -0.5797243092158165 0.8148126933867957 1.1324587403801624e-13
outer loop
vertex 173.85009335000117 -223.9755947999993 5.6
vertex 176.39934900159875 -222.16184608985796 1
vertex 176.33188183257417 -222.2098477450543 1
endloop
endfacet
facet normal -0.5797243092158165 0.8148126933867957 1.1324587403801624e-13
outer loop
vertex 173.85009335000117 -223.9755947999993 5.6
vertex 176.33188183257417 -222.2098477450543 1
vertex 176.2623400894224 -222.25932542174925 1
endloop
endfacet
facet normal -0.5797243092158165 0.8148126933867957 1.1324587403801624e-13
outer loop
vertex 173.85009335000117 -223.9755947999993 5.6
vertex 176.2623400894224 -222.25932542174925 1
vertex 176.19072392669403 -222.31027900998288 1
endloop
endfacet
facet normal -0.5797243092158165 0.8148126933867957 1.1324587403801624e-13
outer loop
vertex 173.85009335000117 -223.9755947999993 5.6
vertex 176.19072392669403 -222.31027900998288 1
vertex 176.1170335036783 -222.36270839642387 1
endloop
endfacet
facet normal -0.5797243092158165 0.8148126933867957 1.1324587403801624e-13
outer loop
vertex 173.85009335000117 -223.9755947999993 5.6
vertex 176.1170335036783 -222.36270839642387 1
vertex 176.04126898482113 -222.41661346407201 1
endloop
endfacet
facet normal -0.5797243092158165 0.8148126933867957 1.1324587403801624e-13
outer loop
vertex 173.85009335000117 -223.9755947999993 5.6
vertex 176.04126898482113 -222.41661346407201 1
vertex 175.96343053772767 -222.4719940936792 1
endloop
endfacet
facet normal -0.5797243092158165 0.8148126933867957 1.1324587403801624e-13
outer loop
vertex 173.85009335000117 -223.9755947999993 5.6
vertex 175.96343053772767 -222.4719940936792 1
vertex 175.88351833663955 -222.52885016127573 1
endloop
endfacet
facet normal -0.5797243092158165 0.8148126933867957 1.1324587403801624e-13
outer loop
vertex 173.85009335000117 -223.9755947999993 5.6
vertex 175.88351833663955 -222.52885016127573 1
vertex 175.80153255809253 -222.5871815412597 1
endloop
endfacet
facet normal -0.5797243092158165 0.8148126933867957 1.1324587403801624e-13
outer loop
vertex 173.85009335000117 -223.9755947999993 5.6
vertex 175.80153255809253 -222.5871815412597 1
vertex 175.71747338588028 -222.64698810286524 1
endloop
endfacet
facet normal -0.5797243092158165 0.8148126933867957 1.1324587403801624e-13
outer loop
vertex 173.85009335000117 -223.9755947999993 5.6
vertex 175.71747338588028 -222.64698810286524 1
vertex 175.63134100570693 -222.70826971396727 1
endloop
endfacet
facet normal -0.5797243092158165 0.8148126933867957 1.1324587403801624e-13
outer loop
vertex 173.85009335000117 -223.9755947999993 5.6
vertex 175.63134100570693 -222.70826971396727 1
vertex 175.54313561016002 -222.77102623754323 1
endloop
endfacet
facet normal -0.5797243092158165 0.8148126933867957 1.1324587403801624e-13
outer loop
vertex 173.85009335000117 -223.9755947999993 5.6
vertex 175.54313561016002 -222.77102623754323 1
vertex 175.45285739501242 -222.83525753430436 1
endloop
endfacet
facet normal -0.5797243092158165 0.8148126933867957 1.1324587403801624e-13
outer loop
vertex 173.85009335000117 -223.9755947999993 5.6
vertex 175.45285739501242 -222.83525753430436 1
vertex 175.36050656052575 -222.90096346176824 1
endloop
endfacet
facet normal -0.5797243092158165 0.8148126933867957 1.1324587403801624e-13
outer loop
vertex 173.85009335000117 -223.9755947999993 5.6
vertex 175.36050656052575 -222.90096346176824 1
vertex 175.26608331358747 -222.9681438727381 1
endloop
endfacet
facet normal -0.5797243092158165 0.8148126933867957 1.1324587403801624e-13
outer loop
vertex 173.85009335000117 -223.9755947999993 5.6
vertex 175.26608331358747 -222.9681438727381 1
vertex 175.16958786275424 -223.0367986188298 1
endloop
endfacet
facet normal -0.5797243092158165 0.8148126933867957 1.1324587403801624e-13
outer loop
vertex 173.85009335000117 -223.9755947999993 5.6
vertex 175.16958786275424 -223.0367986188298 1
vertex 175.07102042381146 -223.10692754651598 1
endloop
endfacet
facet normal -0.5797243092158165 0.8148126933867957 1.1324587403801624e-13
outer loop
vertex 173.85009335000117 -223.9755947999993 5.6
vertex 175.07102042381146 -223.10692754651598 1
vertex 174.970381215082 -223.17853050046384 1
endloop
endfacet
facet normal -0.5797243092158165 0.8148126933867957 1.1324587403801624e-13
outer loop
vertex 173.85009335000117 -223.9755947999993 5.6
vertex 174.970381215082 -223.17853050046384 1
vertex 174.8676704608346 -223.25160732111033 1
endloop
endfacet
facet normal -0.5797243092158165 0.8148126933867957 1.1324587403801624e-13
outer loop
vertex 173.85009335000117 -223.9755947999993 5.6
vertex 174.8676704608346 -223.25160732111033 1
vertex 174.7628883901765 -223.32615784544984 1
endloop
endfacet
facet normal -0.5797243092158165 0.8148126933867957 1.1324587403801624e-13
outer loop
vertex 173.85009335000117 -223.9755947999993 5.6
vertex 174.7628883901765 -223.32615784544984 1
vertex 174.65603523525454 -223.40218190831416 1
endloop
endfacet
facet normal -0.5797243092158165 0.8148126933867957 1.1324587403801624e-13
outer loop
vertex 173.85009335000117 -223.9755947999993 5.6
vertex 174.65603523525454 -223.40218190831416 1
vertex 174.54661901069773 -223.48002954828468 1
endloop
endfacet
facet normal -0.5797243092158165 0.8148126933867957 1.1324587403801624e-13
outer loop
vertex 173.85009335000117 -223.9755947999993 5.6
vertex 174.54661901069773 -223.48002954828468 1
vertex 174.4361166294264 -223.55864996886623 1
endloop
endfacet
facet normal -0.5797243092158165 0.8148126933867957 1.1324587403801624e-13
outer loop
vertex 173.85009335000117 -223.9755947999993 5.6
vertex 174.4361166294264 -223.55864996886623 1
vertex 174.3230516676297 -223.63909361856153 1
endloop
endfacet
facet normal -0.5797243092158165 0.8148126933867957 1.1324587403801624e-13
outer loop
vertex 173.85009335000117 -223.9755947999993 5.6
vertex 174.3230516676297 -223.63909361856153 1
vertex 174.2079166001657 -223.7210101105281 1
endloop
endfacet
facet normal -0.5797243092158165 0.8148126933867957 1.1324587403801624e-13
outer loop
vertex 173.85009335000117 -223.9755947999993 5.6
vertex 174.2079166001657 -223.7210101105281 1
vertex 174.0907116833283 -223.80439926241752 1
endloop
endfacet
facet normal -0.5797243092158165 0.8148126933867957 1.1324587403801624e-13
outer loop
vertex 173.85009335000117 -223.9755947999993 5.6
vertex 174.0907116833283 -223.80439926241752 1
vertex 173.97143717848647 -223.88926088827054 1
endloop
endfacet
facet normal -0.5797243092158165 0.8148126933867957 1.1324587403801624e-13
outer loop
vertex 173.85009335000117 -223.9755947999993 5.6
vertex 173.97143717848647 -223.88926088827054 1
vertex 173.8500933500009 -223.9755947999994 1
endloop
endfacet
endsolid csg.js
