solid csg.js
facet normal 0 0 -1
outer loop
vertex 177.54440434999984 -59.53617179999998 0
vertex 177.75723774142986 -59.561113008136985 0
vertex 55.13189304689291 -59.561113008136985 0
endloop
endfacet
facet normal 0 0 -1
outer loop
vertex 177.54440434999984 -59.53617179999998 0
vertex 55.13189304689291 -59.561113008136985 0
vertex 110.0233131030581 -55.127980014836 0
endloop
endfacet
facet normal 0 0 -1
outer loop
vertex 177.75723774142986 -59.561113008136985 0
vertex 177.9709487 -59.5769136 0
vertex 54.93624880919482 -59.5769136 0
endloop
endfacet
facet normal 0 0 -1
outer loop
vertex 177.75723774142986 -59.561113008136985 0
vertex 54.93624880919482 -59.5769136 0
vertex 55.13189304689291 -59.561113008136985 0
endloop
endfacet
facet normal 0 0 -1
outer loop
vertex 177.9709487 -59.5769136 0
vertex 187.26816504999988 -60.064164099999985 0
vertex 188.04604431683742 -60.166572025070494 0
endloop
endfacet
facet normal 0 0 -1
outer loop
vertex 177.9709487 -59.5769136 0
vertex 188.04604431683742 -60.166572025070494 0
vertex 188.79832645396564 -60.38940632012026 0
endloop
endfacet
facet normal 0 0 -1
outer loop
vertex 177.9709487 -59.5769136 0
vertex 188.79832645396564 -60.38940632012026 0
vertex 189.2551453137738 -60.607296528457056 0
endloop
endfacet
facet normal 0 0 -1
outer loop
vertex 177.9709487 -59.5769136 0
vertex 189.2551453137738 -60.607296528457056 0
vertex 42.32738576862211 -60.607296528457056 0
endloop
endfacet
facet normal 0 0 -1
outer loop
vertex 177.9709487 -59.5769136 0
vertex 42.32738576862211 -60.607296528457056 0
vertex 42.57807874732974 -60.5749823579593 0
endloop
endfacet
facet normal 0 0 -1
outer loop
vertex 177.9709487 -59.5769136 0
vertex 42.57807874732974 -60.5749823579593 0
vertex 54.93624880919482 -59.5769136 0
endloop
endfacet
facet normal 0 0 -1
outer loop
vertex 189.2551453137738 -60.607296528457056 0
vertex 189.29624754671505 -60.626901178979665 0
vertex 42.075379373664525 -60.626901178979665 0
endloop
endfacet
facet normal 0 0 -1
outer loop
vertex 189.2551453137738 -60.607296528457056 0
vertex 42.075379373664525 -60.626901178979665 0
vertex 42.32738576862211 -60.607296528457056 0
endloop
endfacet
facet normal 0 0 -1
outer loop
vertex 189.29624754671505 -60.626901178979665 0
vertex 189.5064877614364 -60.72718006020985 0
vertex 190.1530909415557 -61.17157612719541 0
endloop
endfacet
facet normal 0 0 -1
outer loop
vertex 189.29624754671505 -60.626901178979665 0
vertex 190.1530909415557 -61.17157612719541 0
vertex 190.72221446342027 -61.71165200496921 0
endloop
endfacet
facet normal 0 0 -1
outer loop
vertex 189.29624754671505 -60.626901178979665 0
vertex 190.72221446342027 -61.71165200496921 0
vertex 191.19984460420952 -62.33410922077013 0
endloop
endfacet
facet normal 0 0 -1
outer loop
vertex 189.29624754671505 -60.626901178979665 0
vertex 191.19984460420952 -62.33410922077013 0
vertex 191.53384555189052 -62.9492597 0
endloop
endfacet
facet normal 0 0 -1
outer loop
vertex 189.29624754671505 -60.626901178979665 0
vertex 191.53384555189052 -62.9492597 0
vertex 31.239265100000026 -62.9492597 0
endloop
endfacet
facet normal 0 0 -1
outer loop
vertex 189.29624754671505 -60.626901178979665 0
vertex 31.239265100000026 -62.9492597 0
vertex 29.217588444538006 -62.9492597 0
endloop
endfacet
facet normal 0 0 -1
outer loop
vertex 189.29624754671505 -60.626901178979665 0
vertex 29.217588444538006 -62.9492597 0
vertex 29.66846751615644 -62.448507635495176 0
endloop
endfacet
facet normal 0 0 -1
outer loop
vertex 189.29624754671505 -60.626901178979665 0
vertex 29.66846751615644 -62.448507635495176 0
vertex 30.355262557530736 -61.91192402800928 0
endloop
endfacet
facet normal 0 0 -1
outer loop
vertex 189.29624754671505 -60.626901178979665 0
vertex 30.355262557530736 -61.91192402800928 0
vertex 31.124800265461474 -61.50275277687882 0
endloop
endfacet
facet normal 0 0 -1
outer loop
vertex 189.29624754671505 -60.626901178979665 0
vertex 31.124800265461474 -61.50275277687882 0
vertex 31.953698716986736 -61.233426295192245 0
endloop
endfacet
facet normal 0 0 -1
outer loop
vertex 189.29624754671505 -60.626901178979665 0
vertex 31.953698716986736 -61.233426295192245 0
vertex 32.81677470000008 -61.1121258 0
endloop
endfacet
facet normal 0 0 -1
outer loop
vertex 189.29624754671505 -60.626901178979665 0
vertex 32.81677470000008 -61.1121258 0
vertex 42.075379373664525 -60.626901178979665 0
endloop
endfacet
facet normal 0 0 -1
outer loop
vertex 31.239265100000026 -62.9492597 0
vertex 30.94662961697585 -62.978081779395154 0
vertex 29.19163693415801 -62.978081779395154 0
endloop
endfacet
facet normal 0 0 -1
outer loop
vertex 31.239265100000026 -62.9492597 0
vertex 29.19163693415801 -62.978081779395154 0
vertex 29.217588444538006 -62.9492597 0
endloop
endfacet
facet normal 0 0 -1
outer loop
vertex 191.53384555189052 -62.9492597 0
vertex 191.54949473393157 -62.978081779395154 0
vertex 31.531900583024225 -62.978081779395154 0
endloop
endfacet
facet normal 0 0 -1
outer loop
vertex 191.53384555189052 -62.9492597 0
vertex 31.531900583024225 -62.978081779395154 0
vertex 31.239265100000026 -62.9492597 0
endloop
endfacet
facet normal 0 0 -1
outer loop
vertex 30.94662961697585 -62.978081779395154 0
vertex 30.665239951452364 -63.063440401233066 0
vertex 29.11477970500816 -63.063440401233066 0
endloop
endfacet
facet normal 0 0 -1
outer loop
vertex 30.94662961697585 -62.978081779395154 0
vertex 29.11477970500816 -63.063440401233066 0
vertex 29.19163693415801 -62.978081779395154 0
endloop
endfacet
facet normal 0 0 -1
outer loop
vertex 191.54949473393157 -62.978081779395154 0
vertex 191.5742205138673 -63.02362079801887 0
vertex 191.5883214554361 -63.063440401233066 0
endloop
endfacet
facet normal 0 0 -1
outer loop
vertex 191.54949473393157 -62.978081779395154 0
vertex 191.5883214554361 -63.063440401233066 0
vertex 31.813290248547617 -63.063440401233066 0
endloop
endfacet
facet normal 0 0 -1
outer loop
vertex 191.54949473393157 -62.978081779395154 0
vertex 31.813290248547617 -63.063440401233066 0
vertex 31.531900583024225 -62.978081779395154 0
endloop
endfacet
facet normal 0 0 -1
outer loop
vertex 191.5883214554361 -63.063440401233066 0
vertex 191.61123302206101 -63.1281403 0
vertex 110.00256659999997 -63.1281403 0
endloop
endfacet
facet normal 0 0 -1
outer loop
vertex 191.5883214554361 -63.063440401233066 0
vertex 110.00256659999997 -63.1281403 0
vertex 31.934335245396664 -63.1281403 0
endloop
endfacet
facet normal 0 0 -1
outer loop
vertex 191.5883214554361 -63.063440401233066 0
vertex 31.934335245396664 -63.1281403 0
vertex 31.813290248547617 -63.063440401233066 0
endloop
endfacet
facet normal 0 0 -1
outer loop
vertex 110.00256659999997 -63.1281403 0
vertex 109.70993111697562 -63.15696237939517 0
vertex 31.98825756329917 -63.15696237939517 0
endloop
endfacet
facet normal 0 0 -1
outer loop
vertex 110.00256659999997 -63.1281403 0
vertex 31.98825756329917 -63.15696237939517 0
vertex 31.934335245396664 -63.1281403 0
endloop
endfacet
facet normal 0 0 -1
outer loop
vertex 191.61123302206101 -63.1281403 0
vertex 191.62143951395538 -63.15696237939517 0
vertex 110.29520208302424 -63.15696237939517 0
endloop
endfacet
facet normal 0 0 -1
outer loop
vertex 191.61123302206101 -63.1281403 0
vertex 110.29520208302424 -63.15696237939517 0
vertex 110.00256659999997 -63.1281403 0
endloop
endfacet
facet normal 0 0 -1
outer loop
vertex 30.665239951452364 -63.063440401233066 0
vertex 30.40590975047052 -63.202055281546194 0
vertex 29.01913712788934 -63.202055281546194 0
endloop
endfacet
facet normal 0 0 -1
outer loop
vertex 30.665239951452364 -63.063440401233066 0
vertex 29.01913712788934 -63.202055281546194 0
vertex 29.085282980019443 -63.09619984132243 0
endloop
endfacet
facet normal 0 0 -1
outer loop
vertex 30.665239951452364 -63.063440401233066 0
vertex 29.085282980019443 -63.09619984132243 0
vertex 29.11477970500816 -63.063440401233066 0
endloop
endfacet
facet normal 0 0 -1
outer loop
vertex 109.70993111697562 -63.15696237939517 0
vertex 109.56127974022493 -63.202055281546194 0
vertex 32.07262044952944 -63.202055281546194 0
endloop
endfacet
facet normal 0 0 -1
outer loop
vertex 109.70993111697562 -63.15696237939517 0
vertex 32.07262044952944 -63.202055281546194 0
vertex 31.98825756329917 -63.15696237939517 0
endloop
endfacet
facet normal 0 0 -1
outer loop
vertex 109.56127974022493 -63.202055281546194 0
vertex 109.42854145145242 -63.24232100123305 0
vertex 32.12168437092819 -63.24232100123305 0
endloop
endfacet
facet normal 0 0 -1
outer loop
vertex 109.56127974022493 -63.202055281546194 0
vertex 32.12168437092819 -63.24232100123305 0
vertex 32.07262044952944 -63.202055281546194 0
endloop
endfacet
facet normal 0 0 -1
outer loop
vertex 191.62143951395538 -63.15696237939517 0
vertex 191.65166675987882 -63.24232100123305 0
vertex 110.57659174854763 -63.24232100123305 0
endloop
endfacet
facet normal 0 0 -1
outer loop
vertex 191.62143951395538 -63.15696237939517 0
vertex 110.57659174854763 -63.24232100123305 0
vertex 110.29520208302424 -63.15696237939517 0
endloop
endfacet
facet normal 0 0 -1
outer loop
vertex 109.42854145145242 -63.24232100123305 0
vertex 109.16921125047075 -63.38093588154614 0
vertex 32.29058709128864 -63.38093588154614 0
endloop
endfacet
facet normal 0 0 -1
outer loop
vertex 109.42854145145242 -63.24232100123305 0
vertex 32.29058709128864 -63.38093588154614 0
vertex 32.12168437092819 -63.24232100123305 0
endloop
endfacet
facet normal 0 0 -1
outer loop
vertex 191.65166675987882 -63.24232100123305 0
vertex 191.70075314372212 -63.38093588154614 0
vertex 110.83592194952932 -63.38093588154614 0
endloop
endfacet
facet normal 0 0 -1
outer loop
vertex 191.65166675987882 -63.24232100123305 0
vertex 110.83592194952932 -63.38093588154614 0
vertex 110.57659174854763 -63.24232100123305 0
endloop
endfacet
facet normal 0 0 -1
outer loop
vertex 30.40590975047052 -63.202055281546194 0
vertex 30.178604928220242 -63.38859952822017 0
vertex 28.90257128932557 -63.38859952822017 0
endloop
endfacet
facet normal 0 0 -1
outer loop
vertex 30.40590975047052 -63.202055281546194 0
vertex 28.90257128932557 -63.38859952822017 0
vertex 29.01913712788934 -63.202055281546194 0
endloop
endfacet
facet normal 0 0 -1
outer loop
vertex 109.16921125047075 -63.38093588154614 0
vertex 109.15987306997944 -63.38859952822017 0
vertex 32.29992527177981 -63.38859952822017 0
endloop
endfacet
facet normal 0 0 -1
outer loop
vertex 109.16921125047075 -63.38093588154614 0
vertex 32.29992527177981 -63.38859952822017 0
vertex 32.29058709128864 -63.38093588154614 0
endloop
endfacet
facet normal 0 0 -1
outer loop
vertex 109.15987306997944 -63.38859952822017 0
vertex 108.94190642822014 -63.56748012822018 0
vertex 32.44672878629053 -63.56748012822018 0
endloop
endfacet
facet normal 0 0 -1
outer loop
vertex 109.15987306997944 -63.38859952822017 0
vertex 32.44672878629053 -63.56748012822018 0
vertex 32.29992527177981 -63.38859952822017 0
endloop
endfacet
facet normal 0 0 -1
outer loop
vertex 191.70075314372212 -63.38093588154614 0
vertex 191.76681230328222 -63.56748012822018 0
vertex 111.06322677177981 -63.56748012822018 0
endloop
endfacet
facet normal 0 0 -1
outer loop
vertex 191.70075314372212 -63.38093588154614 0
vertex 111.06322677177981 -63.56748012822018 0
vertex 110.83592194952932 -63.38093588154614 0
endloop
endfacet
facet normal 0 0 -1
outer loop
vertex 30.178604928220242 -63.38859952822017 0
vertex 29.992060681546175 -63.6159043504706 0
vertex 28.760535404072478 -63.6159043504706 0
endloop
endfacet
facet normal 0 0 -1
outer loop
vertex 30.178604928220242 -63.38859952822017 0
vertex 28.760535404072478 -63.6159043504706 0
vertex 28.90257128932557 -63.38859952822017 0
endloop
endfacet
facet normal 0 0 -1
outer loop
vertex 108.94190642822014 -63.56748012822018 0
vertex 108.90216569605687 -63.6159043504706 0
vertex 32.486469518453816 -63.6159043504706 0
endloop
endfacet
facet normal 0 0 -1
outer loop
vertex 108.94190642822014 -63.56748012822018 0
vertex 32.486469518453816 -63.6159043504706 0
vertex 32.44672878629053 -63.56748012822018 0
endloop
endfacet
facet normal 0 0 -1
outer loop
vertex 108.90216569605687 -63.6159043504706 0
vertex 108.75536218154615 -63.794784950470614 0
vertex 32.582083191159384 -63.794784950470614 0
endloop
endfacet
facet normal 0 0 -1
outer loop
vertex 108.90216569605687 -63.6159043504706 0
vertex 32.582083191159384 -63.794784950470614 0
vertex 32.486469518453816 -63.6159043504706 0
endloop
endfacet
facet normal 0 0 -1
outer loop
vertex 191.76681230328222 -63.56748012822018 0
vertex 191.8361238065303 -63.763208657698286 0
vertex 191.84197618279418 -63.794784950470614 0
endloop
endfacet
facet normal 0 0 -1
outer loop
vertex 191.76681230328222 -63.56748012822018 0
vertex 191.84197618279418 -63.794784950470614 0
vertex 111.24977101845381 -63.794784950470614 0
endloop
endfacet
facet normal 0 0 -1
outer loop
vertex 191.76681230328222 -63.56748012822018 0
vertex 111.24977101845381 -63.794784950470614 0
vertex 111.06322677177981 -63.56748012822018 0
endloop
endfacet
facet normal 0 0 -1
outer loop
vertex 29.992060681546175 -63.6159043504706 0
vertex 29.85344580123307 -63.875234551452365 0
vertex 28.607302468402956 -63.875234551452365 0
endloop
endfacet
facet normal 0 0 -1
outer loop
vertex 29.992060681546175 -63.6159043504706 0
vertex 28.607302468402956 -63.875234551452365 0
vertex 28.623428647265513 -63.83532092206312 0
endloop
endfacet
facet normal 0 0 -1
outer loop
vertex 29.992060681546175 -63.6159043504706 0
vertex 28.623428647265513 -63.83532092206312 0
vertex 28.760535404072478 -63.6159043504706 0
endloop
endfacet
facet normal 0 0 -1
outer loop
vertex 108.75536218154615 -63.794784950470614 0
vertex 108.71236097393863 -63.875234551452365 0
vertex 32.62508439876693 -63.875234551452365 0
endloop
endfacet
facet normal 0 0 -1
outer loop
vertex 108.75536218154615 -63.794784950470614 0
vertex 32.62508439876693 -63.875234551452365 0
vertex 32.582083191159384 -63.794784950470614 0
endloop
endfacet
facet normal 0 0 -1
outer loop
vertex 108.71236097393863 -63.875234551452365 0
vertex 108.61674730123309 -64.05411515145232 0
vertex 32.679347235538614 -64.05411515145232 0
endloop
endfacet
facet normal 0 0 -1
outer loop
vertex 108.71236097393863 -63.875234551452365 0
vertex 32.679347235538614 -64.05411515145232 0
vertex 32.62508439876693 -63.875234551452365 0
endloop
endfacet
facet normal 0 0 -1
outer loop
vertex 191.84197618279418 -63.794784950470614 0
vertex 191.89004065710316 -64.05411515145232 0
vertex 111.3883858987669 -64.05411515145232 0
endloop
endfacet
facet normal 0 0 -1
outer loop
vertex 191.84197618279418 -63.794784950470614 0
vertex 111.3883858987669 -64.05411515145232 0
vertex 111.24977101845381 -63.794784950470614 0
endloop
endfacet
facet normal 0 0 -1
outer loop
vertex 29.85344580123307 -63.875234551452365 0
vertex 29.76808717939516 -64.15662421697581 0
vertex 28.493613481815128 -64.15662421697581 0
endloop
endfacet
facet normal 0 0 -1
outer loop
vertex 29.85344580123307 -63.875234551452365 0
vertex 28.493613481815128 -64.15662421697581 0
vertex 28.607302468402956 -63.875234551452365 0
endloop
endfacet
facet normal 0 0 -1
outer loop
vertex 108.61674730123309 -64.05411515145232 0
vertex 108.58565151616682 -64.15662421697581 0
vertex 32.710443020604856 -64.15662421697581 0
endloop
endfacet
facet normal 0 0 -1
outer loop
vertex 108.61674730123309 -64.05411515145232 0
vertex 32.710443020604856 -64.15662421697581 0
vertex 32.679347235538614 -64.05411515145232 0
endloop
endfacet
facet normal 0 0 -1
outer loop
vertex 108.58565151616682 -64.15662421697581 0
vertex 108.53138867939512 -64.33550481697584 0
vertex 32.72806122193222 -64.33550481697584 0
endloop
endfacet
facet normal 0 0 -1
outer loop
vertex 108.58565151616682 -64.15662421697581 0
vertex 32.72806122193222 -64.33550481697584 0
vertex 32.710443020604856 -64.15662421697581 0
endloop
endfacet
facet normal 0 0 -1
outer loop
vertex 191.89004065710316 -64.05411515145232 0
vertex 191.94219365084692 -64.33550481697584 0
vertex 111.47374452060484 -64.33550481697584 0
endloop
endfacet
facet normal 0 0 -1
outer loop
vertex 191.89004065710316 -64.05411515145232 0
vertex 111.47374452060484 -64.33550481697584 0
vertex 111.3883858987669 -64.05411515145232 0
endloop
endfacet
facet normal 0 0 -1
outer loop
vertex 29.76808717939516 -64.15662421697581 0
vertex 29.7392651 -64.44925969999997 0
vertex 28.375380882750882 -64.44925969999997 0
endloop
endfacet
facet normal 0 0 -1
outer loop
vertex 29.76808717939516 -64.15662421697581 0
vertex 28.375380882750882 -64.44925969999997 0
vertex 28.493613481815128 -64.15662421697581 0
endloop
endfacet
facet normal 0 0 -1
outer loop
vertex 108.53138867939512 -64.33550481697584 0
vertex 108.5201848013274 -64.44925969999997 0
vertex 32.7392651 -64.44925969999997 0
endloop
endfacet
facet normal 0 0 -1
outer loop
vertex 108.53138867939512 -64.33550481697584 0
vertex 32.7392651 -64.44925969999997 0
vertex 32.72806122193222 -64.33550481697584 0
endloop
endfacet
facet normal 0 0 -1
outer loop
vertex 108.5201848013274 -64.44925969999997 0
vertex 108.50256660000002 -64.62814029999998 0
vertex 32.72164689867263 -64.62814029999998 0
endloop
endfacet
facet normal 0 0 -1
outer loop
vertex 108.5201848013274 -64.44925969999997 0
vertex 32.72164689867263 -64.62814029999998 0
vertex 32.7392651 -64.44925969999997 0
endloop
endfacet
facet normal 0 0 -1
outer loop
vertex 191.94219365084692 -64.33550481697584 0
vertex 191.97910554798946 -64.53466167538772 0
vertex 191.98155292369174 -64.62814029999998 0
endloop
endfacet
facet normal 0 0 -1
outer loop
vertex 191.94219365084692 -64.33550481697584 0
vertex 191.98155292369174 -64.62814029999998 0
vertex 111.5025666 -64.62814029999998 0
endloop
endfacet
facet normal 0 0 -1
outer loop
vertex 191.94219365084692 -64.33550481697584 0
vertex 111.5025666 -64.62814029999998 0
vertex 111.47374452060484 -64.33550481697584 0
endloop
endfacet
facet normal 0 0 -1
outer loop
vertex 29.7392651 -64.44925969999997 0
vertex 29.768087179395167 -64.74189518302418 0
vertex 28.2760045778966 -64.74189518302418 0
endloop
endfacet
facet normal 0 0 -1
outer loop
vertex 29.7392651 -64.44925969999997 0
vertex 28.2760045778966 -64.74189518302418 0
vertex 28.296937673536974 -64.64341314498854 0
endloop
endfacet
facet normal 0 0 -1
outer loop
vertex 29.7392651 -64.44925969999997 0
vertex 28.296937673536974 -64.64341314498854 0
vertex 28.375380882750882 -64.44925969999997 0
endloop
endfacet
facet normal 0 0 -1
outer loop
vertex 108.50256660000002 -64.62814029999998 0
vertex 108.51377047806778 -64.74189518302418 0
vertex 32.71044302060485 -64.74189518302418 0
endloop
endfacet
facet normal 0 0 -1
outer loop
vertex 108.50256660000002 -64.62814029999998 0
vertex 32.71044302060485 -64.74189518302418 0
vertex 32.72164689867263 -64.62814029999998 0
endloop
endfacet
facet normal 0 0 -1
outer loop
vertex 108.51377047806778 -64.74189518302418 0
vertex 108.53138867939515 -64.92077578302425 0
vertex 32.65618018383313 -64.92077578302425 0
endloop
endfacet
facet normal 0 0 -1
outer loop
vertex 108.51377047806778 -64.74189518302418 0
vertex 32.65618018383313 -64.92077578302425 0
vertex 32.71044302060485 -64.74189518302418 0
endloop
endfacet
facet normal 0 0 -1
outer loop
vertex 191.98155292369174 -64.62814029999998 0
vertex 191.9892144503107 -64.92077578302425 0
vertex 111.47374452060482 -64.92077578302425 0
endloop
endfacet
facet normal 0 0 -1
outer loop
vertex 191.98155292369174 -64.62814029999998 0
vertex 111.47374452060482 -64.92077578302425 0
vertex 111.5025666 -64.62814029999998 0
endloop
endfacet
facet normal 0 0 -1
outer loop
vertex 29.768087179395167 -64.74189518302418 0
vertex 29.853445801233075 -65.02328484854765 0
vertex 28.216193094522513 -65.02328484854765 0
endloop
endfacet
facet normal 0 0 -1
outer loop
vertex 29.768087179395167 -64.74189518302418 0
vertex 28.216193094522513 -65.02328484854765 0
vertex 28.2760045778966 -64.74189518302418 0
endloop
endfacet
facet normal 0 0 -1
outer loop
vertex 108.53138867939515 -64.92077578302425 0
vertex 108.56248446446136 -65.02328484854765 0
vertex 32.625084398766916 -65.02328484854765 0
endloop
endfacet
facet normal 0 0 -1
outer loop
vertex 108.53138867939515 -64.92077578302425 0
vertex 32.625084398766916 -65.02328484854765 0
vertex 32.65618018383313 -64.92077578302425 0
endloop
endfacet
facet normal 0 0 -1
outer loop
vertex 108.56248446446136 -65.02328484854765 0
vertex 108.61674730123305 -65.20216544854762 0
vertex 32.52947072606136 -65.20216544854762 0
endloop
endfacet
facet normal 0 0 -1
outer loop
vertex 108.56248446446136 -65.02328484854765 0
vertex 32.52947072606136 -65.20216544854762 0
vertex 32.625084398766916 -65.02328484854765 0
endloop
endfacet
facet normal 0 0 -1
outer loop
vertex 191.9892144503107 -64.92077578302425 0
vertex 191.99658154875834 -65.20216544854762 0
vertex 111.3883858987669 -65.20216544854762 0
endloop
endfacet
facet normal 0 0 -1
outer loop
vertex 191.9892144503107 -64.92077578302425 0
vertex 111.3883858987669 -65.20216544854762 0
vertex 111.47374452060482 -64.92077578302425 0
endloop
endfacet
facet normal 0 0 -1
outer loop
vertex 29.853445801233075 -65.02328484854765 0
vertex 29.99206068154619 -65.28261504952941 0
vertex 28.161070515747042 -65.28261504952941 0
endloop
endfacet
facet normal 0 0 -1
outer loop
vertex 29.853445801233075 -65.02328484854765 0
vertex 28.161070515747042 -65.28261504952941 0
vertex 28.216193094522513 -65.02328484854765 0
endloop
endfacet
facet normal 0 0 -1
outer loop
vertex 108.61674730123305 -65.20216544854762 0
vertex 108.65974850884062 -65.28261504952941 0
vertex 32.48646951845379 -65.28261504952941 0
endloop
endfacet
facet normal 0 0 -1
outer loop
vertex 108.61674730123305 -65.20216544854762 0
vertex 32.48646951845379 -65.28261504952941 0
vertex 32.52947072606136 -65.20216544854762 0
endloop
endfacet
facet normal 0 0 -1
outer loop
vertex 108.65974850884062 -65.28261504952941 0
vertex 108.75536218154616 -65.46149564952938 0
vertex 32.33966600394314 -65.46149564952938 0
endloop
endfacet
facet normal 0 0 -1
outer loop
vertex 108.65974850884062 -65.28261504952941 0
vertex 32.33966600394314 -65.46149564952938 0
vertex 32.48646951845379 -65.28261504952941 0
endloop
endfacet
facet normal 0 0 -1
outer loop
vertex 191.99658154875834 -65.20216544854762 0
vertex 191.9996401 -65.31898819999945 0
vertex 191.9921716016847 -65.46149564952938 0
endloop
endfacet
facet normal 0 0 -1
outer loop
vertex 191.99658154875834 -65.20216544854762 0
vertex 191.9921716016847 -65.46149564952938 0
vertex 111.24977101845391 -65.46149564952938 0
endloop
endfacet
facet normal 0 0 -1
outer loop
vertex 191.99658154875834 -65.20216544854762 0
vertex 111.24977101845391 -65.46149564952938 0
vertex 111.3883858987669 -65.20216544854762 0
endloop
endfacet
facet normal 0 0 -1
outer loop
vertex 29.99206068154619 -65.28261504952941 0
vertex 30.17860492822013 -65.50991987177977 0
vertex 28.115241489057198 -65.50991987177977 0
endloop
endfacet
facet normal 0 0 -1
outer loop
vertex 29.99206068154619 -65.28261504952941 0
vertex 28.115241489057198 -65.50991987177977 0
vertex 28.1157302832968 -65.49592313226218 0
endloop
endfacet
facet normal 0 0 -1
outer loop
vertex 29.99206068154619 -65.28261504952941 0
vertex 28.1157302832968 -65.49592313226218 0
vertex 28.161070515747042 -65.28261504952941 0
endloop
endfacet
facet normal 0 0 -1
outer loop
vertex 108.75536218154616 -65.46149564952938 0
vertex 108.79510291370943 -65.50991987177977 0
vertex 32.29992527177987 -65.50991987177977 0
endloop
endfacet
facet normal 0 0 -1
outer loop
vertex 108.75536218154616 -65.46149564952938 0
vertex 32.29992527177987 -65.50991987177977 0
vertex 32.33966600394314 -65.46149564952938 0
endloop
endfacet
facet normal 0 0 -1
outer loop
vertex 108.79510291370943 -65.50991987177977 0
vertex 108.94190642822015 -65.68880047177979 0
vertex 32.081958630020566 -65.68880047177979 0
endloop
endfacet
facet normal 0 0 -1
outer loop
vertex 108.79510291370943 -65.50991987177977 0
vertex 32.081958630020566 -65.68880047177979 0
vertex 32.29992527177987 -65.50991987177977 0
endloop
endfacet
facet normal 0 0 -1
outer loop
vertex 191.9921716016847 -65.46149564952938 0
vertex 191.98025906176042 -65.68880047177979 0
vertex 111.06322677177974 -65.68880047177979 0
endloop
endfacet
facet normal 0 0 -1
outer loop
vertex 191.9921716016847 -65.46149564952938 0
vertex 111.06322677177974 -65.68880047177979 0
vertex 111.24977101845391 -65.46149564952938 0
endloop
endfacet
facet normal 0 0 -1
outer loop
vertex 30.17860492822013 -65.50991987177977 0
vertex 30.4059097504706 -65.69646411845382 0
vertex 28.108726989513208 -65.69646411845382 0
endloop
endfacet
facet normal 0 0 -1
outer loop
vertex 30.17860492822013 -65.50991987177977 0
vertex 28.108726989513208 -65.69646411845382 0
vertex 28.115241489057198 -65.50991987177977 0
endloop
endfacet
facet normal 0 0 -1
outer loop
vertex 108.94190642822015 -65.68880047177979 0
vertex 108.95124460871133 -65.69646411845382 0
vertex 32.072620449529396 -65.69646411845382 0
endloop
endfacet
facet normal 0 0 -1
outer loop
vertex 108.94190642822015 -65.68880047177979 0
vertex 32.072620449529396 -65.69646411845382 0
vertex 32.081958630020566 -65.68880047177979 0
endloop
endfacet
facet normal 0 0 -1
outer loop
vertex 30.4059097504706 -65.69646411845382 0
vertex 30.665239951452374 -65.83507899876693 0
vertex 28.103886279651125 -65.83507899876693 0
endloop
endfacet
facet normal 0 0 -1
outer loop
vertex 30.4059097504706 -65.69646411845382 0
vertex 28.103886279651125 -65.83507899876693 0
vertex 28.108726989513208 -65.69646411845382 0
endloop
endfacet
facet normal 0 0 -1
outer loop
vertex 108.95124460871133 -65.69646411845382 0
vertex 109.12014732907181 -65.83507899876693 0
vertex 31.813290248547702 -65.83507899876693 0
endloop
endfacet
facet normal 0 0 -1
outer loop
vertex 108.95124460871133 -65.69646411845382 0
vertex 31.813290248547702 -65.83507899876693 0
vertex 32.072620449529396 -65.69646411845382 0
endloop
endfacet
facet normal 0 0 -1
outer loop
vertex 109.12014732907181 -65.83507899876693 0
vertex 109.16921125047068 -65.87534471845387 0
vertex 31.680551959774807 -65.87534471845387 0
endloop
endfacet
facet normal 0 0 -1
outer loop
vertex 109.12014732907181 -65.83507899876693 0
vertex 31.680551959774807 -65.87534471845387 0
vertex 31.813290248547702 -65.83507899876693 0
endloop
endfacet
facet normal 0 0 -1
outer loop
vertex 191.98025906176042 -65.68880047177979 0
vertex 191.97048269289965 -65.87534471845387 0
vertex 110.8359219495294 -65.87534471845387 0
endloop
endfacet
facet normal 0 0 -1
outer loop
vertex 191.98025906176042 -65.68880047177979 0
vertex 110.8359219495294 -65.87534471845387 0
vertex 111.06322677177974 -65.68880047177979 0
endloop
endfacet
facet normal 0 0 -1
outer loop
vertex 30.665239951452374 -65.83507899876693 0
vertex 30.94662961697587 -65.92043762060486 0
vertex 28.100905385236246 -65.92043762060486 0
endloop
endfacet
facet normal 0 0 -1
outer loop
vertex 30.665239951452374 -65.83507899876693 0
vertex 28.100905385236246 -65.92043762060486 0
vertex 28.103886279651125 -65.83507899876693 0
endloop
endfacet
facet normal 0 0 -1
outer loop
vertex 109.16921125047068 -65.87534471845387 0
vertex 109.25357413670086 -65.92043762060486 0
vertex 31.531900583024125 -65.92043762060486 0
endloop
endfacet
facet normal 0 0 -1
outer loop
vertex 109.16921125047068 -65.87534471845387 0
vertex 31.531900583024125 -65.92043762060486 0
vertex 31.680551959774807 -65.87534471845387 0
endloop
endfacet
facet normal 0 0 -1
outer loop
vertex 30.94662961697587 -65.92043762060486 0
vertex 31.239265100000033 -65.94925970000001 0
vertex 28.099898860369226 -65.94925970000001 0
endloop
endfacet
facet normal 0 0 -1
outer loop
vertex 30.94662961697587 -65.92043762060486 0
vertex 28.099898860369226 -65.94925970000001 0
vertex 28.100905385236246 -65.92043762060486 0
endloop
endfacet
facet normal 0 0 -1
outer loop
vertex 109.25357413670086 -65.92043762060486 0
vertex 109.30749645460335 -65.94925970000001 0
vertex 31.239265100000033 -65.94925970000001 0
endloop
endfacet
facet normal 0 0 -1
outer loop
vertex 109.25357413670086 -65.92043762060486 0
vertex 31.239265100000033 -65.94925970000001 0
vertex 31.531900583024125 -65.92043762060486 0
endloop
endfacet
facet normal 0 0 -1
outer loop
vertex 31.239265100000033 -65.94925970000001 0
vertex 109.30749645460335 -65.94925970000001 0
vertex 109.42854145145229 -66.0139595987669 0
endloop
endfacet
facet normal 0 0 -1
outer loop
vertex 31.239265100000033 -65.94925970000001 0
vertex 109.42854145145229 -66.0139595987669 0
vertex 28.097639410032222 -66.0139595987669 0
endloop
endfacet
facet normal 0 0 -1
outer loop
vertex 31.239265100000033 -65.94925970000001 0
vertex 28.097639410032222 -66.0139595987669 0
vertex 28.099898860369226 -65.94925970000001 0
endloop
endfacet
facet normal 0 0 -1
outer loop
vertex 191.97048269289965 -65.87534471845387 0
vertex 191.96321819547506 -66.0139595987669 0
vertex 110.57659174854764 -66.0139595987669 0
endloop
endfacet
facet normal 0 0 -1
outer loop
vertex 191.97048269289965 -65.87534471845387 0
vertex 110.57659174854764 -66.0139595987669 0
vertex 110.8359219495294 -65.87534471845387 0
endloop
endfacet
facet normal 0 0 -1
outer loop
vertex 109.42854145145229 -66.0139595987669 0
vertex 109.70993111697588 -66.09931822060486 0
vertex 28.09465851561734 -66.09931822060486 0
endloop
endfacet
facet normal 0 0 -1
outer loop
vertex 109.42854145145229 -66.0139595987669 0
vertex 28.09465851561734 -66.09931822060486 0
vertex 28.097639410032222 -66.0139595987669 0
endloop
endfacet
facet normal 0 0 -1
outer loop
vertex 191.96321819547506 -66.0139595987669 0
vertex 191.95874474004876 -66.09931822060486 0
vertex 110.29520208302421 -66.09931822060486 0
endloop
endfacet
facet normal 0 0 -1
outer loop
vertex 191.96321819547506 -66.0139595987669 0
vertex 110.29520208302421 -66.09931822060486 0
vertex 110.57659174854764 -66.0139595987669 0
endloop
endfacet
facet normal 0 0 -1
outer loop
vertex 109.70993111697588 -66.09931822060486 0
vertex 110.00256659999992 -66.1281403 0
vertex 28.093651990750324 -66.1281403 0
endloop
endfacet
facet normal 0 0 -1
outer loop
vertex 109.70993111697588 -66.09931822060486 0
vertex 28.093651990750324 -66.1281403 0
vertex 28.09465851561734 -66.09931822060486 0
endloop
endfacet
facet normal 0 0 -1
outer loop
vertex 191.95874474004876 -66.09931822060486 0
vertex 191.95723423900395 -66.1281403 0
vertex 110.00256659999992 -66.1281403 0
endloop
endfacet
facet normal 0 0 -1
outer loop
vertex 191.95874474004876 -66.09931822060486 0
vertex 110.00256659999992 -66.1281403 0
vertex 110.29520208302421 -66.09931822060486 0
endloop
endfacet
facet normal 0 0 -1
outer loop
vertex 110.00256659999992 -66.1281403 0
vertex 191.95723423900395 -66.1281403 0
vertex 191.66779259237808 -71.6510164 0
endloop
endfacet
facet normal 0 0 -1
outer loop
vertex 110.00256659999992 -66.1281403 0
vertex 191.66779259237808 -71.6510164 0
vertex 188.5850638000001 -71.6510164 0
endloop
endfacet
facet normal 0 0 -1
outer loop
vertex 110.00256659999992 -66.1281403 0
vertex 188.5850638000001 -71.6510164 0
vertex 28.36223834771448 -71.6510164 0
endloop
endfacet
facet normal 0 0 -1
outer loop
vertex 110.00256659999992 -66.1281403 0
vertex 28.36223834771448 -71.6510164 0
vertex 28.085312349999995 -66.36694789999994 0
endloop
endfacet
facet normal 0 0 -1
outer loop
vertex 110.00256659999992 -66.1281403 0
vertex 28.085312349999995 -66.36694789999994 0
vertex 28.093651990750324 -66.1281403 0
endloop
endfacet
facet normal 0 0 -1
outer loop
vertex 188.5850638000001 -71.6510164 0
vertex 188.29242831697607 -71.67983847939514 0
vertex 28.363748847264723 -71.67983847939514 0
endloop
endfacet
facet normal 0 0 -1
outer loop
vertex 188.5850638000001 -71.6510164 0
vertex 28.363748847264723 -71.67983847939514 0
vertex 28.36223834771448 -71.6510164 0
endloop
endfacet
facet normal 0 0 -1
outer loop
vertex 191.66779259237808 -71.6510164 0
vertex 191.66628209133327 -71.67983847939514 0
vertex 188.87769928302416 -71.67983847939514 0
endloop
endfacet
facet normal 0 0 -1
outer loop
vertex 191.66779259237808 -71.6510164 0
vertex 188.87769928302416 -71.67983847939514 0
vertex 188.5850638000001 -71.6510164 0
endloop
endfacet
facet normal 0 0 -1
outer loop
vertex 188.29242831697607 -71.67983847939514 0
vertex 188.01103865145242 -71.76519710123304 0
vertex 28.368222298264836 -71.76519710123304 0
endloop
endfacet
facet normal 0 0 -1
outer loop
vertex 188.29242831697607 -71.67983847939514 0
vertex 28.368222298264836 -71.76519710123304 0
vertex 28.363748847264723 -71.67983847939514 0
endloop
endfacet
facet normal 0 0 -1
outer loop
vertex 191.66628209133327 -71.67983847939514 0
vertex 191.66180863590694 -71.76519710123304 0
vertex 189.15908894854755 -71.76519710123304 0
endloop
endfacet
facet normal 0 0 -1
outer loop
vertex 191.66628209133327 -71.67983847939514 0
vertex 189.15908894854755 -71.76519710123304 0
vertex 188.87769928302416 -71.67983847939514 0
endloop
endfacet
facet normal 0 0 -1
outer loop
vertex 188.01103865145242 -71.76519710123304 0
vertex 187.75170845047035 -71.90381198154623 0
vertex 28.375486788501632 -71.90381198154623 0
endloop
endfacet
facet normal 0 0 -1
outer loop
vertex 188.01103865145242 -71.76519710123304 0
vertex 28.375486788501632 -71.90381198154623 0
vertex 28.368222298264836 -71.76519710123304 0
endloop
endfacet
facet normal 0 0 -1
outer loop
vertex 191.66180863590694 -71.76519710123304 0
vertex 191.65454413848238 -71.90381198154623 0
vertex 189.41841914952946 -71.90381198154623 0
endloop
endfacet
facet normal 0 0 -1
outer loop
vertex 191.66180863590694 -71.76519710123304 0
vertex 189.41841914952946 -71.90381198154623 0
vertex 189.15908894854755 -71.76519710123304 0
endloop
endfacet
facet normal 0 0 -1
outer loop
vertex 187.75170845047035 -71.90381198154623 0
vertex 187.52440362822023 -72.09035622822016 0
vertex 28.38526314768927 -72.09035622822016 0
endloop
endfacet
facet normal 0 0 -1
outer loop
vertex 187.75170845047035 -71.90381198154623 0
vertex 28.38526314768927 -72.09035622822016 0
vertex 28.375486788501632 -71.90381198154623 0
endloop
endfacet
facet normal 0 0 -1
outer loop
vertex 191.65454413848238 -71.90381198154623 0
vertex 191.6447677696216 -72.09035622822016 0
vertex 189.6457239717798 -72.09035622822016 0
endloop
endfacet
facet normal 0 0 -1
outer loop
vertex 191.65454413848238 -71.90381198154623 0
vertex 189.6457239717798 -72.09035622822016 0
vertex 189.41841914952946 -71.90381198154623 0
endloop
endfacet
facet normal 0 0 -1
outer loop
vertex 187.52440362822023 -72.09035622822016 0
vertex 187.33785938154605 -72.3176610504708 0
vertex 28.397175675826833 -72.3176610504708 0
endloop
endfacet
facet normal 0 0 -1
outer loop
vertex 187.52440362822023 -72.09035622822016 0
vertex 28.397175675826833 -72.3176610504708 0
vertex 28.38526314768927 -72.09035622822016 0
endloop
endfacet
facet normal 0 0 -1
outer loop
vertex 191.6447677696216 -72.09035622822016 0
vertex 191.6328552296973 -72.3176610504708 0
vertex 189.83226821845395 -72.3176610504708 0
endloop
endfacet
facet normal 0 0 -1
outer loop
vertex 191.6447677696216 -72.09035622822016 0
vertex 189.83226821845395 -72.3176610504708 0
vertex 189.6457239717798 -72.09035622822016 0
endloop
endfacet
facet normal 0 0 -1
outer loop
vertex 187.33785938154605 -72.3176610504708 0
vertex 187.19924450123312 -72.57699125145233 0
vertex 28.41076658113858 -72.57699125145233 0
endloop
endfacet
facet normal 0 0 -1
outer loop
vertex 187.33785938154605 -72.3176610504708 0
vertex 28.41076658113858 -72.57699125145233 0
vertex 28.397175675826833 -72.3176610504708 0
endloop
endfacet
facet normal 0 0 -1
outer loop
vertex 191.6328552296973 -72.3176610504708 0
vertex 191.61926431093815 -72.57699125145233 0
vertex 189.97088309876693 -72.57699125145233 0
endloop
endfacet
facet normal 0 0 -1
outer loop
vertex 191.6328552296973 -72.3176610504708 0
vertex 189.97088309876693 -72.57699125145233 0
vertex 189.83226821845395 -72.3176610504708 0
endloop
endfacet
facet normal 0 0 -1
outer loop
vertex 187.19924450123312 -72.57699125145233 0
vertex 187.11388587939524 -72.8583809169757 0
vertex 28.42551357275529 -72.8583809169757 0
endloop
endfacet
facet normal 0 0 -1
outer loop
vertex 187.19924450123312 -72.57699125145233 0
vertex 28.42551357275529 -72.8583809169757 0
vertex 28.41076658113858 -72.57699125145233 0
endloop
endfacet
facet normal 0 0 -1
outer loop
vertex 191.61926431093815 -72.57699125145233 0
vertex 191.6045173047302 -72.8583809169757 0
vertex 190.05624172060482 -72.8583809169757 0
endloop
endfacet
facet normal 0 0 -1
outer loop
vertex 191.61926431093815 -72.57699125145233 0
vertex 190.05624172060482 -72.8583809169757 0
vertex 189.97088309876693 -72.57699125145233 0
endloop
endfacet
facet normal 0 0 -1
outer loop
vertex 187.11388587939524 -72.8583809169757 0
vertex 187.08506379999997 -73.15101640000006 0
vertex 28.440849932059333 -73.15101640000006 0
endloop
endfacet
facet normal 0 0 -1
outer loop
vertex 187.11388587939524 -72.8583809169757 0
vertex 28.440849932059333 -73.15101640000006 0
vertex 28.42551357275529 -72.8583809169757 0
endloop
endfacet
facet normal 0 0 -1
outer loop
vertex 191.6045173047302 -72.8583809169757 0
vertex 191.58918093025173 -73.15101640000006 0
vertex 190.0850638 -73.15101640000006 0
endloop
endfacet
facet normal 0 0 -1
outer loop
vertex 191.6045173047302 -72.8583809169757 0
vertex 190.0850638 -73.15101640000006 0
vertex 190.05624172060482 -72.8583809169757 0
endloop
endfacet
facet normal 0 0 -1
outer loop
vertex 187.08506379999997 -73.15101640000006 0
vertex 187.11388587939513 -73.4436518830241 0
vertex 28.45618629136336 -73.4436518830241 0
endloop
endfacet
facet normal 0 0 -1
outer loop
vertex 187.08506379999997 -73.15101640000006 0
vertex 28.45618629136336 -73.4436518830241 0
vertex 28.440849932059333 -73.15101640000006 0
endloop
endfacet
facet normal 0 0 -1
outer loop
vertex 191.58918093025173 -73.15101640000006 0
vertex 191.5738445557733 -73.4436518830241 0
vertex 190.05624172060485 -73.4436518830241 0
endloop
endfacet
facet normal 0 0 -1
outer loop
vertex 191.58918093025173 -73.15101640000006 0
vertex 190.05624172060485 -73.4436518830241 0
vertex 190.0850638 -73.15101640000006 0
endloop
endfacet
facet normal 0 0 -1
outer loop
vertex 187.11388587939513 -73.4436518830241 0
vertex 187.19924450123312 -73.72504154854775 0
vertex 28.47093328298008 -73.72504154854775 0
endloop
endfacet
facet normal 0 0 -1
outer loop
vertex 187.11388587939513 -73.4436518830241 0
vertex 28.47093328298008 -73.72504154854775 0
vertex 28.45618629136336 -73.4436518830241 0
endloop
endfacet
facet normal 0 0 -1
outer loop
vertex 191.5738445557733 -73.4436518830241 0
vertex 191.55909754956528 -73.72504154854775 0
vertex 189.9708830987669 -73.72504154854775 0
endloop
endfacet
facet normal 0 0 -1
outer loop
vertex 191.5738445557733 -73.4436518830241 0
vertex 189.9708830987669 -73.72504154854775 0
vertex 190.05624172060485 -73.4436518830241 0
endloop
endfacet
facet normal 0 0 -1
outer loop
vertex 187.19924450123312 -73.72504154854775 0
vertex 187.3378593815461 -73.98437174952927 0
vertex 28.48452418829183 -73.98437174952927 0
endloop
endfacet
facet normal 0 0 -1
outer loop
vertex 187.19924450123312 -73.72504154854775 0
vertex 28.48452418829183 -73.98437174952927 0
vertex 28.47093328298008 -73.72504154854775 0
endloop
endfacet
facet normal 0 0 -1
outer loop
vertex 191.55909754956528 -73.72504154854775 0
vertex 191.54550663080616 -73.98437174952927 0
vertex 189.8322682184539 -73.98437174952927 0
endloop
endfacet
facet normal 0 0 -1
outer loop
vertex 191.55909754956528 -73.72504154854775 0
vertex 189.8322682184539 -73.98437174952927 0
vertex 189.9708830987669 -73.72504154854775 0
endloop
endfacet
facet normal 0 0 -1
outer loop
vertex 187.3378593815461 -73.98437174952927 0
vertex 187.5244036282203 -74.21167657177993 0
vertex 28.496436716429397 -74.21167657177993 0
endloop
endfacet
facet normal 0 0 -1
outer loop
vertex 187.3378593815461 -73.98437174952927 0
vertex 28.496436716429397 -74.21167657177993 0
vertex 28.48452418829183 -73.98437174952927 0
endloop
endfacet
facet normal 0 0 -1
outer loop
vertex 191.54550663080616 -73.98437174952927 0
vertex 191.53359409088185 -74.21167657177993 0
vertex 189.64572397177974 -74.21167657177993 0
endloop
endfacet
facet normal 0 0 -1
outer loop
vertex 191.54550663080616 -73.98437174952927 0
vertex 189.64572397177974 -74.21167657177993 0
vertex 189.8322682184539 -73.98437174952927 0
endloop
endfacet
facet normal 0 0 -1
outer loop
vertex 187.5244036282203 -74.21167657177993 0
vertex 187.75170845047055 -74.39822081845377 0
vertex 28.506213075617026 -74.39822081845377 0
endloop
endfacet
facet normal 0 0 -1
outer loop
vertex 187.5244036282203 -74.21167657177993 0
vertex 28.506213075617026 -74.39822081845377 0
vertex 28.496436716429397 -74.21167657177993 0
endloop
endfacet
facet normal 0 0 -1
outer loop
vertex 191.53359409088185 -74.21167657177993 0
vertex 191.52381772202108 -74.39822081845377 0
vertex 189.4184191495294 -74.39822081845377 0
endloop
endfacet
facet normal 0 0 -1
outer loop
vertex 191.53359409088185 -74.21167657177993 0
vertex 189.4184191495294 -74.39822081845377 0
vertex 189.64572397177974 -74.21167657177993 0
endloop
endfacet
facet normal 0 0 -1
outer loop
vertex 187.75170845047055 -74.39822081845377 0
vertex 188.01103865145248 -74.53683569876698 0
vertex 28.513477565853822 -74.53683569876698 0
endloop
endfacet
facet normal 0 0 -1
outer loop
vertex 187.75170845047055 -74.39822081845377 0
vertex 28.513477565853822 -74.53683569876698 0
vertex 28.506213075617026 -74.39822081845377 0
endloop
endfacet
facet normal 0 0 -1
outer loop
vertex 191.52381772202108 -74.39822081845377 0
vertex 191.51655322459652 -74.53683569876698 0
vertex 189.1590889485477 -74.53683569876698 0
endloop
endfacet
facet normal 0 0 -1
outer loop
vertex 191.52381772202108 -74.39822081845377 0
vertex 189.1590889485477 -74.53683569876698 0
vertex 189.4184191495294 -74.39822081845377 0
endloop
endfacet
facet normal 0 0 -1
outer loop
vertex 188.01103865145248 -74.53683569876698 0
vertex 188.29242831697582 -74.62219432060485 0
vertex 28.517951016853935 -74.62219432060485 0
endloop
endfacet
facet normal 0 0 -1
outer loop
vertex 188.01103865145248 -74.53683569876698 0
vertex 28.517951016853935 -74.62219432060485 0
vertex 28.513477565853822 -74.53683569876698 0
endloop
endfacet
facet normal 0 0 -1
outer loop
vertex 191.51655322459652 -74.53683569876698 0
vertex 191.51207976917019 -74.62219432060485 0
vertex 188.87769928302424 -74.62219432060485 0
endloop
endfacet
facet normal 0 0 -1
outer loop
vertex 191.51655322459652 -74.53683569876698 0
vertex 188.87769928302424 -74.62219432060485 0
vertex 189.1590889485477 -74.53683569876698 0
endloop
endfacet
facet normal 0 0 -1
outer loop
vertex 188.29242831697582 -74.62219432060485 0
vertex 188.5850638 -74.6510164 0
vertex 28.519461516404178 -74.6510164 0
endloop
endfacet
facet normal 0 0 -1
outer loop
vertex 188.29242831697582 -74.62219432060485 0
vertex 28.519461516404178 -74.6510164 0
vertex 28.517951016853935 -74.62219432060485 0
endloop
endfacet
facet normal 0 0 -1
outer loop
vertex 191.51207976917019 -74.62219432060485 0
vertex 191.51056926812538 -74.6510164 0
vertex 188.5850638 -74.6510164 0
endloop
endfacet
facet normal 0 0 -1
outer loop
vertex 191.51207976917019 -74.62219432060485 0
vertex 188.5850638 -74.6510164 0
vertex 188.87769928302424 -74.62219432060485 0
endloop
endfacet
facet normal 0 0 -1
outer loop
vertex 188.5850638 -74.6510164 0
vertex 191.51056926812538 -74.6510164 0
vertex 186.81736485 -164.20269915000026 0
endloop
endfacet
facet normal 0 0 -1
outer loop
vertex 188.5850638 -74.6510164 0
vertex 186.81736485 -164.20269915000026 0
vertex 33.21266129088738 -164.20269915000026 0
endloop
endfacet
facet normal 0 0 -1
outer loop
vertex 188.5850638 -74.6510164 0
vertex 33.21266129088738 -164.20269915000026 0
vertex 28.519461516404178 -74.6510164 0
endloop
endfacet
facet normal 0 0 -1
outer loop
vertex 186.81736485 -164.20269915000026 0
vertex 186.8223062152787 -164.80762396844239 0
vertex 33.24436402314555 -164.80762396844239 0
endloop
endfacet
facet normal 0 0 -1
outer loop
vertex 186.81736485 -164.20269915000026 0
vertex 33.24436402314555 -164.80762396844239 0
vertex 33.21266129088738 -164.20269915000026 0
endloop
endfacet
facet normal 0 0 -1
outer loop
vertex 186.8223062152787 -164.80762396844239 0
vertex 186.87988187078463 -165.2506651 0
vertex 33.26758280000001 -165.2506651 0
endloop
endfacet
facet normal 0 0 -1
outer loop
vertex 186.8223062152787 -164.80762396844239 0
vertex 33.26758280000001 -165.2506651 0
vertex 33.24436402314555 -164.80762396844239 0
endloop
endfacet
facet normal 0 0 -1
outer loop
vertex 186.87988187078463 -165.2506651 0
vertex 186.90026661886125 -165.40752448397092 0
vertex 33.2663011161256 -165.40752448397092 0
endloop
endfacet
facet normal 0 0 -1
outer loop
vertex 186.87988187078463 -165.2506651 0
vertex 33.2663011161256 -165.40752448397092 0
vertex 33.26758280000001 -165.2506651 0
endloop
endfacet
facet normal 0 0 -1
outer loop
vertex 186.90026661886125 -165.40752448397092 0
vertex 187.01482016185545 -165.85558736844237 0
vertex 33.2626400347213 -165.85558736844237 0
endloop
endfacet
facet normal 0 0 -1
outer loop
vertex 186.90026661886125 -165.40752448397092 0
vertex 33.2626400347213 -165.85558736844237 0
vertex 33.2663011161256 -165.40752448397092 0
endloop
endfacet
facet normal 0 0 -1
outer loop
vertex 187.01482016185545 -165.85558736844237 0
vertex 187.05010969999995 -165.9936182999998 0
vertex 33.244702148600936 -165.9936182999998 0
endloop
endfacet
facet normal 0 0 -1
outer loop
vertex 187.01482016185545 -165.85558736844237 0
vertex 33.244702148600936 -165.9936182999998 0
vertex 33.2626400347213 -165.85558736844237 0
endloop
endfacet
facet normal 0 0 -1
outer loop
vertex 187.05010969999995 -165.9936182999998 0
vertex 187.19848124436805 -166.45548788397102 0
vertex 33.18467963113871 -166.45548788397102 0
endloop
endfacet
facet normal 0 0 -1
outer loop
vertex 187.05010969999995 -165.9936182999998 0
vertex 33.18467963113871 -166.45548788397102 0
vertex 33.244702148600936 -165.9936182999998 0
endloop
endfacet
facet normal 0 0 -1
outer loop
vertex 187.19848124436805 -166.45548788397102 0
vertex 187.3867590045032 -167.04158255000016 0
vertex 33.034841399999955 -167.04158255000016 0
endloop
endfacet
facet normal 0 0 -1
outer loop
vertex 187.19848124436805 -166.45548788397102 0
vertex 33.034841399999955 -167.04158255000016 0
vertex 33.18467963113871 -166.45548788397102 0
endloop
endfacet
facet normal 0 0 -1
outer loop
vertex 187.3867590045032 -167.04158255000016 0
vertex 193.35810655000003 -185.62994340000003 0
vertex 193.5148657992193 -186.25279529700433 0
endloop
endfacet
facet normal 0 0 -1
outer loop
vertex 187.3867590045032 -167.04158255000016 0
vertex 193.5148657992193 -186.25279529700433 0
vertex 193.59048840833293 -186.89060339416898 0
endloop
endfacet
facet normal 0 0 -1
outer loop
vertex 187.3867590045032 -167.04158255000016 0
vertex 193.59048840833293 -186.89060339416898 0
vertex 193.5837231 -187.53284679999973 0
endloop
endfacet
facet normal 0 0 -1
outer loop
vertex 187.3867590045032 -167.04158255000016 0
vertex 193.5837231 -187.53284679999973 0
vertex 191.98558185 -208.85727605000022 0
endloop
endfacet
facet normal 0 0 -1
outer loop
vertex 187.3867590045032 -167.04158255000016 0
vertex 191.98558185 -208.85727605000022 0
vertex 191.87788063966215 -209.57997990419832 0
endloop
endfacet
facet normal 0 0 -1
outer loop
vertex 187.3867590045032 -167.04158255000016 0
vertex 191.87788063966215 -209.57997990419832 0
vertex 191.6659980196516 -210.27926966311014 0
endloop
endfacet
facet normal 0 0 -1
outer loop
vertex 187.3867590045032 -167.04158255000016 0
vertex 191.6659980196516 -210.27926966311014 0
vertex 191.35445895868983 -210.94021128313108 0
endloop
endfacet
facet normal 0 0 -1
outer loop
vertex 187.3867590045032 -167.04158255000016 0
vertex 191.35445895868983 -210.94021128313108 0
vertex 190.94991669009138 -211.5486896841433 0
endloop
endfacet
facet normal 0 0 -1
outer loop
vertex 187.3867590045032 -167.04158255000016 0
vertex 190.94991669009138 -211.5486896841433 0
vertex 190.9402824388606 -211.5593903 0
endloop
endfacet
facet normal 0 0 -1
outer loop
vertex 187.3867590045032 -167.04158255000016 0
vertex 190.9402824388606 -211.5593903 0
vertex 110.00256660000008 -211.5593903 0
endloop
endfacet
facet normal 0 0 -1
outer loop
vertex 187.3867590045032 -167.04158255000016 0
vertex 110.00256660000008 -211.5593903 0
vertex 28.52837439088925 -211.5593903 0
endloop
endfacet
facet normal 0 0 -1
outer loop
vertex 187.3867590045032 -167.04158255000016 0
vertex 28.52837439088925 -211.5593903 0
vertex 28.418947430348354 -211.32723696310995 0
endloop
endfacet
facet normal 0 0 -1
outer loop
vertex 187.3867590045032 -167.04158255000016 0
vertex 28.418947430348354 -211.32723696310995 0
vertex 28.207064810337855 -210.62794720419828 0
endloop
endfacet
facet normal 0 0 -1
outer loop
vertex 187.3867590045032 -167.04158255000016 0
vertex 28.207064810337855 -210.62794720419828 0
vertex 28.099367200000003 -209.9052467 0
endloop
endfacet
facet normal 0 0 -1
outer loop
vertex 187.3867590045032 -167.04158255000016 0
vertex 28.099367200000003 -209.9052467 0
vertex 26.501219550000002 -188.58080530000007 0
endloop
endfacet
facet normal 0 0 -1
outer loop
vertex 187.3867590045032 -167.04158255000016 0
vertex 26.501219550000002 -188.58080530000007 0
vertex 26.49445769166708 -187.93856529416905 0
endloop
endfacet
facet normal 0 0 -1
outer loop
vertex 187.3867590045032 -167.04158255000016 0
vertex 26.49445769166708 -187.93856529416905 0
vertex 26.570080300780674 -187.30075719700451 0
endloop
endfacet
facet normal 0 0 -1
outer loop
vertex 187.3867590045032 -167.04158255000016 0
vertex 26.570080300780674 -187.30075719700451 0
vertex 26.726839100000035 -186.6779005999999 0
endloop
endfacet
facet normal 0 0 -1
outer loop
vertex 187.3867590045032 -167.04158255000016 0
vertex 26.726839100000035 -186.6779005999999 0
vertex 33.034841399999955 -167.04158255000016 0
endloop
endfacet
facet normal 0 0 -1
outer loop
vertex 110.00256660000008 -211.5593903 0
vertex 109.70993111697588 -211.58821237939515 0
vertex 28.541959862401015 -211.58821237939515 0
endloop
endfacet
facet normal 0 0 -1
outer loop
vertex 110.00256660000008 -211.5593903 0
vertex 28.541959862401015 -211.58821237939515 0
vertex 28.52837439088925 -211.5593903 0
endloop
endfacet
facet normal 0 0 -1
outer loop
vertex 190.9402824388606 -211.5593903 0
vertex 190.91433260965397 -211.58821237939515 0
vertex 110.29520208302428 -211.58821237939515 0
endloop
endfacet
facet normal 0 0 -1
outer loop
vertex 190.9402824388606 -211.5593903 0
vertex 110.29520208302428 -211.58821237939515 0
vertex 110.00256660000008 -211.5593903 0
endloop
endfacet
facet normal 0 0 -1
outer loop
vertex 109.70993111697588 -211.58821237939515 0
vertex 109.42854145145239 -211.67357100123303 0
vertex 28.582194194884913 -211.67357100123303 0
endloop
endfacet
facet normal 0 0 -1
outer loop
vertex 109.70993111697588 -211.58821237939515 0
vertex 28.582194194884913 -211.67357100123303 0
vertex 28.541959862401015 -211.58821237939515 0
endloop
endfacet
facet normal 0 0 -1
outer loop
vertex 190.91433260965397 -211.58821237939515 0
vertex 190.83748035941764 -211.67357100123303 0
vertex 110.5765917485476 -211.67357100123303 0
endloop
endfacet
facet normal 0 0 -1
outer loop
vertex 190.91433260965397 -211.58821237939515 0
vertex 110.5765917485476 -211.67357100123303 0
vertex 110.29520208302428 -211.58821237939515 0
endloop
endfacet
facet normal 0 0 -1
outer loop
vertex 109.42854145145239 -211.67357100123303 0
vertex 109.16921125047041 -211.81218588154618 0
vertex 28.64753120550731 -211.81218588154618 0
endloop
endfacet
facet normal 0 0 -1
outer loop
vertex 109.42854145145239 -211.67357100123303 0
vertex 28.64753120550731 -211.81218588154618 0
vertex 28.582194194884913 -211.67357100123303 0
endloop
endfacet
facet normal 0 0 -1
outer loop
vertex 190.83748035941764 -211.67357100123303 0
vertex 190.71267907702892 -211.81218588154618 0
vertex 110.83592194952942 -211.81218588154618 0
endloop
endfacet
facet normal 0 0 -1
outer loop
vertex 190.83748035941764 -211.67357100123303 0
vertex 110.83592194952942 -211.81218588154618 0
vertex 110.5765917485476 -211.67357100123303 0
endloop
endfacet
facet normal 0 0 -1
outer loop
vertex 109.16921125047041 -211.81218588154618 0
vertex 108.9419064282201 -211.9987301282201 0
vertex 28.73750160635851 -211.9987301282201 0
endloop
endfacet
facet normal 0 0 -1
outer loop
vertex 109.16921125047041 -211.81218588154618 0
vertex 28.73750160635851 -211.9987301282201 0
vertex 28.7304864913104 -211.98817858313143 0
endloop
endfacet
facet normal 0 0 -1
outer loop
vertex 109.16921125047041 -211.81218588154618 0
vertex 28.7304864913104 -211.98817858313143 0
vertex 28.64753120550731 -211.81218588154618 0
endloop
endfacet
facet normal 0 0 -1
outer loop
vertex 190.71267907702892 -211.81218588154618 0
vertex 190.54472480578076 -211.9987301282201 0
vertex 111.06322677177975 -211.9987301282201 0
endloop
endfacet
facet normal 0 0 -1
outer loop
vertex 190.71267907702892 -211.81218588154618 0
vertex 111.06322677177975 -211.9987301282201 0
vertex 110.83592194952942 -211.81218588154618 0
endloop
endfacet
facet normal 0 0 -1
outer loop
vertex 108.9419064282201 -211.9987301282201 0
vertex 108.75536218154635 -212.22603495047062 0
vertex 28.888623500420184 -212.22603495047062 0
endloop
endfacet
facet normal 0 0 -1
outer loop
vertex 108.9419064282201 -211.9987301282201 0
vertex 28.888623500420184 -212.22603495047062 0
vertex 28.73750160635851 -211.9987301282201 0
endloop
endfacet
facet normal 0 0 -1
outer loop
vertex 190.54472480578076 -211.9987301282201 0
vertex 190.46101062520407 -212.09171019139774 0
vertex 190.29876218872877 -212.22603495047062 0
endloop
endfacet
facet normal 0 0 -1
outer loop
vertex 190.54472480578076 -211.9987301282201 0
vertex 190.29876218872877 -212.22603495047062 0
vertex 111.24977101845383 -212.22603495047062 0
endloop
endfacet
facet normal 0 0 -1
outer loop
vertex 190.54472480578076 -211.9987301282201 0
vertex 111.24977101845383 -212.22603495047062 0
vertex 111.06322677177975 -211.9987301282201 0
endloop
endfacet
facet normal 0 0 -1
outer loop
vertex 108.75536218154635 -212.22603495047062 0
vertex 108.61674730123302 -212.48536515145236 0
vertex 29.06103722561851 -212.48536515145236 0
endloop
endfacet
facet normal 0 0 -1
outer loop
vertex 108.75536218154635 -212.22603495047062 0
vertex 29.06103722561851 -212.48536515145236 0
vertex 28.888623500420184 -212.22603495047062 0
endloop
endfacet
facet normal 0 0 -1
outer loop
vertex 190.29876218872877 -212.22603495047062 0
vertex 189.98552194969525 -212.48536515145236 0
vertex 111.38838589876693 -212.48536515145236 0
endloop
endfacet
facet normal 0 0 -1
outer loop
vertex 190.29876218872877 -212.22603495047062 0
vertex 111.38838589876693 -212.48536515145236 0
vertex 111.24977101845383 -212.22603495047062 0
endloop
endfacet
facet normal 0 0 -1
outer loop
vertex 108.61674730123302 -212.48536515145236 0
vertex 108.53138867939512 -212.76675481697578 0
vertex 29.288175576621697 -212.76675481697578 0
endloop
endfacet
facet normal 0 0 -1
outer loop
vertex 108.61674730123302 -212.48536515145236 0
vertex 29.288175576621697 -212.76675481697578 0
vertex 29.135028759908778 -212.59665698414358 0
endloop
endfacet
facet normal 0 0 -1
outer loop
vertex 108.61674730123302 -212.48536515145236 0
vertex 29.135028759908778 -212.59665698414358 0
vertex 29.06103722561851 -212.48536515145236 0
endloop
endfacet
facet normal 0 0 -1
outer loop
vertex 189.98552194969525 -212.48536515145236 0
vertex 189.89818370000006 -212.5576721 0
vertex 189.60431425621493 -212.76675481697578 0
endloop
endfacet
facet normal 0 0 -1
outer loop
vertex 189.98552194969525 -212.48536515145236 0
vertex 189.60431425621493 -212.76675481697578 0
vertex 111.47374452060482 -212.76675481697578 0
endloop
endfacet
facet normal 0 0 -1
outer loop
vertex 189.98552194969525 -212.48536515145236 0
vertex 111.47374452060482 -212.76675481697578 0
vertex 111.38838589876693 -212.48536515145236 0
endloop
endfacet
facet normal 0 0 -1
outer loop
vertex 108.53138867939512 -212.76675481697578 0
vertex 108.50256659999997 -213.05939030000005 0
vertex 29.551648614086115 -213.05939030000005 0
endloop
endfacet
facet normal 0 0 -1
outer loop
vertex 108.53138867939512 -212.76675481697578 0
vertex 29.551648614086115 -213.05939030000005 0
vertex 29.288175576621697 -212.76675481697578 0
endloop
endfacet
facet normal 0 0 -1
outer loop
vertex 189.60431425621493 -212.76675481697578 0
vertex 189.19300992713403 -213.05939030000005 0
vertex 111.5025666 -213.05939030000005 0
endloop
endfacet
facet normal 0 0 -1
outer loop
vertex 189.60431425621493 -212.76675481697578 0
vertex 111.5025666 -213.05939030000005 0
vertex 111.47374452060482 -212.76675481697578 0
endloop
endfacet
facet normal 0 0 -1
outer loop
vertex 189.19300992713403 -213.05939030000005 0
vertex 188.91551464698776 -213.25682310000002 0
vertex 181.7874944000001 -213.25682310000002 0
endloop
endfacet
facet normal 0 0 -1
outer loop
vertex 189.19300992713403 -213.05939030000005 0
vertex 181.7874944000001 -213.25682310000002 0
vertex 111.48312116645927 -213.25682310000002 0
endloop
endfacet
facet normal 0 0 -1
outer loop
vertex 189.19300992713403 -213.05939030000005 0
vertex 111.48312116645927 -213.25682310000002 0
vertex 111.5025666 -213.05939030000005 0
endloop
endfacet
facet normal 0 0 -1
outer loop
vertex 181.7874944000001 -213.25682310000002 0
vertex 181.4948589169762 -213.28564517939515 0
vertex 111.48028243941197 -213.28564517939515 0
endloop
endfacet
facet normal 0 0 -1
outer loop
vertex 181.7874944000001 -213.25682310000002 0
vertex 111.48028243941197 -213.28564517939515 0
vertex 111.48312116645927 -213.25682310000002 0
endloop
endfacet
facet normal 0 0 -1
outer loop
vertex 188.91551464698776 -213.25682310000002 0
vertex 188.87500470640975 -213.28564517939515 0
vertex 182.08012988302414 -213.28564517939515 0
endloop
endfacet
facet normal 0 0 -1
outer loop
vertex 188.91551464698776 -213.25682310000002 0
vertex 182.08012988302414 -213.28564517939515 0
vertex 181.7874944000001 -213.25682310000002 0
endloop
endfacet
facet normal 0 0 -1
outer loop
vertex 108.50256659999997 -213.05939030000005 0
vertex 108.53138867939515 -213.35202578302417 0
vertex 29.88042513773712 -213.35202578302417 0
endloop
endfacet
facet normal 0 0 -1
outer loop
vertex 108.50256659999997 -213.05939030000005 0
vertex 29.88042513773712 -213.35202578302417 0
vertex 29.6239348247954 -213.13967749139724 0
endloop
endfacet
facet normal 0 0 -1
outer loop
vertex 108.50256659999997 -213.05939030000005 0
vertex 29.6239348247954 -213.13967749139724 0
vertex 29.551648614086115 -213.05939030000005 0
endloop
endfacet
facet normal 0 0 -1
outer loop
vertex 181.4948589169762 -213.28564517939515 0
vertex 181.27603139316815 -213.35202578302417 0
vertex 111.47374452060485 -213.35202578302417 0
endloop
endfacet
facet normal 0 0 -1
outer loop
vertex 181.4948589169762 -213.28564517939515 0
vertex 111.47374452060485 -213.35202578302417 0
vertex 111.48028243941197 -213.28564517939515 0
endloop
endfacet
facet normal 0 0 -1
outer loop
vertex 181.27603139316815 -213.35202578302417 0
vertex 181.21346925145227 -213.37100380123306 0
vertex 111.46798760171974 -213.37100380123306 0
endloop
endfacet
facet normal 0 0 -1
outer loop
vertex 181.27603139316815 -213.35202578302417 0
vertex 111.46798760171974 -213.37100380123306 0
vertex 111.47374452060485 -213.35202578302417 0
endloop
endfacet
facet normal 0 0 -1
outer loop
vertex 188.87500470640975 -213.28564517939515 0
vertex 188.75503165897382 -213.37100380123306 0
vertex 182.36151954854762 -213.37100380123306 0
endloop
endfacet
facet normal 0 0 -1
outer loop
vertex 188.87500470640975 -213.28564517939515 0
vertex 182.36151954854762 -213.37100380123306 0
vertex 182.08012988302414 -213.28564517939515 0
endloop
endfacet
facet normal 0 0 -1
outer loop
vertex 181.21346925145227 -213.37100380123306 0
vertex 180.95413905047056 -213.50961868154627 0
vertex 111.4259392374781 -213.50961868154627 0
endloop
endfacet
facet normal 0 0 -1
outer loop
vertex 181.21346925145227 -213.37100380123306 0
vertex 111.4259392374781 -213.50961868154627 0
vertex 111.46798760171974 -213.37100380123306 0
endloop
endfacet
facet normal 0 0 -1
outer loop
vertex 188.75503165897382 -213.37100380123306 0
vertex 188.5602060016111 -213.50961868154627 0
vertex 182.62084974952955 -213.50961868154627 0
endloop
endfacet
facet normal 0 0 -1
outer loop
vertex 188.75503165897382 -213.37100380123306 0
vertex 182.62084974952955 -213.50961868154627 0
vertex 182.36151954854762 -213.37100380123306 0
endloop
endfacet
facet normal 0 0 -1
outer loop
vertex 108.53138867939515 -213.35202578302417 0
vertex 108.6167473012331 -213.63341544854774 0
vertex 30.225797801515224 -213.63341544854774 0
endloop
endfacet
facet normal 0 0 -1
outer loop
vertex 108.53138867939515 -213.35202578302417 0
vertex 30.225797801515224 -213.63341544854774 0
vertex 30.18676360000036 -213.6056433500003 0
endloop
endfacet
facet normal 0 0 -1
outer loop
vertex 108.53138867939515 -213.35202578302417 0
vertex 30.18676360000036 -213.6056433500003 0
vertex 29.88042513773712 -213.35202578302417 0
endloop
endfacet
facet normal 0 0 -1
outer loop
vertex 180.95413905047056 -213.50961868154627 0
vertex 180.8032922534227 -213.63341544854774 0
vertex 111.38838589876691 -213.63341544854774 0
endloop
endfacet
facet normal 0 0 -1
outer loop
vertex 180.95413905047056 -213.50961868154627 0
vertex 111.38838589876691 -213.63341544854774 0
vertex 111.4259392374781 -213.50961868154627 0
endloop
endfacet
facet normal 0 0 -1
outer loop
vertex 180.8032922534227 -213.63341544854774 0
vertex 180.72683422822027 -213.69616292822002 0
vertex 111.35484667212917 -213.69616292822002 0
endloop
endfacet
facet normal 0 0 -1
outer loop
vertex 180.8032922534227 -213.63341544854774 0
vertex 111.35484667212917 -213.69616292822002 0
vertex 111.38838589876691 -213.63341544854774 0
endloop
endfacet
facet normal 0 0 -1
outer loop
vertex 188.5602060016111 -213.50961868154627 0
vertex 188.29801477507525 -213.69616292822002 0
vertex 182.8481545717797 -213.69616292822002 0
endloop
endfacet
facet normal 0 0 -1
outer loop
vertex 188.5602060016111 -213.50961868154627 0
vertex 182.8481545717797 -213.69616292822002 0
vertex 182.62084974952955 -213.50961868154627 0
endloop
endfacet
facet normal 0 0 -1
outer loop
vertex 108.6167473012331 -213.63341544854774 0
vertex 108.75536218154606 -213.89274564952922 0
vertex 30.590291226695467 -213.89274564952922 0
endloop
endfacet
facet normal 0 0 -1
outer loop
vertex 108.6167473012331 -213.63341544854774 0
vertex 30.590291226695467 -213.89274564952922 0
vertex 30.225797801515224 -213.63341544854774 0
endloop
endfacet
facet normal 0 0 -1
outer loop
vertex 180.72683422822027 -213.69616292822002 0
vertex 180.5655029581985 -213.89274564952922 0
vertex 111.24977101845383 -213.89274564952922 0
endloop
endfacet
facet normal 0 0 -1
outer loop
vertex 180.72683422822027 -213.69616292822002 0
vertex 111.24977101845383 -213.89274564952922 0
vertex 111.35484667212917 -213.69616292822002 0
endloop
endfacet
facet normal 0 0 -1
outer loop
vertex 180.5655029581985 -213.89274564952922 0
vertex 180.54028998154615 -213.92346775047065 0
vertex 111.22455804180169 -213.92346775047065 0
endloop
endfacet
facet normal 0 0 -1
outer loop
vertex 180.5655029581985 -213.89274564952922 0
vertex 111.22455804180169 -213.92346775047065 0
vertex 111.24977101845383 -213.89274564952922 0
endloop
endfacet
facet normal 0 0 -1
outer loop
vertex 188.29801477507525 -213.69616292822002 0
vertex 187.97853384116235 -213.92346775047065 0
vertex 183.03469881845385 -213.92346775047065 0
endloop
endfacet
facet normal 0 0 -1
outer loop
vertex 188.29801477507525 -213.69616292822002 0
vertex 183.03469881845385 -213.92346775047065 0
vertex 182.8481545717797 -213.69616292822002 0
endloop
endfacet
facet normal 0 0 -1
outer loop
vertex 108.75536218154606 -213.89274564952922 0
vertex 108.94190642822028 -214.1200504717799 0
vertex 30.909772385883922 -214.1200504717799 0
endloop
endfacet
facet normal 0 0 -1
outer loop
vertex 108.75536218154606 -213.89274564952922 0
vertex 30.909772385883922 -214.1200504717799 0
vertex 30.590291226695467 -213.89274564952922 0
endloop
endfacet
facet normal 0 0 -1
outer loop
vertex 180.54028998154615 -213.92346775047065 0
vertex 180.43521432787094 -214.1200504717799 0
vertex 111.06322677177987 -214.1200504717799 0
endloop
endfacet
facet normal 0 0 -1
outer loop
vertex 180.54028998154615 -213.92346775047065 0
vertex 111.06322677177987 -214.1200504717799 0
vertex 111.22455804180169 -213.92346775047065 0
endloop
endfacet
facet normal 0 0 -1
outer loop
vertex 180.43521432787094 -214.1200504717799 0
vertex 180.40167510123317 -214.18279795145233 0
vertex 110.98676874657701 -214.18279795145233 0
endloop
endfacet
facet normal 0 0 -1
outer loop
vertex 180.43521432787094 -214.1200504717799 0
vertex 110.98676874657701 -214.18279795145233 0
vertex 111.06322677177987 -214.1200504717799 0
endloop
endfacet
facet normal 0 0 -1
outer loop
vertex 187.97853384116235 -213.92346775047065 0
vertex 187.61404067299674 -214.18279795145233 0
vertex 183.17331369876695 -214.18279795145233 0
endloop
endfacet
facet normal 0 0 -1
outer loop
vertex 187.97853384116235 -213.92346775047065 0
vertex 183.17331369876695 -214.18279795145233 0
vertex 183.03469881845385 -213.92346775047065 0
endloop
endfacet
facet normal 0 0 -1
outer loop
vertex 108.94190642822028 -214.1200504717799 0
vertex 109.16701024506631 -214.3047884 0
vertex 38.29745270000006 -214.3047884 0
endloop
endfacet
facet normal 0 0 -1
outer loop
vertex 108.94190642822028 -214.1200504717799 0
vertex 38.29745270000006 -214.3047884 0
vertex 31.16942498308549 -214.3047884 0
endloop
endfacet
facet normal 0 0 -1
outer loop
vertex 108.94190642822028 -214.1200504717799 0
vertex 31.16942498308549 -214.3047884 0
vertex 30.909772385883922 -214.1200504717799 0
endloop
endfacet
facet normal 0 0 -1
outer loop
vertex 109.16701024506631 -214.3047884 0
vertex 109.16921125047048 -214.3065947184537 0
vertex 38.31579255903478 -214.3065947184537 0
endloop
endfacet
facet normal 0 0 -1
outer loop
vertex 109.16701024506631 -214.3047884 0
vertex 38.31579255903478 -214.3065947184537 0
vertex 38.29745270000006 -214.3047884 0
endloop
endfacet
facet normal 0 0 -1
outer loop
vertex 180.40167510123317 -214.18279795145233 0
vertex 180.36412176252193 -214.3065947184537 0
vertex 110.83592194952939 -214.3065947184537 0
endloop
endfacet
facet normal 0 0 -1
outer loop
vertex 180.40167510123317 -214.18279795145233 0
vertex 110.83592194952939 -214.3065947184537 0
vertex 110.98676874657701 -214.18279795145233 0
endloop
endfacet
facet normal 0 0 -1
outer loop
vertex 38.29745270000006 -214.3047884 0
vertex 38.00481721697603 -214.33361047939513 0
vertex 31.209934952228252 -214.33361047939513 0
endloop
endfacet
facet normal 0 0 -1
outer loop
vertex 38.29745270000006 -214.3047884 0
vertex 31.209934952228252 -214.33361047939513 0
vertex 31.16942498308549 -214.3047884 0
endloop
endfacet
facet normal 0 0 -1
outer loop
vertex 109.16921125047048 -214.3065947184537 0
vertex 109.21975418423625 -214.33361047939513 0
vertex 38.590088183023965 -214.33361047939513 0
endloop
endfacet
facet normal 0 0 -1
outer loop
vertex 109.16921125047048 -214.3065947184537 0
vertex 38.590088183023965 -214.33361047939513 0
vertex 38.31579255903478 -214.3065947184537 0
endloop
endfacet
facet normal 0 0 -1
outer loop
vertex 38.00481721697603 -214.33361047939513 0
vertex 37.72342755145237 -214.4189691012331 0
vertex 31.329908084260833 -214.4189691012331 0
endloop
endfacet
facet normal 0 0 -1
outer loop
vertex 38.00481721697603 -214.33361047939513 0
vertex 31.329908084260833 -214.4189691012331 0
vertex 31.209934952228252 -214.33361047939513 0
endloop
endfacet
facet normal 0 0 -1
outer loop
vertex 109.21975418423625 -214.33361047939513 0
vertex 109.37944893350677 -214.4189691012331 0
vertex 38.871477848547585 -214.4189691012331 0
endloop
endfacet
facet normal 0 0 -1
outer loop
vertex 109.21975418423625 -214.33361047939513 0
vertex 38.871477848547585 -214.4189691012331 0
vertex 38.590088183023965 -214.33361047939513 0
endloop
endfacet
facet normal 0 0 -1
outer loop
vertex 109.37944893350677 -214.4189691012331 0
vertex 109.42854145145257 -214.445209598767 0
vertex 38.92057036649342 -214.445209598767 0
endloop
endfacet
facet normal 0 0 -1
outer loop
vertex 109.37944893350677 -214.4189691012331 0
vertex 38.92057036649342 -214.445209598767 0
vertex 38.871477848547585 -214.4189691012331 0
endloop
endfacet
facet normal 0 0 -1
outer loop
vertex 180.36412176252193 -214.3065947184537 0
vertex 180.32207339828028 -214.445209598767 0
vertex 110.57659174854761 -214.445209598767 0
endloop
endfacet
facet normal 0 0 -1
outer loop
vertex 180.36412176252193 -214.3065947184537 0
vertex 110.57659174854761 -214.445209598767 0
vertex 110.83592194952939 -214.3065947184537 0
endloop
endfacet
facet normal 0 0 -1
outer loop
vertex 180.32207339828028 -214.445209598767 0
vertex 180.31631647939525 -214.4641876169756 0
vertex 110.51402960683237 -214.4641876169756 0
endloop
endfacet
facet normal 0 0 -1
outer loop
vertex 180.32207339828028 -214.445209598767 0
vertex 110.51402960683237 -214.4641876169756 0
vertex 110.57659174854761 -214.445209598767 0
endloop
endfacet
facet normal 0 0 -1
outer loop
vertex 187.61404067299674 -214.18279795145233 0
vertex 187.21854253862062 -214.4641876169756 0
vertex 183.2586723206048 -214.4641876169756 0
endloop
endfacet
facet normal 0 0 -1
outer loop
vertex 187.61404067299674 -214.18279795145233 0
vertex 183.2586723206048 -214.4641876169756 0
vertex 183.17331369876695 -214.18279795145233 0
endloop
endfacet
facet normal 0 0 -1
outer loop
vertex 109.42854145145257 -214.445209598767 0
vertex 109.70993111697574 -214.53056822060483 0
vertex 39.080265115763666 -214.53056822060483 0
endloop
endfacet
facet normal 0 0 -1
outer loop
vertex 109.42854145145257 -214.445209598767 0
vertex 39.080265115763666 -214.53056822060483 0
vertex 38.92057036649342 -214.445209598767 0
endloop
endfacet
facet normal 0 0 -1
outer loop
vertex 180.31631647939525 -214.4641876169756 0
vertex 180.309778560588 -214.53056822060483 0
vertex 110.29520208302414 -214.53056822060483 0
endloop
endfacet
facet normal 0 0 -1
outer loop
vertex 180.31631647939525 -214.4641876169756 0
vertex 110.29520208302414 -214.53056822060483 0
vertex 110.51402960683237 -214.4641876169756 0
endloop
endfacet
facet normal 0 0 -1
outer loop
vertex 37.72342755145237 -214.4189691012331 0
vertex 37.46409735047038 -214.55758398154632 0
vertex 31.524733879000877 -214.55758398154632 0
endloop
endfacet
facet normal 0 0 -1
outer loop
vertex 37.72342755145237 -214.4189691012331 0
vertex 31.524733879000877 -214.55758398154632 0
vertex 31.329908084260833 -214.4189691012331 0
endloop
endfacet
facet normal 0 0 -1
outer loop
vertex 109.70993111697574 -214.53056822060483 0
vertex 109.98422674096551 -214.55758398154632 0
vertex 39.130808049529534 -214.55758398154632 0
endloop
endfacet
facet normal 0 0 -1
outer loop
vertex 109.70993111697574 -214.53056822060483 0
vertex 39.130808049529534 -214.55758398154632 0
vertex 39.080265115763666 -214.53056822060483 0
endloop
endfacet
facet normal 0 0 -1
outer loop
vertex 109.98422674096551 -214.55758398154632 0
vertex 110.00256659999995 -214.5593903 0
vertex 39.13300905493367 -214.5593903 0
endloop
endfacet
facet normal 0 0 -1
outer loop
vertex 109.98422674096551 -214.55758398154632 0
vertex 39.13300905493367 -214.5593903 0
vertex 39.130808049529534 -214.55758398154632 0
endloop
endfacet
facet normal 0 0 -1
outer loop
vertex 180.309778560588 -214.53056822060483 0
vertex 180.3069398335407 -214.5593903 0
vertex 110.00256659999995 -214.5593903 0
endloop
endfacet
facet normal 0 0 -1
outer loop
vertex 180.309778560588 -214.53056822060483 0
vertex 110.00256659999995 -214.5593903 0
vertex 110.29520208302414 -214.53056822060483 0
endloop
endfacet
facet normal 0 0 -1
outer loop
vertex 37.46409735047038 -214.55758398154632 0
vertex 37.23679252822025 -214.7441282282203 0
vertex 31.786925290415855 -214.7441282282203 0
endloop
endfacet
facet normal 0 0 -1
outer loop
vertex 37.46409735047038 -214.55758398154632 0
vertex 31.786925290415855 -214.7441282282203 0
vertex 31.524733879000877 -214.55758398154632 0
endloop
endfacet
facet normal 0 0 -1
outer loop
vertex 110.00256659999995 -214.5593903 0
vertex 180.3069398335407 -214.5593903 0
vertex 180.288744735737 -214.7441282282203 0
endloop
endfacet
facet normal 0 0 -1
outer loop
vertex 110.00256659999995 -214.5593903 0
vertex 180.288744735737 -214.7441282282203 0
vertex 39.35811287177995 -214.7441282282203 0
endloop
endfacet
facet normal 0 0 -1
outer loop
vertex 110.00256659999995 -214.5593903 0
vertex 39.35811287177995 -214.7441282282203 0
vertex 39.13300905493367 -214.5593903 0
endloop
endfacet
facet normal 0 0 -1
outer loop
vertex 180.288744735737 -214.7441282282203 0
vertex 180.28749439999996 -214.7568231 0
vertex 39.36853128380185 -214.7568231 0
endloop
endfacet
facet normal 0 0 -1
outer loop
vertex 180.288744735737 -214.7441282282203 0
vertex 39.36853128380185 -214.7568231 0
vertex 39.35811287177995 -214.7441282282203 0
endloop
endfacet
facet normal 0 0 -1
outer loop
vertex 187.21854253862062 -214.4641876169756 0
vertex 186.80723820953955 -214.7568231 0
vertex 183.28749439999999 -214.7568231 0
endloop
endfacet
facet normal 0 0 -1
outer loop
vertex 187.21854253862062 -214.4641876169756 0
vertex 183.28749439999999 -214.7568231 0
vertex 183.2586723206048 -214.4641876169756 0
endloop
endfacet
facet normal 0 0 -1
outer loop
vertex 37.23679252822025 -214.7441282282203 0
vertex 37.050248281546374 -214.9714330504704 0
vertex 32.10640644960351 -214.9714330504704 0
endloop
endfacet
facet normal 0 0 -1
outer loop
vertex 37.23679252822025 -214.7441282282203 0
vertex 32.10640644960351 -214.9714330504704 0
vertex 31.786925290415855 -214.7441282282203 0
endloop
endfacet
facet normal 0 0 -1
outer loop
vertex 180.28749439999996 -214.7568231 0
vertex 180.30863163519626 -214.9714330504704 0
vertex 39.5446571184537 -214.9714330504704 0
endloop
endfacet
facet normal 0 0 -1
outer loop
vertex 180.28749439999996 -214.7568231 0
vertex 39.5446571184537 -214.9714330504704 0
vertex 39.36853128380185 -214.7568231 0
endloop
endfacet
facet normal 0 0 -1
outer loop
vertex 180.30863163519626 -214.9714330504704 0
vertex 180.31631647939517 -215.0494585830242 0
vertex 39.58636263449218 -215.0494585830242 0
endloop
endfacet
facet normal 0 0 -1
outer loop
vertex 180.30863163519626 -214.9714330504704 0
vertex 39.58636263449218 -215.0494585830242 0
vertex 39.5446571184537 -214.9714330504704 0
endloop
endfacet
facet normal 0 0 -1
outer loop
vertex 186.80723820953955 -214.7568231 0
vertex 186.39593388045873 -215.0494585830242 0
vertex 183.25867232060483 -215.0494585830242 0
endloop
endfacet
facet normal 0 0 -1
outer loop
vertex 186.80723820953955 -214.7568231 0
vertex 183.25867232060483 -215.0494585830242 0
vertex 183.28749439999999 -214.7568231 0
endloop
endfacet
facet normal 0 0 -1
outer loop
vertex 37.050248281546374 -214.9714330504704 0
vertex 36.911633401233 -215.2307632514525 0
vertex 32.47089987478459 -215.2307632514525 0
endloop
endfacet
facet normal 0 0 -1
outer loop
vertex 37.050248281546374 -214.9714330504704 0
vertex 32.47089987478459 -215.2307632514525 0
vertex 32.10640644960351 -214.9714330504704 0
endloop
endfacet
facet normal 0 0 -1
outer loop
vertex 180.31631647939517 -215.0494585830242 0
vertex 180.3713146492854 -215.2307632514525 0
vertex 39.68327199876697 -215.2307632514525 0
endloop
endfacet
facet normal 0 0 -1
outer loop
vertex 180.31631647939517 -215.0494585830242 0
vertex 39.68327199876697 -215.2307632514525 0
vertex 39.58636263449218 -215.0494585830242 0
endloop
endfacet
facet normal 0 0 -1
outer loop
vertex 180.3713146492854 -215.2307632514525 0
vertex 180.40167510123308 -215.33084824854768 0
vertex 39.713632450714655 -215.33084824854768 0
endloop
endfacet
facet normal 0 0 -1
outer loop
vertex 180.3713146492854 -215.2307632514525 0
vertex 39.713632450714655 -215.33084824854768 0
vertex 39.68327199876697 -215.2307632514525 0
endloop
endfacet
facet normal 0 0 -1
outer loop
vertex 186.39593388045873 -215.0494585830242 0
vertex 186.00043574608233 -215.33084824854768 0
vertex 183.17331369876692 -215.33084824854768 0
endloop
endfacet
facet normal 0 0 -1
outer loop
vertex 186.39593388045873 -215.0494585830242 0
vertex 183.17331369876692 -215.33084824854768 0
vertex 183.25867232060483 -215.0494585830242 0
endloop
endfacet
facet normal 0 0 -1
outer loop
vertex 36.911633401233 -215.2307632514525 0
vertex 36.826274779395185 -215.51215291697577 0
vertex 32.86639828803816 -215.51215291697577 0
endloop
endfacet
facet normal 0 0 -1
outer loop
vertex 36.911633401233 -215.2307632514525 0
vertex 32.86639828803816 -215.51215291697577 0
vertex 32.47089987478459 -215.2307632514525 0
endloop
endfacet
facet normal 0 0 -1
outer loop
vertex 180.40167510123308 -215.33084824854768 0
vertex 180.49858446550778 -215.51215291697577 0
vertex 39.76863062060484 -215.51215291697577 0
endloop
endfacet
facet normal 0 0 -1
outer loop
vertex 180.40167510123308 -215.33084824854768 0
vertex 39.76863062060484 -215.51215291697577 0
vertex 39.713632450714655 -215.33084824854768 0
endloop
endfacet
facet normal 0 0 -1
outer loop
vertex 180.49858446550778 -215.51215291697577 0
vertex 180.54028998154618 -215.5901784495294 0
vertex 39.776315464803744 -215.5901784495294 0
endloop
endfacet
facet normal 0 0 -1
outer loop
vertex 180.49858446550778 -215.51215291697577 0
vertex 39.776315464803744 -215.5901784495294 0
vertex 39.76863062060484 -215.51215291697577 0
endloop
endfacet
facet normal 0 0 -1
outer loop
vertex 186.00043574608233 -215.33084824854768 0
vertex 185.6359425779167 -215.5901784495294 0
vertex 183.0346988184538 -215.5901784495294 0
endloop
endfacet
facet normal 0 0 -1
outer loop
vertex 186.00043574608233 -215.33084824854768 0
vertex 183.0346988184538 -215.5901784495294 0
vertex 183.17331369876692 -215.33084824854768 0
endloop
endfacet
facet normal 0 0 -1
outer loop
vertex 36.826274779395185 -215.51215291697577 0
vertex 36.79745269999999 -215.8047884 0
vertex 33.27770290714189 -215.8047884 0
endloop
endfacet
facet normal 0 0 -1
outer loop
vertex 36.826274779395185 -215.51215291697577 0
vertex 33.27770290714189 -215.8047884 0
vertex 32.86639828803816 -215.51215291697577 0
endloop
endfacet
facet normal 0 0 -1
outer loop
vertex 180.54028998154618 -215.5901784495294 0
vertex 180.71641581619818 -215.8047884 0
vertex 39.79745270000001 -215.8047884 0
endloop
endfacet
facet normal 0 0 -1
outer loop
vertex 180.54028998154618 -215.5901784495294 0
vertex 39.79745270000001 -215.8047884 0
vertex 39.776315464803744 -215.5901784495294 0
endloop
endfacet
facet normal 0 0 -1
outer loop
vertex 180.71641581619818 -215.8047884 0
vertex 180.72683422822007 -215.8174832717797 0
vertex 39.796202364262975 -215.8174832717797 0
endloop
endfacet
facet normal 0 0 -1
outer loop
vertex 180.71641581619818 -215.8047884 0
vertex 39.796202364262975 -215.8174832717797 0
vertex 39.79745270000001 -215.8047884 0
endloop
endfacet
facet normal 0 0 -1
outer loop
vertex 185.6359425779167 -215.5901784495294 0
vertex 185.31646164400422 -215.8174832717797 0
vertex 182.8481545717799 -215.8174832717797 0
endloop
endfacet
facet normal 0 0 -1
outer loop
vertex 185.6359425779167 -215.5901784495294 0
vertex 182.8481545717799 -215.8174832717797 0
vertex 183.0346988184538 -215.5901784495294 0
endloop
endfacet
facet normal 0 0 -1
outer loop
vertex 180.72683422822007 -215.8174832717797 0
vertex 180.95413905047067 -216.00402751845382 0
vertex 39.77782935961984 -216.00402751845382 0
endloop
endfacet
facet normal 0 0 -1
outer loop
vertex 180.72683422822007 -215.8174832717797 0
vertex 39.77782935961984 -216.00402751845382 0
vertex 39.796202364262975 -215.8174832717797 0
endloop
endfacet
facet normal 0 0 -1
outer loop
vertex 185.31646164400422 -215.8174832717797 0
vertex 185.05427041746785 -216.00402751845382 0
vertex 182.62084974952953 -216.00402751845382 0
endloop
endfacet
facet normal 0 0 -1
outer loop
vertex 185.31646164400422 -215.8174832717797 0
vertex 182.62084974952953 -216.00402751845382 0
vertex 182.8481545717799 -215.8174832717797 0
endloop
endfacet
facet normal 0 0 -1
outer loop
vertex 36.79745269999999 -215.8047884 0
vertex 36.82627477939517 -216.09742388302425 0
vertex 33.689007526245604 -216.09742388302425 0
endloop
endfacet
facet normal 0 0 -1
outer loop
vertex 36.79745269999999 -215.8047884 0
vertex 33.689007526245604 -216.09742388302425 0
vertex 33.27770290714189 -215.8047884 0
endloop
endfacet
facet normal 0 0 -1
outer loop
vertex 180.95413905047067 -216.00402751845382 0
vertex 181.12887135872143 -216.09742388302425 0
vertex 39.76863062060484 -216.09742388302425 0
endloop
endfacet
facet normal 0 0 -1
outer loop
vertex 180.95413905047067 -216.00402751845382 0
vertex 39.76863062060484 -216.09742388302425 0
vertex 39.77782935961984 -216.00402751845382 0
endloop
endfacet
facet normal 0 0 -1
outer loop
vertex 181.12887135872143 -216.09742388302425 0
vertex 181.2134692514525 -216.14264239876698 0
vertex 39.754913733816636 -216.14264239876698 0
endloop
endfacet
facet normal 0 0 -1
outer loop
vertex 181.12887135872143 -216.09742388302425 0
vertex 39.754913733816636 -216.14264239876698 0
vertex 39.76863062060484 -216.09742388302425 0
endloop
endfacet
facet normal 0 0 -1
outer loop
vertex 185.05427041746785 -216.00402751845382 0
vertex 184.85944476010522 -216.14264239876698 0
vertex 182.3615195485474 -216.14264239876698 0
endloop
endfacet
facet normal 0 0 -1
outer loop
vertex 185.05427041746785 -216.00402751845382 0
vertex 182.3615195485474 -216.14264239876698 0
vertex 182.62084974952953 -216.00402751845382 0
endloop
endfacet
facet normal 0 0 -1
outer loop
vertex 181.2134692514525 -216.14264239876698 0
vertex 181.49485891697566 -216.2280010206048 0
vertex 39.729020478964834 -216.2280010206048 0
endloop
endfacet
facet normal 0 0 -1
outer loop
vertex 181.2134692514525 -216.14264239876698 0
vertex 39.729020478964834 -216.2280010206048 0
vertex 39.754913733816636 -216.14264239876698 0
endloop
endfacet
facet normal 0 0 -1
outer loop
vertex 184.85944476010522 -216.14264239876698 0
vertex 184.7394717126694 -216.2280010206048 0
vertex 182.08012988302443 -216.2280010206048 0
endloop
endfacet
facet normal 0 0 -1
outer loop
vertex 184.85944476010522 -216.14264239876698 0
vertex 182.08012988302443 -216.2280010206048 0
vertex 182.3615195485474 -216.14264239876698 0
endloop
endfacet
facet normal 0 0 -1
outer loop
vertex 181.49485891697566 -216.2280010206048 0
vertex 181.78749440000016 -216.2568231 0
vertex 39.72027739676564 -216.2568231 0
endloop
endfacet
facet normal 0 0 -1
outer loop
vertex 181.49485891697566 -216.2280010206048 0
vertex 39.72027739676564 -216.2568231 0
vertex 39.729020478964834 -216.2280010206048 0
endloop
endfacet
facet normal 0 0 -1
outer loop
vertex 184.7394717126694 -216.2280010206048 0
vertex 184.6989617720913 -216.2568231 0
vertex 181.78749440000016 -216.2568231 0
endloop
endfacet
facet normal 0 0 -1
outer loop
vertex 184.7394717126694 -216.2280010206048 0
vertex 181.78749440000016 -216.2568231 0
vertex 182.08012988302443 -216.2280010206048 0
endloop
endfacet
facet normal 0 0 -1
outer loop
vertex 36.82627477939517 -216.09742388302425 0
vertex 36.911633401233026 -216.37881354854753 0
vertex 34.08450593949916 -216.37881354854753 0
endloop
endfacet
facet normal 0 0 -1
outer loop
vertex 36.82627477939517 -216.09742388302425 0
vertex 34.08450593949916 -216.37881354854753 0
vertex 33.689007526245604 -216.09742388302425 0
endloop
endfacet
facet normal 0 0 -1
outer loop
vertex 181.78749440000016 -216.2568231 0
vertex 184.6989617720913 -216.2568231 0
vertex 184.5275020465803 -216.37881354854753 0
endloop
endfacet
facet normal 0 0 -1
outer loop
vertex 181.78749440000016 -216.2568231 0
vertex 184.5275020465803 -216.37881354854753 0
vertex 39.68327199876697 -216.37881354854753 0
endloop
endfacet
facet normal 0 0 -1
outer loop
vertex 181.78749440000016 -216.2568231 0
vertex 39.68327199876697 -216.37881354854753 0
vertex 39.72027739676564 -216.2568231 0
endloop
endfacet
facet normal 0 0 -1
outer loop
vertex 36.911633401233026 -216.37881354854753 0
vertex 37.050248281546196 -216.6381437495294 0
vertex 34.448999364679956 -216.6381437495294 0
endloop
endfacet
facet normal 0 0 -1
outer loop
vertex 36.911633401233026 -216.37881354854753 0
vertex 34.448999364679956 -216.6381437495294 0
vertex 34.08450593949916 -216.37881354854753 0
endloop
endfacet
facet normal 0 0 -1
outer loop
vertex 184.5275020465803 -216.37881354854753 0
vertex 184.16300887841442 -216.6381437495294 0
vertex 39.54465711845384 -216.6381437495294 0
endloop
endfacet
facet normal 0 0 -1
outer loop
vertex 184.5275020465803 -216.37881354854753 0
vertex 39.54465711845384 -216.6381437495294 0
vertex 39.68327199876697 -216.37881354854753 0
endloop
endfacet
facet normal 0 0 -1
outer loop
vertex 37.050248281546196 -216.6381437495294 0
vertex 37.23679252822029 -216.86544857177995 0
vertex 34.76848052386821 -216.86544857177995 0
endloop
endfacet
facet normal 0 0 -1
outer loop
vertex 37.050248281546196 -216.6381437495294 0
vertex 34.76848052386821 -216.86544857177995 0
vertex 34.448999364679956 -216.6381437495294 0
endloop
endfacet
facet normal 0 0 -1
outer loop
vertex 184.16300887841442 -216.6381437495294 0
vertex 183.84352794450163 -216.86544857177995 0
vertex 39.35811287177981 -216.86544857177995 0
endloop
endfacet
facet normal 0 0 -1
outer loop
vertex 184.16300887841442 -216.6381437495294 0
vertex 39.35811287177981 -216.86544857177995 0
vertex 39.54465711845384 -216.6381437495294 0
endloop
endfacet
facet normal 0 0 -1
outer loop
vertex 37.23679252822029 -216.86544857177995 0
vertex 37.4640973504705 -217.05199281845375 0
vertex 35.03067193528295 -217.05199281845375 0
endloop
endfacet
facet normal 0 0 -1
outer loop
vertex 37.23679252822029 -216.86544857177995 0
vertex 35.03067193528295 -217.05199281845375 0
vertex 34.76848052386821 -216.86544857177995 0
endloop
endfacet
facet normal 0 0 -1
outer loop
vertex 183.84352794450163 -216.86544857177995 0
vertex 183.58133671796568 -217.05199281845375 0
vertex 39.13080804952946 -217.05199281845375 0
endloop
endfacet
facet normal 0 0 -1
outer loop
vertex 183.84352794450163 -216.86544857177995 0
vertex 39.13080804952946 -217.05199281845375 0
vertex 39.35811287177981 -216.86544857177995 0
endloop
endfacet
facet normal 0 0 -1
outer loop
vertex 37.4640973504705 -217.05199281845375 0
vertex 37.72342755145233 -217.1906076987669 0
vertex 35.225497730022916 -217.1906076987669 0
endloop
endfacet
facet normal 0 0 -1
outer loop
vertex 37.4640973504705 -217.05199281845375 0
vertex 35.225497730022916 -217.1906076987669 0
vertex 35.03067193528295 -217.05199281845375 0
endloop
endfacet
facet normal 0 0 -1
outer loop
vertex 183.58133671796568 -217.05199281845375 0
vertex 183.38651106060308 -217.1906076987669 0
vertex 38.871477848547556 -217.1906076987669 0
endloop
endfacet
facet normal 0 0 -1
outer loop
vertex 183.58133671796568 -217.05199281845375 0
vertex 38.871477848547556 -217.1906076987669 0
vertex 39.13080804952946 -217.05199281845375 0
endloop
endfacet
facet normal 0 0 -1
outer loop
vertex 37.72342755145233 -217.1906076987669 0
vertex 38.00481721697595 -217.27596632060488 0
vertex 35.34547086205549 -217.27596632060488 0
endloop
endfacet
facet normal 0 0 -1
outer loop
vertex 37.72342755145233 -217.1906076987669 0
vertex 35.34547086205549 -217.27596632060488 0
vertex 35.225497730022916 -217.1906076987669 0
endloop
endfacet
facet normal 0 0 -1
outer loop
vertex 183.38651106060308 -217.1906076987669 0
vertex 183.26653801316704 -217.27596632060488 0
vertex 38.590088183024335 -217.27596632060488 0
endloop
endfacet
facet normal 0 0 -1
outer loop
vertex 183.38651106060308 -217.1906076987669 0
vertex 38.590088183024335 -217.27596632060488 0
vertex 38.871477848547556 -217.1906076987669 0
endloop
endfacet
facet normal 0 0 -1
outer loop
vertex 38.00481721697595 -217.27596632060488 0
vertex 38.29745269999984 -217.3047884 0
vertex 35.38598083119825 -217.3047884 0
endloop
endfacet
facet normal 0 0 -1
outer loop
vertex 38.00481721697595 -217.27596632060488 0
vertex 35.38598083119825 -217.3047884 0
vertex 35.34547086205549 -217.27596632060488 0
endloop
endfacet
facet normal 0 0 -1
outer loop
vertex 183.26653801316704 -217.27596632060488 0
vertex 183.22602807258903 -217.3047884 0
vertex 38.29745269999984 -217.3047884 0
endloop
endfacet
facet normal 0 0 -1
outer loop
vertex 183.26653801316704 -217.27596632060488 0
vertex 38.29745269999984 -217.3047884 0
vertex 38.590088183024335 -217.27596632060488 0
endloop
endfacet
facet normal 0 0 -1
outer loop
vertex 38.29745269999984 -217.3047884 0
vertex 183.22602807258903 -217.3047884 0
vertex 177.43102404061733 -221.4278274348993 0
endloop
endfacet
facet normal 0 0 -1
outer loop
vertex 38.29745269999984 -217.3047884 0
vertex 177.43102404061733 -221.4278274348993 0
vertex 110.04048823235048 -221.4278274348993 0
endloop
endfacet
facet normal 0 0 -1
outer loop
vertex 38.29745269999984 -217.3047884 0
vertex 110.04048823235048 -221.4278274348993 0
vertex 41.18098894939889 -221.4278274348993 0
endloop
endfacet
facet normal 0 0 -1
outer loop
vertex 38.29745269999984 -217.3047884 0
vertex 41.18098894939889 -221.4278274348993 0
vertex 35.38598083119825 -217.3047884 0
endloop
endfacet
facet normal 0 0 -1
outer loop
vertex 177.43102404061733 -221.4278274348993 0
vertex 175.3487890125005 -222.9092994499998 0
vertex 174.74870572769132 -223.27558588045758 0
endloop
endfacet
facet normal 0 0 -1
outer loop
vertex 177.43102404061733 -221.4278274348993 0
vertex 174.74870572769132 -223.27558588045758 0
vertex 174.10317906643618 -223.55408368557121 0
endloop
endfacet
facet normal 0 0 -1
outer loop
vertex 177.43102404061733 -221.4278274348993 0
vertex 174.10317906643618 -223.55408368557121 0
vertex 173.42497149616264 -223.73928678886122 0
endloop
endfacet
facet normal 0 0 -1
outer loop
vertex 177.43102404061733 -221.4278274348993 0
vertex 173.42497149616264 -223.73928678886122 0
vertex 172.7274916063914 -223.82753360868392 0
endloop
endfacet
facet normal 0 0 -1
outer loop
vertex 177.43102404061733 -221.4278274348993 0
vertex 172.7274916063914 -223.82753360868392 0
vertex 172.02452802499943 -223.81707890000007 0
endloop
endfacet
facet normal 0 0 -1
outer loop
vertex 177.43102404061733 -221.4278274348993 0
vertex 172.02452802499943 -223.81707890000007 0
vertex 110.04048823235048 -221.4278274348993 0
endloop
endfacet
facet normal 0 0 -1
outer loop
vertex 110.04048823235048 -221.4278274348993 0
vertex 48.10380605000185 -224.83037779999992 0
vertex 47.38477016128705 -224.85165695300833 0
endloop
endfacet
facet normal 0 0 -1
outer loop
vertex 110.04048823235048 -221.4278274348993 0
vertex 47.38477016128705 -224.85165695300833 0
vertex 46.67012229315364 -224.7695360897503 0
endloop
endfacet
facet normal 0 0 -1
outer loop
vertex 110.04048823235048 -221.4278274348993 0
vertex 46.67012229315364 -224.7695360897503 0
vertex 45.97465466772971 -224.5857149984782 0
endloop
endfacet
facet normal 0 0 -1
outer loop
vertex 110.04048823235048 -221.4278274348993 0
vertex 45.97465466772971 -224.5857149984782 0
vertex 45.3127625026562 -224.3039985214581 0
endloop
endfacet
facet normal 0 0 -1
outer loop
vertex 110.04048823235048 -221.4278274348993 0
vertex 45.3127625026562 -224.3039985214581 0
vertex 44.698142100000354 -223.93021560000025 0
endloop
endfacet
facet normal 0 0 -1
outer loop
vertex 110.04048823235048 -221.4278274348993 0
vertex 44.698142100000354 -223.93021560000025 0
vertex 41.18098894939889 -221.4278274348993 0
endloop
endfacet
facet normal 0 0 1
outer loop
vertex 48.1038060500002 -224.8303778 1
vertex 110.04048823235043 -221.4278274348993 1
vertex 41.18098894939884 -221.4278274348993 1
endloop
endfacet
facet normal 0 0 1
outer loop
vertex 48.1038060500002 -224.8303778 1
vertex 41.18098894939884 -221.4278274348993 1
vertex 44.69814209999993 -223.93021559999997 1
endloop
endfacet
facet normal 0 0 1
outer loop
vertex 48.1038060500002 -224.8303778 1
vertex 44.69814209999993 -223.93021559999997 1
vertex 45.31276250265651 -224.30399852145828 1
endloop
endfacet
facet normal 0 0 1
outer loop
vertex 48.1038060500002 -224.8303778 1
vertex 45.31276250265651 -224.30399852145828 1
vertex 45.974654667729254 -224.58571499847804 1
endloop
endfacet
facet normal 0 0 1
outer loop
vertex 48.1038060500002 -224.8303778 1
vertex 45.974654667729254 -224.58571499847804 1
vertex 46.670122293153845 -224.7695360897503 1
endloop
endfacet
facet normal 0 0 1
outer loop
vertex 48.1038060500002 -224.8303778 1
vertex 46.670122293153845 -224.7695360897503 1
vertex 47.38477016128736 -224.85165695300836 1
endloop
endfacet
facet normal 0 0 1
outer loop
vertex 173.42497149616298 -223.73928678886116 1
vertex 174.10317906643596 -223.5540836855713 1
vertex 174.74870572769137 -223.27558588045753 1
endloop
endfacet
facet normal 0 0 1
outer loop
vertex 173.42497149616298 -223.73928678886116 1
vertex 174.74870572769137 -223.27558588045753 1
vertex 175.34878901250028 -222.9092994499999 1
endloop
endfacet
facet normal 0 0 1
outer loop
vertex 173.42497149616298 -223.73928678886116 1
vertex 175.34878901250028 -222.9092994499999 1
vertex 177.43102404061733 -221.4278274348993 1
endloop
endfacet
facet normal 0 0 1
outer loop
vertex 173.42497149616298 -223.73928678886116 1
vertex 177.43102404061733 -221.4278274348993 1
vertex 110.04048823235043 -221.4278274348993 1
endloop
endfacet
facet normal 0 0 1
outer loop
vertex 173.42497149616298 -223.73928678886116 1
vertex 110.04048823235043 -221.4278274348993 1
vertex 172.02452802500147 -223.8170789000001 1
endloop
endfacet
facet normal 0 0 1
outer loop
vertex 173.42497149616298 -223.73928678886116 1
vertex 172.02452802500147 -223.8170789000001 1
vertex 172.72749160639148 -223.82753360868392 1
endloop
endfacet
facet normal 0 0 1
outer loop
vertex 110.04048823235043 -221.4278274348993 1
vertex 177.43102404061733 -221.4278274348993 1
vertex 183.226028072589 -217.3047884 1
endloop
endfacet
facet normal 0 0 1
outer loop
vertex 110.04048823235043 -221.4278274348993 1
vertex 183.226028072589 -217.3047884 1
vertex 38.29745269999996 -217.3047884 1
endloop
endfacet
facet normal 0 0 1
outer loop
vertex 110.04048823235043 -221.4278274348993 1
vertex 38.29745269999996 -217.3047884 1
vertex 35.38598083119827 -217.3047884 1
endloop
endfacet
facet normal 0 0 1
outer loop
vertex 110.04048823235043 -221.4278274348993 1
vertex 35.38598083119827 -217.3047884 1
vertex 41.18098894939884 -221.4278274348993 1
endloop
endfacet
facet normal 0 0 1
outer loop
vertex 38.29745269999996 -217.3047884 1
vertex 38.00481721697578 -217.27596632060485 1
vertex 35.345470862055464 -217.27596632060485 1
endloop
endfacet
facet normal 0 0 1
outer loop
vertex 38.29745269999996 -217.3047884 1
vertex 35.345470862055464 -217.27596632060485 1
vertex 35.38598083119827 -217.3047884 1
endloop
endfacet
facet normal 0 0 1
outer loop
vertex 183.226028072589 -217.3047884 1
vertex 183.26653801316706 -217.27596632060485 1
vertex 38.5900881830241 -217.27596632060485 1
endloop
endfacet
facet normal 0 0 1
outer loop
vertex 183.226028072589 -217.3047884 1
vertex 38.5900881830241 -217.27596632060485 1
vertex 38.29745269999996 -217.3047884 1
endloop
endfacet
facet normal 0 0 1
outer loop
vertex 38.00481721697578 -217.27596632060485 1
vertex 37.72342755145239 -217.19060769876697 1
vertex 35.22549773002301 -217.19060769876697 1
endloop
endfacet
facet normal 0 0 1
outer loop
vertex 38.00481721697578 -217.27596632060485 1
vertex 35.22549773002301 -217.19060769876697 1
vertex 35.345470862055464 -217.27596632060485 1
endloop
endfacet
facet normal 0 0 1
outer loop
vertex 183.26653801316706 -217.27596632060485 1
vertex 183.38651106060297 -217.19060769876697 1
vertex 38.871477848547634 -217.19060769876697 1
endloop
endfacet
facet normal 0 0 1
outer loop
vertex 183.26653801316706 -217.27596632060485 1
vertex 38.871477848547634 -217.19060769876697 1
vertex 38.5900881830241 -217.27596632060485 1
endloop
endfacet
facet normal 0 0 1
outer loop
vertex 37.72342755145239 -217.19060769876697 1
vertex 37.464097350470624 -217.05199281845384 1
vertex 35.03067193528308 -217.05199281845384 1
endloop
endfacet
facet normal 0 0 1
outer loop
vertex 37.72342755145239 -217.19060769876697 1
vertex 35.03067193528308 -217.05199281845384 1
vertex 35.22549773002301 -217.19060769876697 1
endloop
endfacet
facet normal 0 0 1
outer loop
vertex 183.38651106060297 -217.19060769876697 1
vertex 183.58133671796554 -217.05199281845384 1
vertex 39.130808049529406 -217.05199281845384 1
endloop
endfacet
facet normal 0 0 1
outer loop
vertex 183.38651106060297 -217.19060769876697 1
vertex 39.130808049529406 -217.05199281845384 1
vertex 38.871477848547634 -217.19060769876697 1
endloop
endfacet
facet normal 0 0 1
outer loop
vertex 37.464097350470624 -217.05199281845384 1
vertex 37.23679252822021 -216.86544857177987 1
vertex 34.7684805238681 -216.86544857177987 1
endloop
endfacet
facet normal 0 0 1
outer loop
vertex 37.464097350470624 -217.05199281845384 1
vertex 34.7684805238681 -216.86544857177987 1
vertex 35.03067193528308 -217.05199281845384 1
endloop
endfacet
facet normal 0 0 1
outer loop
vertex 183.58133671796554 -217.05199281845384 1
vertex 183.84352794450174 -216.86544857177987 1
vertex 39.35811287177973 -216.86544857177987 1
endloop
endfacet
facet normal 0 0 1
outer loop
vertex 183.58133671796554 -217.05199281845384 1
vertex 39.35811287177973 -216.86544857177987 1
vertex 39.130808049529406 -217.05199281845384 1
endloop
endfacet
facet normal 0 0 1
outer loop
vertex 37.23679252822021 -216.86544857177987 1
vertex 37.0502482815462 -216.63814374952943 1
vertex 34.44899936468 -216.63814374952943 1
endloop
endfacet
facet normal 0 0 1
outer loop
vertex 37.23679252822021 -216.86544857177987 1
vertex 34.44899936468 -216.63814374952943 1
vertex 34.7684805238681 -216.86544857177987 1
endloop
endfacet
facet normal 0 0 1
outer loop
vertex 183.84352794450174 -216.86544857177987 1
vertex 184.16300887841436 -216.63814374952943 1
vertex 39.54465711845386 -216.63814374952943 1
endloop
endfacet
facet normal 0 0 1
outer loop
vertex 183.84352794450174 -216.86544857177987 1
vertex 39.54465711845386 -216.63814374952943 1
vertex 39.35811287177973 -216.86544857177987 1
endloop
endfacet
facet normal 0 0 1
outer loop
vertex 37.0502482815462 -216.63814374952943 1
vertex 36.91163340123305 -216.37881354854756 1
vertex 34.084505939499195 -216.37881354854756 1
endloop
endfacet
facet normal 0 0 1
outer loop
vertex 37.0502482815462 -216.63814374952943 1
vertex 34.084505939499195 -216.37881354854756 1
vertex 34.44899936468 -216.63814374952943 1
endloop
endfacet
facet normal 0 0 1
outer loop
vertex 184.16300887841436 -216.63814374952943 1
vertex 184.52750204658025 -216.37881354854756 1
vertex 39.68327199876696 -216.37881354854756 1
endloop
endfacet
facet normal 0 0 1
outer loop
vertex 184.16300887841436 -216.63814374952943 1
vertex 39.68327199876696 -216.37881354854756 1
vertex 39.54465711845386 -216.63814374952943 1
endloop
endfacet
facet normal 0 0 1
outer loop
vertex 184.52750204658025 -216.37881354854756 1
vertex 184.69896177209134 -216.25682309999996 1
vertex 181.78749439999967 -216.25682309999996 1
endloop
endfacet
facet normal 0 0 1
outer loop
vertex 184.52750204658025 -216.37881354854756 1
vertex 181.78749439999967 -216.25682309999996 1
vertex 39.720277396765624 -216.25682309999996 1
endloop
endfacet
facet normal 0 0 1
outer loop
vertex 184.52750204658025 -216.37881354854756 1
vertex 39.720277396765624 -216.25682309999996 1
vertex 39.68327199876696 -216.37881354854756 1
endloop
endfacet
facet normal 0 0 1
outer loop
vertex 181.78749439999967 -216.25682309999996 1
vertex 181.49485891697577 -216.22800102060484 1
vertex 39.729020478964806 -216.22800102060484 1
endloop
endfacet
facet normal 0 0 1
outer loop
vertex 181.78749439999967 -216.25682309999996 1
vertex 39.729020478964806 -216.22800102060484 1
vertex 39.720277396765624 -216.25682309999996 1
endloop
endfacet
facet normal 0 0 1
outer loop
vertex 184.69896177209134 -216.25682309999996 1
vertex 184.73947171266934 -216.22800102060484 1
vertex 182.08012988302372 -216.22800102060484 1
endloop
endfacet
facet normal 0 0 1
outer loop
vertex 184.69896177209134 -216.25682309999996 1
vertex 182.08012988302372 -216.22800102060484 1
vertex 181.78749439999967 -216.25682309999996 1
endloop
endfacet
facet normal 0 0 1
outer loop
vertex 181.49485891697577 -216.22800102060484 1
vertex 181.2134692514524 -216.14264239876695 1
vertex 39.75491373381662 -216.14264239876695 1
endloop
endfacet
facet normal 0 0 1
outer loop
vertex 181.49485891697577 -216.22800102060484 1
vertex 39.75491373381662 -216.14264239876695 1
vertex 39.729020478964806 -216.22800102060484 1
endloop
endfacet
facet normal 0 0 1
outer loop
vertex 184.73947171266934 -216.22800102060484 1
vertex 184.85944476010525 -216.14264239876695 1
vertex 182.36151954854788 -216.14264239876695 1
endloop
endfacet
facet normal 0 0 1
outer loop
vertex 184.73947171266934 -216.22800102060484 1
vertex 182.36151954854788 -216.14264239876695 1
vertex 182.08012988302372 -216.22800102060484 1
endloop
endfacet
facet normal 0 0 1
outer loop
vertex 36.91163340123305 -216.37881354854756 1
vertex 36.82627477939516 -216.09742388302422 1
vertex 33.689007526245554 -216.09742388302422 1
endloop
endfacet
facet normal 0 0 1
outer loop
vertex 36.91163340123305 -216.37881354854756 1
vertex 33.689007526245554 -216.09742388302422 1
vertex 34.084505939499195 -216.37881354854756 1
endloop
endfacet
facet normal 0 0 1
outer loop
vertex 181.2134692514524 -216.14264239876695 1
vertex 181.12887135872137 -216.09742388302422 1
vertex 39.768630620604824 -216.09742388302422 1
endloop
endfacet
facet normal 0 0 1
outer loop
vertex 181.2134692514524 -216.14264239876695 1
vertex 39.768630620604824 -216.09742388302422 1
vertex 39.75491373381662 -216.14264239876695 1
endloop
endfacet
facet normal 0 0 1
outer loop
vertex 181.12887135872137 -216.09742388302422 1
vertex 180.95413905047062 -216.0040275184538 1
vertex 39.77782935961983 -216.0040275184538 1
endloop
endfacet
facet normal 0 0 1
outer loop
vertex 181.12887135872137 -216.09742388302422 1
vertex 39.77782935961983 -216.0040275184538 1
vertex 39.768630620604824 -216.09742388302422 1
endloop
endfacet
facet normal 0 0 1
outer loop
vertex 184.85944476010525 -216.14264239876695 1
vertex 185.05427041746788 -216.0040275184538 1
vertex 182.62084974952916 -216.0040275184538 1
endloop
endfacet
facet normal 0 0 1
outer loop
vertex 184.85944476010525 -216.14264239876695 1
vertex 182.62084974952916 -216.0040275184538 1
vertex 182.36151954854788 -216.14264239876695 1
endloop
endfacet
facet normal 0 0 1
outer loop
vertex 180.95413905047062 -216.0040275184538 1
vertex 180.72683422821996 -215.81748327177962 1
vertex 39.796202364262975 -215.81748327177962 1
endloop
endfacet
facet normal 0 0 1
outer loop
vertex 180.95413905047062 -216.0040275184538 1
vertex 39.796202364262975 -215.81748327177962 1
vertex 39.77782935961983 -216.0040275184538 1
endloop
endfacet
facet normal 0 0 1
outer loop
vertex 185.05427041746788 -216.0040275184538 1
vertex 185.31646164400433 -215.81748327177962 1
vertex 182.8481545717801 -215.81748327177962 1
endloop
endfacet
facet normal 0 0 1
outer loop
vertex 185.05427041746788 -216.0040275184538 1
vertex 182.8481545717801 -215.81748327177962 1
vertex 182.62084974952916 -216.0040275184538 1
endloop
endfacet
facet normal 0 0 1
outer loop
vertex 36.82627477939516 -216.09742388302422 1
vertex 36.79745270000001 -215.80478839999995 1
vertex 33.27770290714179 -215.80478839999995 1
endloop
endfacet
facet normal 0 0 1
outer loop
vertex 36.82627477939516 -216.09742388302422 1
vertex 33.27770290714179 -215.80478839999995 1
vertex 33.689007526245554 -216.09742388302422 1
endloop
endfacet
facet normal 0 0 1
outer loop
vertex 180.72683422821996 -215.81748327177962 1
vertex 180.71641581619812 -215.80478839999995 1
vertex 39.797452699999994 -215.80478839999995 1
endloop
endfacet
facet normal 0 0 1
outer loop
vertex 180.72683422821996 -215.81748327177962 1
vertex 39.797452699999994 -215.80478839999995 1
vertex 39.796202364262975 -215.81748327177962 1
endloop
endfacet
facet normal 0 0 1
outer loop
vertex 180.71641581619812 -215.80478839999995 1
vertex 180.5402899815462 -215.59017844952945 1
vertex 39.776315464803744 -215.59017844952945 1
endloop
endfacet
facet normal 0 0 1
outer loop
vertex 180.71641581619812 -215.80478839999995 1
vertex 39.776315464803744 -215.59017844952945 1
vertex 39.797452699999994 -215.80478839999995 1
endloop
endfacet
facet normal 0 0 1
outer loop
vertex 185.31646164400433 -215.81748327177962 1
vertex 185.6359425779166 -215.59017844952945 1
vertex 183.03469881845368 -215.59017844952945 1
endloop
endfacet
facet normal 0 0 1
outer loop
vertex 185.31646164400433 -215.81748327177962 1
vertex 183.03469881845368 -215.59017844952945 1
vertex 182.8481545717801 -215.81748327177962 1
endloop
endfacet
facet normal 0 0 1
outer loop
vertex 36.79745270000001 -215.80478839999995 1
vertex 36.82627477939515 -215.51215291697582 1
vertex 32.86639828803822 -215.51215291697582 1
endloop
endfacet
facet normal 0 0 1
outer loop
vertex 36.79745270000001 -215.80478839999995 1
vertex 32.86639828803822 -215.51215291697582 1
vertex 33.27770290714179 -215.80478839999995 1
endloop
endfacet
facet normal 0 0 1
outer loop
vertex 180.5402899815462 -215.59017844952945 1
vertex 180.49858446550783 -215.51215291697582 1
vertex 39.768630620604846 -215.51215291697582 1
endloop
endfacet
facet normal 0 0 1
outer loop
vertex 180.5402899815462 -215.59017844952945 1
vertex 39.768630620604846 -215.51215291697582 1
vertex 39.776315464803744 -215.59017844952945 1
endloop
endfacet
facet normal 0 0 1
outer loop
vertex 180.49858446550783 -215.51215291697582 1
vertex 180.40167510123302 -215.33084824854754 1
vertex 39.713632450714606 -215.33084824854754 1
endloop
endfacet
facet normal 0 0 1
outer loop
vertex 180.49858446550783 -215.51215291697582 1
vertex 39.713632450714606 -215.33084824854754 1
vertex 39.768630620604846 -215.51215291697582 1
endloop
endfacet
facet normal 0 0 1
outer loop
vertex 185.6359425779166 -215.59017844952945 1
vertex 186.00043574608253 -215.33084824854754 1
vertex 183.173313698767 -215.33084824854754 1
endloop
endfacet
facet normal 0 0 1
outer loop
vertex 185.6359425779166 -215.59017844952945 1
vertex 183.173313698767 -215.33084824854754 1
vertex 183.03469881845368 -215.59017844952945 1
endloop
endfacet
facet normal 0 0 1
outer loop
vertex 36.82627477939515 -215.51215291697582 1
vertex 36.911633401233075 -215.23076325145237 1
vertex 32.47089987478441 -215.23076325145237 1
endloop
endfacet
facet normal 0 0 1
outer loop
vertex 36.82627477939515 -215.51215291697582 1
vertex 32.47089987478441 -215.23076325145237 1
vertex 32.86639828803822 -215.51215291697582 1
endloop
endfacet
facet normal 0 0 1
outer loop
vertex 180.40167510123302 -215.33084824854754 1
vertex 180.37131464928538 -215.23076325145237 1
vertex 39.68327199876694 -215.23076325145237 1
endloop
endfacet
facet normal 0 0 1
outer loop
vertex 180.40167510123302 -215.33084824854754 1
vertex 39.68327199876694 -215.23076325145237 1
vertex 39.713632450714606 -215.33084824854754 1
endloop
endfacet
facet normal 0 0 1
outer loop
vertex 180.37131464928538 -215.23076325145237 1
vertex 180.31631647939514 -215.04945858302415 1
vertex 39.58636263449218 -215.04945858302415 1
endloop
endfacet
facet normal 0 0 1
outer loop
vertex 180.37131464928538 -215.23076325145237 1
vertex 39.58636263449218 -215.04945858302415 1
vertex 39.68327199876694 -215.23076325145237 1
endloop
endfacet
facet normal 0 0 1
outer loop
vertex 186.00043574608253 -215.33084824854754 1
vertex 186.3959338804588 -215.04945858302415 1
vertex 183.25867232060483 -215.04945858302415 1
endloop
endfacet
facet normal 0 0 1
outer loop
vertex 186.00043574608253 -215.33084824854754 1
vertex 183.25867232060483 -215.04945858302415 1
vertex 183.173313698767 -215.33084824854754 1
endloop
endfacet
facet normal 0 0 1
outer loop
vertex 36.911633401233075 -215.23076325145237 1
vertex 37.0502482815462 -214.97143305047047 1
vertex 32.106406449603575 -214.97143305047047 1
endloop
endfacet
facet normal 0 0 1
outer loop
vertex 36.911633401233075 -215.23076325145237 1
vertex 32.106406449603575 -214.97143305047047 1
vertex 32.47089987478441 -215.23076325145237 1
endloop
endfacet
facet normal 0 0 1
outer loop
vertex 180.31631647939514 -215.04945858302415 1
vertex 180.30863163519624 -214.97143305047047 1
vertex 39.54465711845375 -214.97143305047047 1
endloop
endfacet
facet normal 0 0 1
outer loop
vertex 180.31631647939514 -215.04945858302415 1
vertex 39.54465711845375 -214.97143305047047 1
vertex 39.58636263449218 -215.04945858302415 1
endloop
endfacet
facet normal 0 0 1
outer loop
vertex 180.30863163519624 -214.97143305047047 1
vertex 180.28749439999999 -214.7568231 1
vertex 39.36853128380186 -214.7568231 1
endloop
endfacet
facet normal 0 0 1
outer loop
vertex 180.30863163519624 -214.97143305047047 1
vertex 39.36853128380186 -214.7568231 1
vertex 39.54465711845375 -214.97143305047047 1
endloop
endfacet
facet normal 0 0 1
outer loop
vertex 186.3959338804588 -215.04945858302415 1
vertex 186.80723820953955 -214.7568231 1
vertex 183.28749439999999 -214.7568231 1
endloop
endfacet
facet normal 0 0 1
outer loop
vertex 186.3959338804588 -215.04945858302415 1
vertex 183.28749439999999 -214.7568231 1
vertex 183.25867232060483 -215.04945858302415 1
endloop
endfacet
facet normal 0 0 1
outer loop
vertex 37.0502482815462 -214.97143305047047 1
vertex 37.23679252822009 -214.74412822822026 1
vertex 31.786925290415798 -214.74412822822026 1
endloop
endfacet
facet normal 0 0 1
outer loop
vertex 37.0502482815462 -214.97143305047047 1
vertex 31.786925290415798 -214.74412822822026 1
vertex 32.106406449603575 -214.97143305047047 1
endloop
endfacet
facet normal 0 0 1
outer loop
vertex 180.28749439999999 -214.7568231 1
vertex 180.288744735737 -214.74412822822026 1
vertex 39.358112871779944 -214.74412822822026 1
endloop
endfacet
facet normal 0 0 1
outer loop
vertex 180.28749439999999 -214.7568231 1
vertex 39.358112871779944 -214.74412822822026 1
vertex 39.36853128380186 -214.7568231 1
endloop
endfacet
facet normal 0 0 1
outer loop
vertex 180.288744735737 -214.74412822822026 1
vertex 180.3069398335407 -214.55939030000002 1
vertex 110.0025666000001 -214.55939030000002 1
endloop
endfacet
facet normal 0 0 1
outer loop
vertex 180.288744735737 -214.74412822822026 1
vertex 110.0025666000001 -214.55939030000002 1
vertex 39.13300905493372 -214.55939030000002 1
endloop
endfacet
facet normal 0 0 1
outer loop
vertex 180.288744735737 -214.74412822822026 1
vertex 39.13300905493372 -214.55939030000002 1
vertex 39.358112871779944 -214.74412822822026 1
endloop
endfacet
facet normal 0 0 1
outer loop
vertex 37.23679252822009 -214.74412822822026 1
vertex 37.46409735047064 -214.5575839815463 1
vertex 31.524733879000824 -214.5575839815463 1
endloop
endfacet
facet normal 0 0 1
outer loop
vertex 37.23679252822009 -214.74412822822026 1
vertex 31.524733879000824 -214.5575839815463 1
vertex 31.786925290415798 -214.74412822822026 1
endloop
endfacet
facet normal 0 0 1
outer loop
vertex 110.0025666000001 -214.55939030000002 1
vertex 109.98422674096508 -214.5575839815463 1
vertex 39.13080804952952 -214.5575839815463 1
endloop
endfacet
facet normal 0 0 1
outer loop
vertex 110.0025666000001 -214.55939030000002 1
vertex 39.13080804952952 -214.5575839815463 1
vertex 39.13300905493372 -214.55939030000002 1
endloop
endfacet
facet normal 0 0 1
outer loop
vertex 109.98422674096508 -214.5575839815463 1
vertex 109.70993111697588 -214.53056822060486 1
vertex 39.08026511576376 -214.53056822060486 1
endloop
endfacet
facet normal 0 0 1
outer loop
vertex 109.98422674096508 -214.5575839815463 1
vertex 39.08026511576376 -214.53056822060486 1
vertex 39.13080804952952 -214.5575839815463 1
endloop
endfacet
facet normal 0 0 1
outer loop
vertex 180.3069398335407 -214.55939030000002 1
vertex 180.309778560588 -214.53056822060486 1
vertex 110.29520208302417 -214.53056822060486 1
endloop
endfacet
facet normal 0 0 1
outer loop
vertex 180.3069398335407 -214.55939030000002 1
vertex 110.29520208302417 -214.53056822060486 1
vertex 110.0025666000001 -214.55939030000002 1
endloop
endfacet
facet normal 0 0 1
outer loop
vertex 180.309778560588 -214.53056822060486 1
vertex 180.31631647939514 -214.46418761697566 1
vertex 110.51402960683217 -214.46418761697566 1
endloop
endfacet
facet normal 0 0 1
outer loop
vertex 180.309778560588 -214.53056822060486 1
vertex 110.51402960683217 -214.46418761697566 1
vertex 110.29520208302417 -214.53056822060486 1
endloop
endfacet
facet normal 0 0 1
outer loop
vertex 186.80723820953955 -214.7568231 1
vertex 187.21854253862054 -214.46418761697566 1
vertex 183.25867232060483 -214.46418761697566 1
endloop
endfacet
facet normal 0 0 1
outer loop
vertex 186.80723820953955 -214.7568231 1
vertex 183.25867232060483 -214.46418761697566 1
vertex 183.28749439999999 -214.7568231 1
endloop
endfacet
facet normal 0 0 1
outer loop
vertex 109.70993111697588 -214.53056822060486 1
vertex 109.42854145145236 -214.44520959876692 1
vertex 38.9205703664933 -214.44520959876692 1
endloop
endfacet
facet normal 0 0 1
outer loop
vertex 109.70993111697588 -214.53056822060486 1
vertex 38.9205703664933 -214.44520959876692 1
vertex 39.08026511576376 -214.53056822060486 1
endloop
endfacet
facet normal 0 0 1
outer loop
vertex 180.31631647939514 -214.46418761697566 1
vertex 180.3220733982803 -214.44520959876692 1
vertex 110.57659174854757 -214.44520959876692 1
endloop
endfacet
facet normal 0 0 1
outer loop
vertex 180.31631647939514 -214.46418761697566 1
vertex 110.57659174854757 -214.44520959876692 1
vertex 110.51402960683217 -214.46418761697566 1
endloop
endfacet
facet normal 0 0 1
outer loop
vertex 37.46409735047064 -214.5575839815463 1
vertex 37.7234275514523 -214.4189691012331 1
vertex 31.329908084260822 -214.4189691012331 1
endloop
endfacet
facet normal 0 0 1
outer loop
vertex 37.46409735047064 -214.5575839815463 1
vertex 31.329908084260822 -214.4189691012331 1
vertex 31.524733879000824 -214.5575839815463 1
endloop
endfacet
facet normal 0 0 1
outer loop
vertex 109.42854145145236 -214.44520959876692 1
vertex 109.37944893350672 -214.4189691012331 1
vertex 38.87147784854764 -214.4189691012331 1
endloop
endfacet
facet normal 0 0 1
outer loop
vertex 109.42854145145236 -214.44520959876692 1
vertex 38.87147784854764 -214.4189691012331 1
vertex 38.9205703664933 -214.44520959876692 1
endloop
endfacet
facet normal 0 0 1
outer loop
vertex 37.7234275514523 -214.4189691012331 1
vertex 38.00481721697595 -214.33361047939516 1
vertex 31.209934952228284 -214.33361047939516 1
endloop
endfacet
facet normal 0 0 1
outer loop
vertex 37.7234275514523 -214.4189691012331 1
vertex 31.209934952228284 -214.33361047939516 1
vertex 31.329908084260822 -214.4189691012331 1
endloop
endfacet
facet normal 0 0 1
outer loop
vertex 109.37944893350672 -214.4189691012331 1
vertex 109.21975418423627 -214.33361047939516 1
vertex 38.590088183024115 -214.33361047939516 1
endloop
endfacet
facet normal 0 0 1
outer loop
vertex 109.37944893350672 -214.4189691012331 1
vertex 38.590088183024115 -214.33361047939516 1
vertex 38.87147784854764 -214.4189691012331 1
endloop
endfacet
facet normal 0 0 1
outer loop
vertex 109.21975418423627 -214.33361047939516 1
vertex 109.16921125047061 -214.3065947184538 1
vertex 38.31579255903546 -214.3065947184538 1
endloop
endfacet
facet normal 0 0 1
outer loop
vertex 109.21975418423627 -214.33361047939516 1
vertex 38.31579255903546 -214.3065947184538 1
vertex 38.590088183024115 -214.33361047939516 1
endloop
endfacet
facet normal 0 0 1
outer loop
vertex 180.3220733982803 -214.44520959876692 1
vertex 180.3641217625219 -214.3065947184538 1
vertex 110.83592194952939 -214.3065947184538 1
endloop
endfacet
facet normal 0 0 1
outer loop
vertex 180.3220733982803 -214.44520959876692 1
vertex 110.83592194952939 -214.3065947184538 1
vertex 110.57659174854757 -214.44520959876692 1
endloop
endfacet
facet normal 0 0 1
outer loop
vertex 38.00481721697595 -214.33361047939516 1
vertex 38.29745269999994 -214.3047884 1
vertex 31.16942498308548 -214.3047884 1
endloop
endfacet
facet normal 0 0 1
outer loop
vertex 38.00481721697595 -214.33361047939516 1
vertex 31.16942498308548 -214.3047884 1
vertex 31.209934952228284 -214.33361047939516 1
endloop
endfacet
facet normal 0 0 1
outer loop
vertex 109.16921125047061 -214.3065947184538 1
vertex 109.16701024506632 -214.3047884 1
vertex 38.29745269999994 -214.3047884 1
endloop
endfacet
facet normal 0 0 1
outer loop
vertex 109.16921125047061 -214.3065947184538 1
vertex 38.29745269999994 -214.3047884 1
vertex 38.31579255903546 -214.3065947184538 1
endloop
endfacet
facet normal 0 0 1
outer loop
vertex 180.3641217625219 -214.3065947184538 1
vertex 180.4016751012331 -214.18279795145236 1
vertex 110.98676874657717 -214.18279795145236 1
endloop
endfacet
facet normal 0 0 1
outer loop
vertex 180.3641217625219 -214.3065947184538 1
vertex 110.98676874657717 -214.18279795145236 1
vertex 110.83592194952939 -214.3065947184538 1
endloop
endfacet
facet normal 0 0 1
outer loop
vertex 187.21854253862054 -214.46418761697566 1
vertex 187.61404067299668 -214.18279795145236 1
vertex 183.17331369876698 -214.18279795145236 1
endloop
endfacet
facet normal 0 0 1
outer loop
vertex 187.21854253862054 -214.46418761697566 1
vertex 183.17331369876698 -214.18279795145236 1
vertex 183.25867232060483 -214.46418761697566 1
endloop
endfacet
facet normal 0 0 1
outer loop
vertex 38.29745269999994 -214.3047884 1
vertex 109.16701024506632 -214.3047884 1
vertex 108.94190642822021 -214.12005047177985 1
endloop
endfacet
facet normal 0 0 1
outer loop
vertex 38.29745269999994 -214.3047884 1
vertex 108.94190642822021 -214.12005047177985 1
vertex 30.909772385883834 -214.12005047177985 1
endloop
endfacet
facet normal 0 0 1
outer loop
vertex 38.29745269999994 -214.3047884 1
vertex 30.909772385883834 -214.12005047177985 1
vertex 31.16942498308548 -214.3047884 1
endloop
endfacet
facet normal 0 0 1
outer loop
vertex 180.4016751012331 -214.18279795145236 1
vertex 180.4352143278709 -214.12005047177985 1
vertex 111.06322677177987 -214.12005047177985 1
endloop
endfacet
facet normal 0 0 1
outer loop
vertex 180.4016751012331 -214.18279795145236 1
vertex 111.06322677177987 -214.12005047177985 1
vertex 110.98676874657717 -214.18279795145236 1
endloop
endfacet
facet normal 0 0 1
outer loop
vertex 180.4352143278709 -214.12005047177985 1
vertex 180.54028998154624 -213.92346775047056 1
vertex 111.2245580418017 -213.92346775047056 1
endloop
endfacet
facet normal 0 0 1
outer loop
vertex 180.4352143278709 -214.12005047177985 1
vertex 111.2245580418017 -213.92346775047056 1
vertex 111.06322677177987 -214.12005047177985 1
endloop
endfacet
facet normal 0 0 1
outer loop
vertex 187.61404067299668 -214.18279795145236 1
vertex 187.97853384116246 -213.92346775047056 1
vertex 183.0346988184538 -213.92346775047056 1
endloop
endfacet
facet normal 0 0 1
outer loop
vertex 187.61404067299668 -214.18279795145236 1
vertex 183.0346988184538 -213.92346775047056 1
vertex 183.17331369876698 -214.18279795145236 1
endloop
endfacet
facet normal 0 0 1
outer loop
vertex 108.94190642822021 -214.12005047177985 1
vertex 108.75536218154609 -213.89274564952927 1
vertex 30.59029122669554 -213.89274564952927 1
endloop
endfacet
facet normal 0 0 1
outer loop
vertex 108.94190642822021 -214.12005047177985 1
vertex 30.59029122669554 -213.89274564952927 1
vertex 30.909772385883834 -214.12005047177985 1
endloop
endfacet
facet normal 0 0 1
outer loop
vertex 180.54028998154624 -213.92346775047056 1
vertex 180.56550295819855 -213.89274564952927 1
vertex 111.24977101845391 -213.89274564952927 1
endloop
endfacet
facet normal 0 0 1
outer loop
vertex 180.54028998154624 -213.92346775047056 1
vertex 111.24977101845391 -213.89274564952927 1
vertex 111.2245580418017 -213.92346775047056 1
endloop
endfacet
facet normal 0 0 1
outer loop
vertex 180.56550295819855 -213.89274564952927 1
vertex 180.72683422822033 -213.69616292822013 1
vertex 111.35484667212911 -213.69616292822013 1
endloop
endfacet
facet normal 0 0 1
outer loop
vertex 180.56550295819855 -213.89274564952927 1
vertex 111.35484667212911 -213.69616292822013 1
vertex 111.24977101845391 -213.89274564952927 1
endloop
endfacet
facet normal 0 0 1
outer loop
vertex 187.97853384116246 -213.92346775047056 1
vertex 188.29801477507507 -213.69616292822013 1
vertex 182.84815457177984 -213.69616292822013 1
endloop
endfacet
facet normal 0 0 1
outer loop
vertex 187.97853384116246 -213.92346775047056 1
vertex 182.84815457177984 -213.69616292822013 1
vertex 183.0346988184538 -213.92346775047056 1
endloop
endfacet
facet normal 0 0 1
outer loop
vertex 108.75536218154609 -213.89274564952927 1
vertex 108.61674730123308 -213.63341544854768 1
vertex 30.225797801515146 -213.63341544854768 1
endloop
endfacet
facet normal 0 0 1
outer loop
vertex 108.75536218154609 -213.89274564952927 1
vertex 30.225797801515146 -213.63341544854768 1
vertex 30.59029122669554 -213.89274564952927 1
endloop
endfacet
facet normal 0 0 1
outer loop
vertex 180.72683422822033 -213.69616292822013 1
vertex 180.80329225342288 -213.63341544854768 1
vertex 111.3883858987669 -213.63341544854768 1
endloop
endfacet
facet normal 0 0 1
outer loop
vertex 180.72683422822033 -213.69616292822013 1
vertex 111.3883858987669 -213.63341544854768 1
vertex 111.35484667212911 -213.69616292822013 1
endloop
endfacet
facet normal 0 0 1
outer loop
vertex 180.80329225342288 -213.63341544854768 1
vertex 180.95413905047062 -213.5096186815462 1
vertex 111.42593923747815 -213.5096186815462 1
endloop
endfacet
facet normal 0 0 1
outer loop
vertex 180.80329225342288 -213.63341544854768 1
vertex 111.42593923747815 -213.5096186815462 1
vertex 111.3883858987669 -213.63341544854768 1
endloop
endfacet
facet normal 0 0 1
outer loop
vertex 188.29801477507507 -213.69616292822013 1
vertex 188.56020600161122 -213.5096186815462 1
vertex 182.62084974952944 -213.5096186815462 1
endloop
endfacet
facet normal 0 0 1
outer loop
vertex 188.29801477507507 -213.69616292822013 1
vertex 182.62084974952944 -213.5096186815462 1
vertex 182.84815457177984 -213.69616292822013 1
endloop
endfacet
facet normal 0 0 1
outer loop
vertex 180.95413905047062 -213.5096186815462 1
vertex 181.21346925145224 -213.37100380123303 1
vertex 111.46798760171977 -213.37100380123303 1
endloop
endfacet
facet normal 0 0 1
outer loop
vertex 180.95413905047062 -213.5096186815462 1
vertex 111.46798760171977 -213.37100380123303 1
vertex 111.42593923747815 -213.5096186815462 1
endloop
endfacet
facet normal 0 0 1
outer loop
vertex 188.56020600161122 -213.5096186815462 1
vertex 188.75503165897385 -213.37100380123303 1
vertex 182.36151954854762 -213.37100380123303 1
endloop
endfacet
facet normal 0 0 1
outer loop
vertex 188.56020600161122 -213.5096186815462 1
vertex 182.36151954854762 -213.37100380123303 1
vertex 182.62084974952944 -213.5096186815462 1
endloop
endfacet
facet normal 0 0 1
outer loop
vertex 108.61674730123308 -213.63341544854768 1
vertex 108.53138867939515 -213.35202578302417 1
vertex 29.880425137737102 -213.35202578302417 1
endloop
endfacet
facet normal 0 0 1
outer loop
vertex 108.61674730123308 -213.63341544854768 1
vertex 29.880425137737102 -213.35202578302417 1
vertex 30.18676360000036 -213.6056433500003 1
endloop
endfacet
facet normal 0 0 1
outer loop
vertex 108.61674730123308 -213.63341544854768 1
vertex 30.18676360000036 -213.6056433500003 1
vertex 30.225797801515146 -213.63341544854768 1
endloop
endfacet
facet normal 0 0 1
outer loop
vertex 181.21346925145224 -213.37100380123303 1
vertex 181.27603139316818 -213.35202578302417 1
vertex 111.47374452060487 -213.35202578302417 1
endloop
endfacet
facet normal 0 0 1
outer loop
vertex 181.21346925145224 -213.37100380123303 1
vertex 111.47374452060487 -213.35202578302417 1
vertex 111.46798760171977 -213.37100380123303 1
endloop
endfacet
facet normal 0 0 1
outer loop
vertex 181.27603139316818 -213.35202578302417 1
vertex 181.49485891697566 -213.28564517939517 1
vertex 111.48028243941198 -213.28564517939517 1
endloop
endfacet
facet normal 0 0 1
outer loop
vertex 181.27603139316818 -213.35202578302417 1
vertex 111.48028243941198 -213.28564517939517 1
vertex 111.47374452060487 -213.35202578302417 1
endloop
endfacet
facet normal 0 0 1
outer loop
vertex 188.75503165897385 -213.37100380123303 1
vertex 188.87500470640973 -213.28564517939517 1
vertex 182.0801298830244 -213.28564517939517 1
endloop
endfacet
facet normal 0 0 1
outer loop
vertex 188.75503165897385 -213.37100380123303 1
vertex 182.0801298830244 -213.28564517939517 1
vertex 182.36151954854762 -213.37100380123303 1
endloop
endfacet
facet normal 0 0 1
outer loop
vertex 181.49485891697566 -213.28564517939517 1
vertex 181.78749440000007 -213.25682310000002 1
vertex 111.48312116645927 -213.25682310000002 1
endloop
endfacet
facet normal 0 0 1
outer loop
vertex 181.49485891697566 -213.28564517939517 1
vertex 111.48312116645927 -213.25682310000002 1
vertex 111.48028243941198 -213.28564517939517 1
endloop
endfacet
facet normal 0 0 1
outer loop
vertex 188.87500470640973 -213.28564517939517 1
vertex 188.91551464698776 -213.25682310000002 1
vertex 181.78749440000007 -213.25682310000002 1
endloop
endfacet
facet normal 0 0 1
outer loop
vertex 188.87500470640973 -213.28564517939517 1
vertex 181.78749440000007 -213.25682310000002 1
vertex 182.0801298830244 -213.28564517939517 1
endloop
endfacet
facet normal 0 0 1
outer loop
vertex 108.53138867939515 -213.35202578302417 1
vertex 108.5025666 -213.05939030000008 1
vertex 29.551648614086155 -213.05939030000008 1
endloop
endfacet
facet normal 0 0 1
outer loop
vertex 108.53138867939515 -213.35202578302417 1
vertex 29.551648614086155 -213.05939030000008 1
vertex 29.62393482479554 -213.13967749139738 1
endloop
endfacet
facet normal 0 0 1
outer loop
vertex 108.53138867939515 -213.35202578302417 1
vertex 29.62393482479554 -213.13967749139738 1
vertex 29.880425137737102 -213.35202578302417 1
endloop
endfacet
facet normal 0 0 1
outer loop
vertex 181.78749440000007 -213.25682310000002 1
vertex 188.91551464698776 -213.25682310000002 1
vertex 189.19300992713397 -213.05939030000008 1
endloop
endfacet
facet normal 0 0 1
outer loop
vertex 181.78749440000007 -213.25682310000002 1
vertex 189.19300992713397 -213.05939030000008 1
vertex 111.50256660000001 -213.05939030000008 1
endloop
endfacet
facet normal 0 0 1
outer loop
vertex 181.78749440000007 -213.25682310000002 1
vertex 111.50256660000001 -213.05939030000008 1
vertex 111.48312116645927 -213.25682310000002 1
endloop
endfacet
facet normal 0 0 1
outer loop
vertex 108.5025666 -213.05939030000008 1
vertex 108.53138867939515 -212.76675481697583 1
vertex 29.288175576621754 -212.76675481697583 1
endloop
endfacet
facet normal 0 0 1
outer loop
vertex 108.5025666 -213.05939030000008 1
vertex 29.288175576621754 -212.76675481697583 1
vertex 29.551648614086155 -213.05939030000008 1
endloop
endfacet
facet normal 0 0 1
outer loop
vertex 189.19300992713397 -213.05939030000008 1
vertex 189.60431425621485 -212.76675481697583 1
vertex 111.47374452060485 -212.76675481697583 1
endloop
endfacet
facet normal 0 0 1
outer loop
vertex 189.19300992713397 -213.05939030000008 1
vertex 111.47374452060485 -212.76675481697583 1
vertex 111.50256660000001 -213.05939030000008 1
endloop
endfacet
facet normal 0 0 1
outer loop
vertex 108.53138867939515 -212.76675481697583 1
vertex 108.61674730123302 -212.4853651514524 1
vertex 29.061037225618556 -212.4853651514524 1
endloop
endfacet
facet normal 0 0 1
outer loop
vertex 108.53138867939515 -212.76675481697583 1
vertex 29.061037225618556 -212.4853651514524 1
vertex 29.135028759908806 -212.5966569841436 1
endloop
endfacet
facet normal 0 0 1
outer loop
vertex 108.53138867939515 -212.76675481697583 1
vertex 29.135028759908806 -212.5966569841436 1
vertex 29.288175576621754 -212.76675481697583 1
endloop
endfacet
facet normal 0 0 1
outer loop
vertex 189.60431425621485 -212.76675481697583 1
vertex 189.89818369999955 -212.55767210000036 1
vertex 189.9855219496951 -212.4853651514524 1
endloop
endfacet
facet normal 0 0 1
outer loop
vertex 189.60431425621485 -212.76675481697583 1
vertex 189.9855219496951 -212.4853651514524 1
vertex 111.38838589876696 -212.4853651514524 1
endloop
endfacet
facet normal 0 0 1
outer loop
vertex 189.60431425621485 -212.76675481697583 1
vertex 111.38838589876696 -212.4853651514524 1
vertex 111.47374452060485 -212.76675481697583 1
endloop
endfacet
facet normal 0 0 1
outer loop
vertex 108.61674730123302 -212.4853651514524 1
vertex 108.75536218154613 -212.2260349504706 1
vertex 28.888623500420177 -212.2260349504706 1
endloop
endfacet
facet normal 0 0 1
outer loop
vertex 108.61674730123302 -212.4853651514524 1
vertex 28.888623500420177 -212.2260349504706 1
vertex 29.061037225618556 -212.4853651514524 1
endloop
endfacet
facet normal 0 0 1
outer loop
vertex 189.9855219496951 -212.4853651514524 1
vertex 190.29876218872877 -212.2260349504706 1
vertex 111.24977101845381 -212.2260349504706 1
endloop
endfacet
facet normal 0 0 1
outer loop
vertex 189.9855219496951 -212.4853651514524 1
vertex 111.24977101845381 -212.2260349504706 1
vertex 111.38838589876696 -212.4853651514524 1
endloop
endfacet
facet normal 0 0 1
outer loop
vertex 108.75536218154613 -212.2260349504706 1
vertex 108.9419064282205 -211.99873012822016 1
vertex 28.73750160635856 -211.99873012822016 1
endloop
endfacet
facet normal 0 0 1
outer loop
vertex 108.75536218154613 -212.2260349504706 1
vertex 28.73750160635856 -211.99873012822016 1
vertex 28.888623500420177 -212.2260349504706 1
endloop
endfacet
facet normal 0 0 1
outer loop
vertex 190.29876218872877 -212.2260349504706 1
vertex 190.46101062520447 -212.0917101913974 1
vertex 190.54472480578082 -211.99873012822016 1
endloop
endfacet
facet normal 0 0 1
outer loop
vertex 190.29876218872877 -212.2260349504706 1
vertex 190.54472480578082 -211.99873012822016 1
vertex 111.06322677177981 -211.99873012822016 1
endloop
endfacet
facet normal 0 0 1
outer loop
vertex 190.29876218872877 -212.2260349504706 1
vertex 111.06322677177981 -211.99873012822016 1
vertex 111.24977101845381 -212.2260349504706 1
endloop
endfacet
facet normal 0 0 1
outer loop
vertex 108.9419064282205 -211.99873012822016 1
vertex 109.16921125047045 -211.8121858815461 1
vertex 28.64753120550725 -211.8121858815461 1
endloop
endfacet
facet normal 0 0 1
outer loop
vertex 108.9419064282205 -211.99873012822016 1
vertex 28.64753120550725 -211.8121858815461 1
vertex 28.730486491310316 -211.9881785831313 1
endloop
endfacet
facet normal 0 0 1
outer loop
vertex 108.9419064282205 -211.99873012822016 1
vertex 28.730486491310316 -211.9881785831313 1
vertex 28.73750160635856 -211.99873012822016 1
endloop
endfacet
facet normal 0 0 1
outer loop
vertex 190.54472480578082 -211.99873012822016 1
vertex 190.7126790770291 -211.8121858815461 1
vertex 110.8359219495293 -211.8121858815461 1
endloop
endfacet
facet normal 0 0 1
outer loop
vertex 190.54472480578082 -211.99873012822016 1
vertex 110.8359219495293 -211.8121858815461 1
vertex 111.06322677177981 -211.99873012822016 1
endloop
endfacet
facet normal 0 0 1
outer loop
vertex 109.16921125047045 -211.8121858815461 1
vertex 109.42854145145229 -211.67357100123314 1
vertex 28.58219419488494 -211.67357100123314 1
endloop
endfacet
facet normal 0 0 1
outer loop
vertex 109.16921125047045 -211.8121858815461 1
vertex 28.58219419488494 -211.67357100123314 1
vertex 28.64753120550725 -211.8121858815461 1
endloop
endfacet
facet normal 0 0 1
outer loop
vertex 190.7126790770291 -211.8121858815461 1
vertex 190.83748035941764 -211.67357100123314 1
vertex 110.57659174854783 -211.67357100123314 1
endloop
endfacet
facet normal 0 0 1
outer loop
vertex 190.7126790770291 -211.8121858815461 1
vertex 110.57659174854783 -211.67357100123314 1
vertex 110.8359219495293 -211.8121858815461 1
endloop
endfacet
facet normal 0 0 1
outer loop
vertex 109.42854145145229 -211.67357100123314 1
vertex 109.7099311169758 -211.58821237939515 1
vertex 28.541959862400994 -211.58821237939515 1
endloop
endfacet
facet normal 0 0 1
outer loop
vertex 109.42854145145229 -211.67357100123314 1
vertex 28.541959862400994 -211.58821237939515 1
vertex 28.58219419488494 -211.67357100123314 1
endloop
endfacet
facet normal 0 0 1
outer loop
vertex 190.83748035941764 -211.67357100123314 1
vertex 190.91433260965405 -211.58821237939515 1
vertex 110.29520208302411 -211.58821237939515 1
endloop
endfacet
facet normal 0 0 1
outer loop
vertex 190.83748035941764 -211.67357100123314 1
vertex 110.29520208302411 -211.58821237939515 1
vertex 110.57659174854783 -211.67357100123314 1
endloop
endfacet
facet normal 0 0 1
outer loop
vertex 109.7099311169758 -211.58821237939515 1
vertex 110.00256659999995 -211.5593903 1
vertex 28.52837439088923 -211.5593903 1
endloop
endfacet
facet normal 0 0 1
outer loop
vertex 109.7099311169758 -211.58821237939515 1
vertex 28.52837439088923 -211.5593903 1
vertex 28.541959862400994 -211.58821237939515 1
endloop
endfacet
facet normal 0 0 1
outer loop
vertex 190.91433260965405 -211.58821237939515 1
vertex 190.9402824388607 -211.5593903 1
vertex 110.00256659999995 -211.5593903 1
endloop
endfacet
facet normal 0 0 1
outer loop
vertex 190.91433260965405 -211.58821237939515 1
vertex 110.00256659999995 -211.5593903 1
vertex 110.29520208302411 -211.58821237939515 1
endloop
endfacet
facet normal 0 0 1
outer loop
vertex 110.00256659999995 -211.5593903 1
vertex 190.9402824388607 -211.5593903 1
vertex 190.94991669009116 -211.54868968414368 1
endloop
endfacet
facet normal 0 0 1
outer loop
vertex 110.00256659999995 -211.5593903 1
vertex 190.94991669009116 -211.54868968414368 1
vertex 191.35445895868963 -210.94021128313142 1
endloop
endfacet
facet normal 0 0 1
outer loop
vertex 110.00256659999995 -211.5593903 1
vertex 191.35445895868963 -210.94021128313142 1
vertex 191.6659980196516 -210.2792696631101 1
endloop
endfacet
facet normal 0 0 1
outer loop
vertex 110.00256659999995 -211.5593903 1
vertex 191.6659980196516 -210.2792696631101 1
vertex 191.87788063966212 -209.57997990419835 1
endloop
endfacet
facet normal 0 0 1
outer loop
vertex 110.00256659999995 -211.5593903 1
vertex 191.87788063966212 -209.57997990419835 1
vertex 191.98558185 -208.85727605 1
endloop
endfacet
facet normal 0 0 1
outer loop
vertex 110.00256659999995 -211.5593903 1
vertex 191.98558185 -208.85727605 1
vertex 193.5837231 -187.53284679999985 1
endloop
endfacet
facet normal 0 0 1
outer loop
vertex 110.00256659999995 -211.5593903 1
vertex 193.5837231 -187.53284679999985 1
vertex 193.59048840833293 -186.89060339416903 1
endloop
endfacet
facet normal 0 0 1
outer loop
vertex 110.00256659999995 -211.5593903 1
vertex 193.59048840833293 -186.89060339416903 1
vertex 193.5148657992193 -186.2527952970044 1
endloop
endfacet
facet normal 0 0 1
outer loop
vertex 110.00256659999995 -211.5593903 1
vertex 193.5148657992193 -186.2527952970044 1
vertex 193.35810655000003 -185.62994340000006 1
endloop
endfacet
facet normal 0 0 1
outer loop
vertex 110.00256659999995 -211.5593903 1
vertex 193.35810655000003 -185.62994340000006 1
vertex 187.38675900450323 -167.04158255000024 1
endloop
endfacet
facet normal 0 0 1
outer loop
vertex 110.00256659999995 -211.5593903 1
vertex 187.38675900450323 -167.04158255000024 1
vertex 33.034841399999934 -167.04158255000024 1
endloop
endfacet
facet normal 0 0 1
outer loop
vertex 110.00256659999995 -211.5593903 1
vertex 33.034841399999934 -167.04158255000024 1
vertex 26.726839099999992 -186.67790060000002 1
endloop
endfacet
facet normal 0 0 1
outer loop
vertex 110.00256659999995 -211.5593903 1
vertex 26.726839099999992 -186.67790060000002 1
vertex 26.57008030078066 -187.30075719700454 1
endloop
endfacet
facet normal 0 0 1
outer loop
vertex 110.00256659999995 -211.5593903 1
vertex 26.57008030078066 -187.30075719700454 1
vertex 26.49445769166708 -187.93856529416902 1
endloop
endfacet
facet normal 0 0 1
outer loop
vertex 110.00256659999995 -211.5593903 1
vertex 26.49445769166708 -187.93856529416902 1
vertex 26.501219550000002 -188.58080530000004 1
endloop
endfacet
facet normal 0 0 1
outer loop
vertex 110.00256659999995 -211.5593903 1
vertex 26.501219550000002 -188.58080530000004 1
vertex 28.099367200000003 -209.90524670000005 1
endloop
endfacet
facet normal 0 0 1
outer loop
vertex 110.00256659999995 -211.5593903 1
vertex 28.099367200000003 -209.90524670000005 1
vertex 28.20706481033784 -210.62794720419825 1
endloop
endfacet
facet normal 0 0 1
outer loop
vertex 110.00256659999995 -211.5593903 1
vertex 28.20706481033784 -210.62794720419825 1
vertex 28.418947430348368 -211.32723696311004 1
endloop
endfacet
facet normal 0 0 1
outer loop
vertex 110.00256659999995 -211.5593903 1
vertex 28.418947430348368 -211.32723696311004 1
vertex 28.52837439088923 -211.5593903 1
endloop
endfacet
facet normal 0 0 1
outer loop
vertex 187.38675900450323 -167.04158255000024 1
vertex 187.19848124436808 -166.45548788397105 1
vertex 33.18467963113869 -166.45548788397105 1
endloop
endfacet
facet normal 0 0 1
outer loop
vertex 187.38675900450323 -167.04158255000024 1
vertex 33.18467963113869 -166.45548788397105 1
vertex 33.034841399999934 -167.04158255000024 1
endloop
endfacet
facet normal 0 0 1
outer loop
vertex 187.19848124436808 -166.45548788397105 1
vertex 187.05010970000006 -165.99361830000018 1
vertex 33.24470214860089 -165.99361830000018 1
endloop
endfacet
facet normal 0 0 1
outer loop
vertex 187.19848124436808 -166.45548788397105 1
vertex 33.24470214860089 -165.99361830000018 1
vertex 33.18467963113869 -166.45548788397105 1
endloop
endfacet
facet normal 0 0 1
outer loop
vertex 187.05010970000006 -165.99361830000018 1
vertex 187.01482016185545 -165.85558736844234 1
vertex 33.2626400347213 -165.85558736844234 1
endloop
endfacet
facet normal 0 0 1
outer loop
vertex 187.05010970000006 -165.99361830000018 1
vertex 33.2626400347213 -165.85558736844234 1
vertex 33.24470214860089 -165.99361830000018 1
endloop
endfacet
facet normal 0 0 1
outer loop
vertex 187.01482016185545 -165.85558736844234 1
vertex 186.90026661886125 -165.4075244839708 1
vertex 33.2663011161256 -165.4075244839708 1
endloop
endfacet
facet normal 0 0 1
outer loop
vertex 187.01482016185545 -165.85558736844234 1
vertex 33.2663011161256 -165.4075244839708 1
vertex 33.2626400347213 -165.85558736844234 1
endloop
endfacet
facet normal 0 0 1
outer loop
vertex 186.90026661886125 -165.4075244839708 1
vertex 186.87988187078466 -165.25066510000016 1
vertex 33.2675828 -165.25066510000016 1
endloop
endfacet
facet normal 0 0 1
outer loop
vertex 186.90026661886125 -165.4075244839708 1
vertex 33.2675828 -165.25066510000016 1
vertex 33.2663011161256 -165.4075244839708 1
endloop
endfacet
facet normal 0 0 1
outer loop
vertex 186.87988187078466 -165.25066510000016 1
vertex 186.8223062152787 -164.80762396844233 1
vertex 33.244364023145536 -164.80762396844233 1
endloop
endfacet
facet normal 0 0 1
outer loop
vertex 186.87988187078466 -165.25066510000016 1
vertex 33.244364023145536 -164.80762396844233 1
vertex 33.2675828 -165.25066510000016 1
endloop
endfacet
facet normal 0 0 1
outer loop
vertex 186.8223062152787 -164.80762396844233 1
vertex 186.81736485 -164.20269915000037 1
vertex 33.212661290887375 -164.20269915000037 1
endloop
endfacet
facet normal 0 0 1
outer loop
vertex 186.8223062152787 -164.80762396844233 1
vertex 33.212661290887375 -164.20269915000037 1
vertex 33.244364023145536 -164.80762396844233 1
endloop
endfacet
facet normal 0 0 1
outer loop
vertex 186.81736485 -164.20269915000037 1
vertex 191.51056926812538 -74.65101639999999 1
vertex 188.58506379999994 -74.65101639999999 1
endloop
endfacet
facet normal 0 0 1
outer loop
vertex 186.81736485 -164.20269915000037 1
vertex 188.58506379999994 -74.65101639999999 1
vertex 28.51946151640416 -74.65101639999999 1
endloop
endfacet
facet normal 0 0 1
outer loop
vertex 186.81736485 -164.20269915000037 1
vertex 28.51946151640416 -74.65101639999999 1
vertex 33.212661290887375 -164.20269915000037 1
endloop
endfacet
facet normal 0 0 1
outer loop
vertex 188.58506379999994 -74.65101639999999 1
vertex 188.29242831697576 -74.62219432060483 1
vertex 28.517951016853917 -74.62219432060483 1
endloop
endfacet
facet normal 0 0 1
outer loop
vertex 188.58506379999994 -74.65101639999999 1
vertex 28.517951016853917 -74.62219432060483 1
vertex 28.51946151640416 -74.65101639999999 1
endloop
endfacet
facet normal 0 0 1
outer loop
vertex 191.51056926812538 -74.65101639999999 1
vertex 191.51207976917019 -74.62219432060483 1
vertex 188.87769928302419 -74.62219432060483 1
endloop
endfacet
facet normal 0 0 1
outer loop
vertex 191.51056926812538 -74.65101639999999 1
vertex 188.87769928302419 -74.62219432060483 1
vertex 188.58506379999994 -74.65101639999999 1
endloop
endfacet
facet normal 0 0 1
outer loop
vertex 188.29242831697576 -74.62219432060483 1
vertex 188.01103865145245 -74.53683569876696 1
vertex 28.513477565853805 -74.53683569876696 1
endloop
endfacet
facet normal 0 0 1
outer loop
vertex 188.29242831697576 -74.62219432060483 1
vertex 28.513477565853805 -74.53683569876696 1
vertex 28.517951016853917 -74.62219432060483 1
endloop
endfacet
facet normal 0 0 1
outer loop
vertex 191.51207976917019 -74.62219432060483 1
vertex 191.5165532245965 -74.53683569876696 1
vertex 189.15908894854755 -74.53683569876696 1
endloop
endfacet
facet normal 0 0 1
outer loop
vertex 191.51207976917019 -74.62219432060483 1
vertex 189.15908894854755 -74.53683569876696 1
vertex 188.87769928302419 -74.62219432060483 1
endloop
endfacet
facet normal 0 0 1
outer loop
vertex 188.01103865145245 -74.53683569876696 1
vertex 187.75170845047063 -74.39822081845382 1
vertex 28.506213075617012 -74.39822081845382 1
endloop
endfacet
facet normal 0 0 1
outer loop
vertex 188.01103865145245 -74.53683569876696 1
vertex 28.506213075617012 -74.39822081845382 1
vertex 28.513477565853805 -74.53683569876696 1
endloop
endfacet
facet normal 0 0 1
outer loop
vertex 191.5165532245965 -74.53683569876696 1
vertex 191.52381772202108 -74.39822081845382 1
vertex 189.41841914952946 -74.39822081845382 1
endloop
endfacet
facet normal 0 0 1
outer loop
vertex 191.5165532245965 -74.53683569876696 1
vertex 189.41841914952946 -74.39822081845382 1
vertex 189.15908894854755 -74.53683569876696 1
endloop
endfacet
facet normal 0 0 1
outer loop
vertex 187.75170845047063 -74.39822081845382 1
vertex 187.52440362822026 -74.21167657177986 1
vertex 28.496436716429375 -74.21167657177986 1
endloop
endfacet
facet normal 0 0 1
outer loop
vertex 187.75170845047063 -74.39822081845382 1
vertex 28.496436716429375 -74.21167657177986 1
vertex 28.506213075617012 -74.39822081845382 1
endloop
endfacet
facet normal 0 0 1
outer loop
vertex 191.52381772202108 -74.39822081845382 1
vertex 191.53359409088185 -74.21167657177986 1
vertex 189.6457239717798 -74.21167657177986 1
endloop
endfacet
facet normal 0 0 1
outer loop
vertex 191.52381772202108 -74.39822081845382 1
vertex 189.6457239717798 -74.21167657177986 1
vertex 189.41841914952946 -74.39822081845382 1
endloop
endfacet
facet normal 0 0 1
outer loop
vertex 187.52440362822026 -74.21167657177986 1
vertex 187.33785938154614 -73.98437174952929 1
vertex 28.484524188291815 -73.98437174952929 1
endloop
endfacet
facet normal 0 0 1
outer loop
vertex 187.52440362822026 -74.21167657177986 1
vertex 28.484524188291815 -73.98437174952929 1
vertex 28.496436716429375 -74.21167657177986 1
endloop
endfacet
facet normal 0 0 1
outer loop
vertex 191.53359409088185 -74.21167657177986 1
vertex 191.54550663080613 -73.98437174952929 1
vertex 189.8322682184539 -73.98437174952929 1
endloop
endfacet
facet normal 0 0 1
outer loop
vertex 191.53359409088185 -74.21167657177986 1
vertex 189.8322682184539 -73.98437174952929 1
vertex 189.6457239717798 -74.21167657177986 1
endloop
endfacet
facet normal 0 0 1
outer loop
vertex 187.33785938154614 -73.98437174952929 1
vertex 187.19924450123307 -73.72504154854765 1
vertex 28.47093328298006 -73.72504154854765 1
endloop
endfacet
facet normal 0 0 1
outer loop
vertex 187.33785938154614 -73.98437174952929 1
vertex 28.47093328298006 -73.72504154854765 1
vertex 28.484524188291815 -73.98437174952929 1
endloop
endfacet
facet normal 0 0 1
outer loop
vertex 191.54550663080613 -73.98437174952929 1
vertex 191.55909754956528 -73.72504154854765 1
vertex 189.97088309876696 -73.72504154854765 1
endloop
endfacet
facet normal 0 0 1
outer loop
vertex 191.54550663080613 -73.98437174952929 1
vertex 189.97088309876696 -73.72504154854765 1
vertex 189.8322682184539 -73.98437174952929 1
endloop
endfacet
facet normal 0 0 1
outer loop
vertex 187.19924450123307 -73.72504154854765 1
vertex 187.11388587939518 -73.4436518830243 1
vertex 28.456186291363352 -73.4436518830243 1
endloop
endfacet
facet normal 0 0 1
outer loop
vertex 187.19924450123307 -73.72504154854765 1
vertex 28.456186291363352 -73.4436518830243 1
vertex 28.47093328298006 -73.72504154854765 1
endloop
endfacet
facet normal 0 0 1
outer loop
vertex 191.55909754956528 -73.72504154854765 1
vertex 191.57384455577326 -73.4436518830243 1
vertex 190.05624172060482 -73.4436518830243 1
endloop
endfacet
facet normal 0 0 1
outer loop
vertex 191.55909754956528 -73.72504154854765 1
vertex 190.05624172060482 -73.4436518830243 1
vertex 189.97088309876696 -73.72504154854765 1
endloop
endfacet
facet normal 0 0 1
outer loop
vertex 187.11388587939518 -73.4436518830243 1
vertex 187.08506380000003 -73.15101639999995 1
vertex 28.44084993205931 -73.15101639999995 1
endloop
endfacet
facet normal 0 0 1
outer loop
vertex 187.11388587939518 -73.4436518830243 1
vertex 28.44084993205931 -73.15101639999995 1
vertex 28.456186291363352 -73.4436518830243 1
endloop
endfacet
facet normal 0 0 1
outer loop
vertex 191.57384455577326 -73.4436518830243 1
vertex 191.58918093025173 -73.15101639999995 1
vertex 190.0850638 -73.15101639999995 1
endloop
endfacet
facet normal 0 0 1
outer loop
vertex 191.57384455577326 -73.4436518830243 1
vertex 190.0850638 -73.15101639999995 1
vertex 190.05624172060482 -73.4436518830243 1
endloop
endfacet
facet normal 0 0 1
outer loop
vertex 187.08506380000003 -73.15101639999995 1
vertex 187.11388587939518 -72.85838091697579 1
vertex 28.42551357275528 -72.85838091697579 1
endloop
endfacet
facet normal 0 0 1
outer loop
vertex 187.08506380000003 -73.15101639999995 1
vertex 28.42551357275528 -72.85838091697579 1
vertex 28.44084993205931 -73.15101639999995 1
endloop
endfacet
facet normal 0 0 1
outer loop
vertex 191.58918093025173 -73.15101639999995 1
vertex 191.60451730473017 -72.85838091697579 1
vertex 190.05624172060485 -72.85838091697579 1
endloop
endfacet
facet normal 0 0 1
outer loop
vertex 191.58918093025173 -73.15101639999995 1
vertex 190.05624172060485 -72.85838091697579 1
vertex 190.0850638 -73.15101639999995 1
endloop
endfacet
facet normal 0 0 1
outer loop
vertex 187.11388587939518 -72.85838091697579 1
vertex 187.1992445012331 -72.57699125145231 1
vertex 28.410766581138567 -72.57699125145231 1
endloop
endfacet
facet normal 0 0 1
outer loop
vertex 187.11388587939518 -72.85838091697579 1
vertex 28.410766581138567 -72.57699125145231 1
vertex 28.42551357275528 -72.85838091697579 1
endloop
endfacet
facet normal 0 0 1
outer loop
vertex 191.60451730473017 -72.85838091697579 1
vertex 191.61926431093815 -72.57699125145231 1
vertex 189.97088309876693 -72.57699125145231 1
endloop
endfacet
facet normal 0 0 1
outer loop
vertex 191.60451730473017 -72.85838091697579 1
vertex 189.97088309876693 -72.57699125145231 1
vertex 190.05624172060485 -72.85838091697579 1
endloop
endfacet
facet normal 0 0 1
outer loop
vertex 187.1992445012331 -72.57699125145231 1
vertex 187.3378593815462 -72.31766105047079 1
vertex 28.397175675826816 -72.31766105047079 1
endloop
endfacet
facet normal 0 0 1
outer loop
vertex 187.1992445012331 -72.57699125145231 1
vertex 28.397175675826816 -72.31766105047079 1
vertex 28.410766581138567 -72.57699125145231 1
endloop
endfacet
facet normal 0 0 1
outer loop
vertex 191.61926431093815 -72.57699125145231 1
vertex 191.6328552296973 -72.31766105047079 1
vertex 189.83226821845395 -72.31766105047079 1
endloop
endfacet
facet normal 0 0 1
outer loop
vertex 191.61926431093815 -72.57699125145231 1
vertex 189.83226821845395 -72.31766105047079 1
vertex 189.97088309876693 -72.57699125145231 1
endloop
endfacet
facet normal 0 0 1
outer loop
vertex 187.3378593815462 -72.31766105047079 1
vertex 187.52440362822023 -72.09035622822013 1
vertex 28.38526314768925 -72.09035622822013 1
endloop
endfacet
facet normal 0 0 1
outer loop
vertex 187.3378593815462 -72.31766105047079 1
vertex 28.38526314768925 -72.09035622822013 1
vertex 28.397175675826816 -72.31766105047079 1
endloop
endfacet
facet normal 0 0 1
outer loop
vertex 191.6328552296973 -72.31766105047079 1
vertex 191.6447677696216 -72.09035622822013 1
vertex 189.64572397177974 -72.09035622822013 1
endloop
endfacet
facet normal 0 0 1
outer loop
vertex 191.6328552296973 -72.31766105047079 1
vertex 189.64572397177974 -72.09035622822013 1
vertex 189.83226821845395 -72.31766105047079 1
endloop
endfacet
facet normal 0 0 1
outer loop
vertex 187.52440362822023 -72.09035622822013 1
vertex 187.7517084504705 -71.90381198154617 1
vertex 28.37548678850161 -71.90381198154617 1
endloop
endfacet
facet normal 0 0 1
outer loop
vertex 187.52440362822023 -72.09035622822013 1
vertex 28.37548678850161 -71.90381198154617 1
vertex 28.38526314768925 -72.09035622822013 1
endloop
endfacet
facet normal 0 0 1
outer loop
vertex 191.6447677696216 -72.09035622822013 1
vertex 191.65454413848235 -71.90381198154617 1
vertex 189.41841914952937 -71.90381198154617 1
endloop
endfacet
facet normal 0 0 1
outer loop
vertex 191.6447677696216 -72.09035622822013 1
vertex 189.41841914952937 -71.90381198154617 1
vertex 189.64572397177974 -72.09035622822013 1
endloop
endfacet
facet normal 0 0 1
outer loop
vertex 187.7517084504705 -71.90381198154617 1
vertex 188.01103865145237 -71.76519710123306 1
vertex 28.368222298264822 -71.76519710123306 1
endloop
endfacet
facet normal 0 0 1
outer loop
vertex 187.7517084504705 -71.90381198154617 1
vertex 28.368222298264822 -71.76519710123306 1
vertex 28.37548678850161 -71.90381198154617 1
endloop
endfacet
facet normal 0 0 1
outer loop
vertex 191.65454413848235 -71.90381198154617 1
vertex 191.66180863590694 -71.76519710123306 1
vertex 189.1590889485476 -71.76519710123306 1
endloop
endfacet
facet normal 0 0 1
outer loop
vertex 191.65454413848235 -71.90381198154617 1
vertex 189.1590889485476 -71.76519710123306 1
vertex 189.41841914952937 -71.90381198154617 1
endloop
endfacet
facet normal 0 0 1
outer loop
vertex 188.01103865145237 -71.76519710123306 1
vertex 188.29242831697584 -71.67983847939516 1
vertex 28.36374884726471 -71.67983847939516 1
endloop
endfacet
facet normal 0 0 1
outer loop
vertex 188.01103865145237 -71.76519710123306 1
vertex 28.36374884726471 -71.67983847939516 1
vertex 28.368222298264822 -71.76519710123306 1
endloop
endfacet
facet normal 0 0 1
outer loop
vertex 191.66180863590694 -71.76519710123306 1
vertex 191.66628209133327 -71.67983847939516 1
vertex 188.8776992830242 -71.67983847939516 1
endloop
endfacet
facet normal 0 0 1
outer loop
vertex 191.66180863590694 -71.76519710123306 1
vertex 188.8776992830242 -71.67983847939516 1
vertex 189.1590889485476 -71.76519710123306 1
endloop
endfacet
facet normal 0 0 1
outer loop
vertex 188.29242831697584 -71.67983847939516 1
vertex 188.58506380000006 -71.6510164 1
vertex 28.362238347714467 -71.6510164 1
endloop
endfacet
facet normal 0 0 1
outer loop
vertex 188.29242831697584 -71.67983847939516 1
vertex 28.362238347714467 -71.6510164 1
vertex 28.36374884726471 -71.67983847939516 1
endloop
endfacet
facet normal 0 0 1
outer loop
vertex 191.66628209133327 -71.67983847939516 1
vertex 191.66779259237805 -71.6510164 1
vertex 188.58506380000006 -71.6510164 1
endloop
endfacet
facet normal 0 0 1
outer loop
vertex 191.66628209133327 -71.67983847939516 1
vertex 188.58506380000006 -71.6510164 1
vertex 188.8776992830242 -71.67983847939516 1
endloop
endfacet
facet normal 0 0 1
outer loop
vertex 188.58506380000006 -71.6510164 1
vertex 191.66779259237805 -71.6510164 1
vertex 191.95723423900395 -66.1281403 1
endloop
endfacet
facet normal 0 0 1
outer loop
vertex 188.58506380000006 -71.6510164 1
vertex 191.95723423900395 -66.1281403 1
vertex 110.00256660000001 -66.1281403 1
endloop
endfacet
facet normal 0 0 1
outer loop
vertex 188.58506380000006 -71.6510164 1
vertex 110.00256660000001 -66.1281403 1
vertex 28.093651990750324 -66.1281403 1
endloop
endfacet
facet normal 0 0 1
outer loop
vertex 188.58506380000006 -71.6510164 1
vertex 28.093651990750324 -66.1281403 1
vertex 28.085312349999995 -66.36694789999997 1
endloop
endfacet
facet normal 0 0 1
outer loop
vertex 188.58506380000006 -71.6510164 1
vertex 28.085312349999995 -66.36694789999997 1
vertex 28.362238347714467 -71.6510164 1
endloop
endfacet
facet normal 0 0 1
outer loop
vertex 110.00256660000001 -66.1281403 1
vertex 109.70993111697581 -66.09931822060484 1
vertex 28.09465851561734 -66.09931822060484 1
endloop
endfacet
facet normal 0 0 1
outer loop
vertex 110.00256660000001 -66.1281403 1
vertex 28.09465851561734 -66.09931822060484 1
vertex 28.093651990750324 -66.1281403 1
endloop
endfacet
facet normal 0 0 1
outer loop
vertex 191.95723423900395 -66.1281403 1
vertex 191.95874474004873 -66.09931822060484 1
vertex 110.29520208302417 -66.09931822060484 1
endloop
endfacet
facet normal 0 0 1
outer loop
vertex 191.95723423900395 -66.1281403 1
vertex 110.29520208302417 -66.09931822060484 1
vertex 110.00256660000001 -66.1281403 1
endloop
endfacet
facet normal 0 0 1
outer loop
vertex 109.70993111697581 -66.09931822060484 1
vertex 109.42854145145238 -66.01395959876693 1
vertex 28.097639410032222 -66.01395959876693 1
endloop
endfacet
facet normal 0 0 1
outer loop
vertex 109.70993111697581 -66.09931822060484 1
vertex 28.097639410032222 -66.01395959876693 1
vertex 28.09465851561734 -66.09931822060484 1
endloop
endfacet
facet normal 0 0 1
outer loop
vertex 191.95874474004873 -66.09931822060484 1
vertex 191.96321819547506 -66.01395959876693 1
vertex 110.57659174854759 -66.01395959876693 1
endloop
endfacet
facet normal 0 0 1
outer loop
vertex 191.95874474004873 -66.09931822060484 1
vertex 110.57659174854759 -66.01395959876693 1
vertex 110.29520208302417 -66.09931822060484 1
endloop
endfacet
facet normal 0 0 1
outer loop
vertex 109.42854145145238 -66.01395959876693 1
vertex 109.30749645460338 -65.94925970000001 1
vertex 31.239265100000033 -65.94925970000001 1
endloop
endfacet
facet normal 0 0 1
outer loop
vertex 109.42854145145238 -66.01395959876693 1
vertex 31.239265100000033 -65.94925970000001 1
vertex 28.099898860369226 -65.94925970000001 1
endloop
endfacet
facet normal 0 0 1
outer loop
vertex 109.42854145145238 -66.01395959876693 1
vertex 28.099898860369226 -65.94925970000001 1
vertex 28.097639410032222 -66.01395959876693 1
endloop
endfacet
facet normal 0 0 1
outer loop
vertex 31.239265100000033 -65.94925970000001 1
vertex 30.946629616975855 -65.92043762060486 1
vertex 28.100905385236246 -65.92043762060486 1
endloop
endfacet
facet normal 0 0 1
outer loop
vertex 31.239265100000033 -65.94925970000001 1
vertex 28.100905385236246 -65.92043762060486 1
vertex 28.099898860369226 -65.94925970000001 1
endloop
endfacet
facet normal 0 0 1
outer loop
vertex 109.30749645460338 -65.94925970000001 1
vertex 109.2535741367009 -65.92043762060486 1
vertex 31.53190058302414 -65.92043762060486 1
endloop
endfacet
facet normal 0 0 1
outer loop
vertex 109.30749645460338 -65.94925970000001 1
vertex 31.53190058302414 -65.92043762060486 1
vertex 31.239265100000033 -65.94925970000001 1
endloop
endfacet
facet normal 0 0 1
outer loop
vertex 109.2535741367009 -65.92043762060486 1
vertex 109.16921125047061 -65.87534471845382 1
vertex 31.680551959775002 -65.87534471845382 1
endloop
endfacet
facet normal 0 0 1
outer loop
vertex 109.2535741367009 -65.92043762060486 1
vertex 31.680551959775002 -65.87534471845382 1
vertex 31.53190058302414 -65.92043762060486 1
endloop
endfacet
facet normal 0 0 1
outer loop
vertex 191.96321819547506 -66.01395959876693 1
vertex 191.97048269289965 -65.87534471845382 1
vertex 110.83592194952938 -65.87534471845382 1
endloop
endfacet
facet normal 0 0 1
outer loop
vertex 191.96321819547506 -66.01395959876693 1
vertex 110.83592194952938 -65.87534471845382 1
vertex 110.57659174854759 -66.01395959876693 1
endloop
endfacet
facet normal 0 0 1
outer loop
vertex 30.946629616975855 -65.92043762060486 1
vertex 30.665239951452364 -65.83507899876693 1
vertex 28.103886279651125 -65.83507899876693 1
endloop
endfacet
facet normal 0 0 1
outer loop
vertex 30.946629616975855 -65.92043762060486 1
vertex 28.103886279651125 -65.83507899876693 1
vertex 28.100905385236246 -65.92043762060486 1
endloop
endfacet
facet normal 0 0 1
outer loop
vertex 109.16921125047061 -65.87534471845382 1
vertex 109.1201473290718 -65.83507899876693 1
vertex 31.813290248547613 -65.83507899876693 1
endloop
endfacet
facet normal 0 0 1
outer loop
vertex 109.16921125047061 -65.87534471845382 1
vertex 31.813290248547613 -65.83507899876693 1
vertex 31.680551959775002 -65.87534471845382 1
endloop
endfacet
facet normal 0 0 1
outer loop
vertex 30.665239951452364 -65.83507899876693 1
vertex 30.405909750470627 -65.69646411845383 1
vertex 28.108726989513208 -65.69646411845383 1
endloop
endfacet
facet normal 0 0 1
outer loop
vertex 30.665239951452364 -65.83507899876693 1
vertex 28.108726989513208 -65.69646411845383 1
vertex 28.103886279651125 -65.83507899876693 1
endloop
endfacet
facet normal 0 0 1
outer loop
vertex 109.1201473290718 -65.83507899876693 1
vertex 108.95124460871133 -65.69646411845383 1
vertex 32.07262044952943 -65.69646411845383 1
endloop
endfacet
facet normal 0 0 1
outer loop
vertex 109.1201473290718 -65.83507899876693 1
vertex 32.07262044952943 -65.69646411845383 1
vertex 31.813290248547613 -65.83507899876693 1
endloop
endfacet
facet normal 0 0 1
outer loop
vertex 108.95124460871133 -65.69646411845383 1
vertex 108.94190642822016 -65.6888004717798 1
vertex 32.08195863002055 -65.6888004717798 1
endloop
endfacet
facet normal 0 0 1
outer loop
vertex 108.95124460871133 -65.69646411845383 1
vertex 32.08195863002055 -65.6888004717798 1
vertex 32.07262044952943 -65.69646411845383 1
endloop
endfacet
facet normal 0 0 1
outer loop
vertex 191.97048269289965 -65.87534471845382 1
vertex 191.9802590617604 -65.6888004717798 1
vertex 111.0632267717799 -65.6888004717798 1
endloop
endfacet
facet normal 0 0 1
outer loop
vertex 191.97048269289965 -65.87534471845382 1
vertex 111.0632267717799 -65.6888004717798 1
vertex 110.83592194952938 -65.87534471845382 1
endloop
endfacet
facet normal 0 0 1
outer loop
vertex 30.405909750470627 -65.69646411845383 1
vertex 30.178604928220153 -65.50991987177977 1
vertex 28.115241489057198 -65.50991987177977 1
endloop
endfacet
facet normal 0 0 1
outer loop
vertex 30.405909750470627 -65.69646411845383 1
vertex 28.115241489057198 -65.50991987177977 1
vertex 28.108726989513208 -65.69646411845383 1
endloop
endfacet
facet normal 0 0 1
outer loop
vertex 108.94190642822016 -65.6888004717798 1
vertex 108.79510291370944 -65.50991987177977 1
vertex 32.29992527177987 -65.50991987177977 1
endloop
endfacet
facet normal 0 0 1
outer loop
vertex 108.94190642822016 -65.6888004717798 1
vertex 32.29992527177987 -65.50991987177977 1
vertex 32.08195863002055 -65.6888004717798 1
endloop
endfacet
facet normal 0 0 1
outer loop
vertex 108.79510291370944 -65.50991987177977 1
vertex 108.75536218154613 -65.46149564952934 1
vertex 32.33966600394312 -65.46149564952934 1
endloop
endfacet
facet normal 0 0 1
outer loop
vertex 108.79510291370944 -65.50991987177977 1
vertex 32.33966600394312 -65.46149564952934 1
vertex 32.29992527177987 -65.50991987177977 1
endloop
endfacet
facet normal 0 0 1
outer loop
vertex 191.9802590617604 -65.6888004717798 1
vertex 191.9921716016847 -65.46149564952934 1
vertex 111.24977101845381 -65.46149564952934 1
endloop
endfacet
facet normal 0 0 1
outer loop
vertex 191.9802590617604 -65.6888004717798 1
vertex 111.24977101845381 -65.46149564952934 1
vertex 111.0632267717799 -65.6888004717798 1
endloop
endfacet
facet normal 0 0 1
outer loop
vertex 30.178604928220153 -65.50991987177977 1
vertex 29.992060681546178 -65.2826150495294 1
vertex 28.161070515747042 -65.2826150495294 1
endloop
endfacet
facet normal 0 0 1
outer loop
vertex 30.178604928220153 -65.50991987177977 1
vertex 28.161070515747042 -65.2826150495294 1
vertex 28.1157302832968 -65.49592313226216 1
endloop
endfacet
facet normal 0 0 1
outer loop
vertex 30.178604928220153 -65.50991987177977 1
vertex 28.1157302832968 -65.49592313226216 1
vertex 28.115241489057198 -65.50991987177977 1
endloop
endfacet
facet normal 0 0 1
outer loop
vertex 108.75536218154613 -65.46149564952934 1
vertex 108.6597485088406 -65.2826150495294 1
vertex 32.486469518453795 -65.2826150495294 1
endloop
endfacet
facet normal 0 0 1
outer loop
vertex 108.75536218154613 -65.46149564952934 1
vertex 32.486469518453795 -65.2826150495294 1
vertex 32.33966600394312 -65.46149564952934 1
endloop
endfacet
facet normal 0 0 1
outer loop
vertex 108.6597485088406 -65.2826150495294 1
vertex 108.61674730123308 -65.20216544854769 1
vertex 32.52947072606133 -65.20216544854769 1
endloop
endfacet
facet normal 0 0 1
outer loop
vertex 108.6597485088406 -65.2826150495294 1
vertex 32.52947072606133 -65.20216544854769 1
vertex 32.486469518453795 -65.2826150495294 1
endloop
endfacet
facet normal 0 0 1
outer loop
vertex 191.9921716016847 -65.46149564952934 1
vertex 191.9996401 -65.31898819999928 1
vertex 191.99658154875834 -65.20216544854769 1
endloop
endfacet
facet normal 0 0 1
outer loop
vertex 191.9921716016847 -65.46149564952934 1
vertex 191.99658154875834 -65.20216544854769 1
vertex 111.3883858987669 -65.20216544854769 1
endloop
endfacet
facet normal 0 0 1
outer loop
vertex 191.9921716016847 -65.46149564952934 1
vertex 111.3883858987669 -65.20216544854769 1
vertex 111.24977101845381 -65.46149564952934 1
endloop
endfacet
facet normal 0 0 1
outer loop
vertex 29.992060681546178 -65.2826150495294 1
vertex 29.85344580123308 -65.02328484854765 1
vertex 28.216193094522513 -65.02328484854765 1
endloop
endfacet
facet normal 0 0 1
outer loop
vertex 29.992060681546178 -65.2826150495294 1
vertex 28.216193094522513 -65.02328484854765 1
vertex 28.161070515747042 -65.2826150495294 1
endloop
endfacet
facet normal 0 0 1
outer loop
vertex 108.61674730123308 -65.20216544854769 1
vertex 108.56248446446138 -65.02328484854765 1
vertex 32.62508439876692 -65.02328484854765 1
endloop
endfacet
facet normal 0 0 1
outer loop
vertex 108.61674730123308 -65.20216544854769 1
vertex 32.62508439876692 -65.02328484854765 1
vertex 32.52947072606133 -65.20216544854769 1
endloop
endfacet
facet normal 0 0 1
outer loop
vertex 108.56248446446138 -65.02328484854765 1
vertex 108.53138867939515 -64.92077578302421 1
vertex 32.65618018383314 -64.92077578302421 1
endloop
endfacet
facet normal 0 0 1
outer loop
vertex 108.56248446446138 -65.02328484854765 1
vertex 32.65618018383314 -64.92077578302421 1
vertex 32.62508439876692 -65.02328484854765 1
endloop
endfacet
facet normal 0 0 1
outer loop
vertex 191.99658154875834 -65.20216544854769 1
vertex 191.9892144503107 -64.92077578302421 1
vertex 111.47374452060482 -64.92077578302421 1
endloop
endfacet
facet normal 0 0 1
outer loop
vertex 191.99658154875834 -65.20216544854769 1
vertex 111.47374452060482 -64.92077578302421 1
vertex 111.3883858987669 -65.20216544854769 1
endloop
endfacet
facet normal 0 0 1
outer loop
vertex 29.85344580123308 -65.02328484854765 1
vertex 29.768087179395152 -64.74189518302418 1
vertex 28.2760045778966 -64.74189518302418 1
endloop
endfacet
facet normal 0 0 1
outer loop
vertex 29.85344580123308 -65.02328484854765 1
vertex 28.2760045778966 -64.74189518302418 1
vertex 28.216193094522513 -65.02328484854765 1
endloop
endfacet
facet normal 0 0 1
outer loop
vertex 108.53138867939515 -64.92077578302421 1
vertex 108.5137704780678 -64.74189518302418 1
vertex 32.710443020604856 -64.74189518302418 1
endloop
endfacet
facet normal 0 0 1
outer loop
vertex 108.53138867939515 -64.92077578302421 1
vertex 32.710443020604856 -64.74189518302418 1
vertex 32.65618018383314 -64.92077578302421 1
endloop
endfacet
facet normal 0 0 1
outer loop
vertex 108.5137704780678 -64.74189518302418 1
vertex 108.50256660000001 -64.62814029999993 1
vertex 32.721646898672645 -64.62814029999993 1
endloop
endfacet
facet normal 0 0 1
outer loop
vertex 108.5137704780678 -64.74189518302418 1
vertex 32.721646898672645 -64.62814029999993 1
vertex 32.710443020604856 -64.74189518302418 1
endloop
endfacet
facet normal 0 0 1
outer loop
vertex 191.9892144503107 -64.92077578302421 1
vertex 191.9815529236917 -64.62814029999993 1
vertex 111.50256659999998 -64.62814029999993 1
endloop
endfacet
facet normal 0 0 1
outer loop
vertex 191.9892144503107 -64.92077578302421 1
vertex 111.50256659999998 -64.62814029999993 1
vertex 111.47374452060482 -64.92077578302421 1
endloop
endfacet
facet normal 0 0 1
outer loop
vertex 29.768087179395152 -64.74189518302418 1
vertex 29.739265099999997 -64.44925969999998 1
vertex 28.37538088275088 -64.44925969999998 1
endloop
endfacet
facet normal 0 0 1
outer loop
vertex 29.768087179395152 -64.74189518302418 1
vertex 28.37538088275088 -64.44925969999998 1
vertex 28.29693767353696 -64.6434131449886 1
endloop
endfacet
facet normal 0 0 1
outer loop
vertex 29.768087179395152 -64.74189518302418 1
vertex 28.29693767353696 -64.6434131449886 1
vertex 28.2760045778966 -64.74189518302418 1
endloop
endfacet
facet normal 0 0 1
outer loop
vertex 108.50256660000001 -64.62814029999993 1
vertex 108.5201848013274 -64.44925969999998 1
vertex 32.739265100000004 -64.44925969999998 1
endloop
endfacet
facet normal 0 0 1
outer loop
vertex 108.50256660000001 -64.62814029999993 1
vertex 32.739265100000004 -64.44925969999998 1
vertex 32.721646898672645 -64.62814029999993 1
endloop
endfacet
facet normal 0 0 1
outer loop
vertex 108.5201848013274 -64.44925969999998 1
vertex 108.53138867939518 -64.33550481697581 1
vertex 32.728061221932236 -64.33550481697581 1
endloop
endfacet
facet normal 0 0 1
outer loop
vertex 108.5201848013274 -64.44925969999998 1
vertex 32.728061221932236 -64.33550481697581 1
vertex 32.739265100000004 -64.44925969999998 1
endloop
endfacet
facet normal 0 0 1
outer loop
vertex 191.9815529236917 -64.62814029999993 1
vertex 191.97910554798943 -64.53466167538768 1
vertex 191.9421936508469 -64.33550481697581 1
endloop
endfacet
facet normal 0 0 1
outer loop
vertex 191.9815529236917 -64.62814029999993 1
vertex 191.9421936508469 -64.33550481697581 1
vertex 111.47374452060484 -64.33550481697581 1
endloop
endfacet
facet normal 0 0 1
outer loop
vertex 191.9815529236917 -64.62814029999993 1
vertex 111.47374452060484 -64.33550481697581 1
vertex 111.50256659999998 -64.62814029999993 1
endloop
endfacet
facet normal 0 0 1
outer loop
vertex 29.739265099999997 -64.44925969999998 1
vertex 29.768087179395152 -64.15662421697586 1
vertex 28.493613481815107 -64.15662421697586 1
endloop
endfacet
facet normal 0 0 1
outer loop
vertex 29.739265099999997 -64.44925969999998 1
vertex 28.493613481815107 -64.15662421697586 1
vertex 28.37538088275088 -64.44925969999998 1
endloop
endfacet
facet normal 0 0 1
outer loop
vertex 108.53138867939518 -64.33550481697581 1
vertex 108.58565151616686 -64.15662421697586 1
vertex 32.71044302060487 -64.15662421697586 1
endloop
endfacet
facet normal 0 0 1
outer loop
vertex 108.53138867939518 -64.33550481697581 1
vertex 32.71044302060487 -64.15662421697586 1
vertex 32.728061221932236 -64.33550481697581 1
endloop
endfacet
facet normal 0 0 1
outer loop
vertex 108.58565151616686 -64.15662421697586 1
vertex 108.61674730123309 -64.0541151514524 1
vertex 32.67934723553862 -64.0541151514524 1
endloop
endfacet
facet normal 0 0 1
outer loop
vertex 108.58565151616686 -64.15662421697586 1
vertex 32.67934723553862 -64.0541151514524 1
vertex 32.71044302060487 -64.15662421697586 1
endloop
endfacet
facet normal 0 0 1
outer loop
vertex 191.9421936508469 -64.33550481697581 1
vertex 191.89004065710316 -64.0541151514524 1
vertex 111.38838589876693 -64.0541151514524 1
endloop
endfacet
facet normal 0 0 1
outer loop
vertex 191.9421936508469 -64.33550481697581 1
vertex 111.38838589876693 -64.0541151514524 1
vertex 111.47374452060484 -64.33550481697581 1
endloop
endfacet
facet normal 0 0 1
outer loop
vertex 29.768087179395152 -64.15662421697586 1
vertex 29.85344580123308 -63.87523455145234 1
vertex 28.60730246840296 -63.87523455145234 1
endloop
endfacet
facet normal 0 0 1
outer loop
vertex 29.768087179395152 -64.15662421697586 1
vertex 28.60730246840296 -63.87523455145234 1
vertex 28.493613481815107 -64.15662421697586 1
endloop
endfacet
facet normal 0 0 1
outer loop
vertex 108.61674730123309 -64.0541151514524 1
vertex 108.71236097393866 -63.87523455145234 1
vertex 32.62508439876691 -63.87523455145234 1
endloop
endfacet
facet normal 0 0 1
outer loop
vertex 108.61674730123309 -64.0541151514524 1
vertex 32.62508439876691 -63.87523455145234 1
vertex 32.67934723553862 -64.0541151514524 1
endloop
endfacet
facet normal 0 0 1
outer loop
vertex 108.71236097393866 -63.87523455145234 1
vertex 108.75536218154622 -63.79478495047057 1
vertex 32.58208319115936 -63.79478495047057 1
endloop
endfacet
facet normal 0 0 1
outer loop
vertex 108.71236097393866 -63.87523455145234 1
vertex 32.58208319115936 -63.79478495047057 1
vertex 32.62508439876691 -63.87523455145234 1
endloop
endfacet
facet normal 0 0 1
outer loop
vertex 191.89004065710316 -64.0541151514524 1
vertex 191.84197618279416 -63.79478495047057 1
vertex 111.24977101845379 -63.79478495047057 1
endloop
endfacet
facet normal 0 0 1
outer loop
vertex 191.89004065710316 -64.0541151514524 1
vertex 111.24977101845379 -63.79478495047057 1
vertex 111.38838589876693 -64.0541151514524 1
endloop
endfacet
facet normal 0 0 1
outer loop
vertex 29.85344580123308 -63.87523455145234 1
vertex 29.992060681546178 -63.61590435047063 1
vertex 28.76053540407246 -63.61590435047063 1
endloop
endfacet
facet normal 0 0 1
outer loop
vertex 29.85344580123308 -63.87523455145234 1
vertex 28.76053540407246 -63.61590435047063 1
vertex 28.623428647265513 -63.83532092206309 1
endloop
endfacet
facet normal 0 0 1
outer loop
vertex 29.85344580123308 -63.87523455145234 1
vertex 28.623428647265513 -63.83532092206309 1
vertex 28.60730246840296 -63.87523455145234 1
endloop
endfacet
facet normal 0 0 1
outer loop
vertex 108.75536218154622 -63.79478495047057 1
vertex 108.90216569605683 -63.61590435047063 1
vertex 32.48646951845384 -63.61590435047063 1
endloop
endfacet
facet normal 0 0 1
outer loop
vertex 108.75536218154622 -63.79478495047057 1
vertex 32.48646951845384 -63.61590435047063 1
vertex 32.58208319115936 -63.79478495047057 1
endloop
endfacet
facet normal 0 0 1
outer loop
vertex 108.90216569605683 -63.61590435047063 1
vertex 108.94190642822016 -63.567480128220154 1
vertex 32.44672878629051 -63.567480128220154 1
endloop
endfacet
facet normal 0 0 1
outer loop
vertex 108.90216569605683 -63.61590435047063 1
vertex 32.44672878629051 -63.567480128220154 1
vertex 32.48646951845384 -63.61590435047063 1
endloop
endfacet
facet normal 0 0 1
outer loop
vertex 191.84197618279416 -63.79478495047057 1
vertex 191.83612380653028 -63.76320865769816 1
vertex 191.76681230328225 -63.567480128220154 1
endloop
endfacet
facet normal 0 0 1
outer loop
vertex 191.84197618279416 -63.79478495047057 1
vertex 191.76681230328225 -63.567480128220154 1
vertex 111.06322677177978 -63.567480128220154 1
endloop
endfacet
facet normal 0 0 1
outer loop
vertex 191.84197618279416 -63.79478495047057 1
vertex 111.06322677177978 -63.567480128220154 1
vertex 111.24977101845379 -63.79478495047057 1
endloop
endfacet
facet normal 0 0 1
outer loop
vertex 29.992060681546178 -63.61590435047063 1
vertex 30.178604928220167 -63.38859952822017 1
vertex 28.90257128932557 -63.38859952822017 1
endloop
endfacet
facet normal 0 0 1
outer loop
vertex 29.992060681546178 -63.61590435047063 1
vertex 28.90257128932557 -63.38859952822017 1
vertex 28.76053540407246 -63.61590435047063 1
endloop
endfacet
facet normal 0 0 1
outer loop
vertex 108.94190642822016 -63.567480128220154 1
vertex 109.15987306997945 -63.38859952822017 1
vertex 32.29992527177981 -63.38859952822017 1
endloop
endfacet
facet normal 0 0 1
outer loop
vertex 108.94190642822016 -63.567480128220154 1
vertex 32.29992527177981 -63.38859952822017 1
vertex 32.44672878629051 -63.567480128220154 1
endloop
endfacet
facet normal 0 0 1
outer loop
vertex 109.15987306997945 -63.38859952822017 1
vertex 109.16921125047057 -63.38093588154618 1
vertex 32.29058709128869 -63.38093588154618 1
endloop
endfacet
facet normal 0 0 1
outer loop
vertex 109.15987306997945 -63.38859952822017 1
vertex 32.29058709128869 -63.38093588154618 1
vertex 32.29992527177981 -63.38859952822017 1
endloop
endfacet
facet normal 0 0 1
outer loop
vertex 191.76681230328225 -63.567480128220154 1
vertex 191.70075314372218 -63.38093588154618 1
vertex 110.83592194952939 -63.38093588154618 1
endloop
endfacet
facet normal 0 0 1
outer loop
vertex 191.76681230328225 -63.567480128220154 1
vertex 110.83592194952939 -63.38093588154618 1
vertex 111.06322677177978 -63.567480128220154 1
endloop
endfacet
facet normal 0 0 1
outer loop
vertex 109.16921125047057 -63.38093588154618 1
vertex 109.42854145145247 -63.242321001233066 1
vertex 32.121684370928214 -63.242321001233066 1
endloop
endfacet
facet normal 0 0 1
outer loop
vertex 109.16921125047057 -63.38093588154618 1
vertex 32.121684370928214 -63.242321001233066 1
vertex 32.29058709128869 -63.38093588154618 1
endloop
endfacet
facet normal 0 0 1
outer loop
vertex 191.70075314372218 -63.38093588154618 1
vertex 191.65166675987885 -63.242321001233066 1
vertex 110.57659174854763 -63.242321001233066 1
endloop
endfacet
facet normal 0 0 1
outer loop
vertex 191.70075314372218 -63.38093588154618 1
vertex 110.57659174854763 -63.242321001233066 1
vertex 110.83592194952939 -63.38093588154618 1
endloop
endfacet
facet normal 0 0 1
outer loop
vertex 30.178604928220167 -63.38859952822017 1
vertex 30.40590975047067 -63.202055281546194 1
vertex 29.01913712788934 -63.202055281546194 1
endloop
endfacet
facet normal 0 0 1
outer loop
vertex 30.178604928220167 -63.38859952822017 1
vertex 29.01913712788934 -63.202055281546194 1
vertex 28.90257128932557 -63.38859952822017 1
endloop
endfacet
facet normal 0 0 1
outer loop
vertex 109.42854145145247 -63.242321001233066 1
vertex 109.56127974022492 -63.202055281546194 1
vertex 32.072620449529424 -63.202055281546194 1
endloop
endfacet
facet normal 0 0 1
outer loop
vertex 109.42854145145247 -63.242321001233066 1
vertex 32.072620449529424 -63.202055281546194 1
vertex 32.121684370928214 -63.242321001233066 1
endloop
endfacet
facet normal 0 0 1
outer loop
vertex 109.56127974022492 -63.202055281546194 1
vertex 109.70993111697578 -63.156962379395154 1
vertex 31.988257563299122 -63.156962379395154 1
endloop
endfacet
facet normal 0 0 1
outer loop
vertex 109.56127974022492 -63.202055281546194 1
vertex 31.988257563299122 -63.156962379395154 1
vertex 32.072620449529424 -63.202055281546194 1
endloop
endfacet
facet normal 0 0 1
outer loop
vertex 191.65166675987885 -63.242321001233066 1
vertex 191.6214395139554 -63.156962379395154 1
vertex 110.29520208302421 -63.156962379395154 1
endloop
endfacet
facet normal 0 0 1
outer loop
vertex 191.65166675987885 -63.242321001233066 1
vertex 110.29520208302421 -63.156962379395154 1
vertex 110.57659174854763 -63.242321001233066 1
endloop
endfacet
facet normal 0 0 1
outer loop
vertex 109.70993111697578 -63.156962379395154 1
vertex 110.00256659999994 -63.128140299999984 1
vertex 31.934335245396614 -63.128140299999984 1
endloop
endfacet
facet normal 0 0 1
outer loop
vertex 109.70993111697578 -63.156962379395154 1
vertex 31.934335245396614 -63.128140299999984 1
vertex 31.988257563299122 -63.156962379395154 1
endloop
endfacet
facet normal 0 0 1
outer loop
vertex 191.6214395139554 -63.156962379395154 1
vertex 191.61123302206104 -63.128140299999984 1
vertex 110.00256659999994 -63.128140299999984 1
endloop
endfacet
facet normal 0 0 1
outer loop
vertex 191.6214395139554 -63.156962379395154 1
vertex 110.00256659999994 -63.128140299999984 1
vertex 110.29520208302421 -63.156962379395154 1
endloop
endfacet
facet normal 0 0 1
outer loop
vertex 30.40590975047067 -63.202055281546194 1
vertex 30.665239951452264 -63.063440401233066 1
vertex 29.114779705008175 -63.063440401233066 1
endloop
endfacet
facet normal 0 0 1
outer loop
vertex 30.40590975047067 -63.202055281546194 1
vertex 29.114779705008175 -63.063440401233066 1
vertex 29.08528298001943 -63.09619984132246 1
endloop
endfacet
facet normal 0 0 1
outer loop
vertex 30.40590975047067 -63.202055281546194 1
vertex 29.08528298001943 -63.09619984132246 1
vertex 29.01913712788934 -63.202055281546194 1
endloop
endfacet
facet normal 0 0 1
outer loop
vertex 110.00256659999994 -63.128140299999984 1
vertex 191.61123302206104 -63.128140299999984 1
vertex 191.58832145543613 -63.063440401233066 1
endloop
endfacet
facet normal 0 0 1
outer loop
vertex 110.00256659999994 -63.128140299999984 1
vertex 191.58832145543613 -63.063440401233066 1
vertex 31.81329024854762 -63.063440401233066 1
endloop
endfacet
facet normal 0 0 1
outer loop
vertex 110.00256659999994 -63.128140299999984 1
vertex 31.81329024854762 -63.063440401233066 1
vertex 31.934335245396614 -63.128140299999984 1
endloop
endfacet
facet normal 0 0 1
outer loop
vertex 30.665239951452264 -63.063440401233066 1
vertex 30.94662961697584 -62.978081779395154 1
vertex 29.191636934158023 -62.978081779395154 1
endloop
endfacet
facet normal 0 0 1
outer loop
vertex 30.665239951452264 -63.063440401233066 1
vertex 29.191636934158023 -62.978081779395154 1
vertex 29.114779705008175 -63.063440401233066 1
endloop
endfacet
facet normal 0 0 1
outer loop
vertex 191.58832145543613 -63.063440401233066 1
vertex 191.57422051386737 -63.02362079801901 1
vertex 191.5494947339316 -62.978081779395154 1
endloop
endfacet
facet normal 0 0 1
outer loop
vertex 191.58832145543613 -63.063440401233066 1
vertex 191.5494947339316 -62.978081779395154 1
vertex 31.53190058302419 -62.978081779395154 1
endloop
endfacet
facet normal 0 0 1
outer loop
vertex 191.58832145543613 -63.063440401233066 1
vertex 31.53190058302419 -62.978081779395154 1
vertex 31.81329024854762 -63.063440401233066 1
endloop
endfacet
facet normal 0 0 1
outer loop
vertex 30.94662961697584 -62.978081779395154 1
vertex 31.23926510000001 -62.9492597 1
vertex 29.217588444538016 -62.9492597 1
endloop
endfacet
facet normal 0 0 1
outer loop
vertex 30.94662961697584 -62.978081779395154 1
vertex 29.217588444538016 -62.9492597 1
vertex 29.191636934158023 -62.978081779395154 1
endloop
endfacet
facet normal 0 0 1
outer loop
vertex 191.5494947339316 -62.978081779395154 1
vertex 191.53384555189052 -62.9492597 1
vertex 31.23926510000001 -62.9492597 1
endloop
endfacet
facet normal 0 0 1
outer loop
vertex 191.5494947339316 -62.978081779395154 1
vertex 31.23926510000001 -62.9492597 1
vertex 31.53190058302419 -62.978081779395154 1
endloop
endfacet
facet normal 0 0 1
outer loop
vertex 31.23926510000001 -62.9492597 1
vertex 191.53384555189052 -62.9492597 1
vertex 191.19984460420943 -62.334109220769975 1
endloop
endfacet
facet normal 0 0 1
outer loop
vertex 31.23926510000001 -62.9492597 1
vertex 191.19984460420943 -62.334109220769975 1
vertex 190.72221446342033 -61.71165200496927 1
endloop
endfacet
facet normal 0 0 1
outer loop
vertex 31.23926510000001 -62.9492597 1
vertex 190.72221446342033 -61.71165200496927 1
vertex 190.1530909415557 -61.17157612719541 1
endloop
endfacet
facet normal 0 0 1
outer loop
vertex 31.23926510000001 -62.9492597 1
vertex 190.1530909415557 -61.17157612719541 1
vertex 189.5064877614364 -60.72718006020986 1
endloop
endfacet
facet normal 0 0 1
outer loop
vertex 31.23926510000001 -62.9492597 1
vertex 189.5064877614364 -60.72718006020986 1
vertex 189.29624754671497 -60.62690117897964 1
endloop
endfacet
facet normal 0 0 1
outer loop
vertex 31.23926510000001 -62.9492597 1
vertex 189.29624754671497 -60.62690117897964 1
vertex 42.0753793736649 -60.62690117897964 1
endloop
endfacet
facet normal 0 0 1
outer loop
vertex 31.23926510000001 -62.9492597 1
vertex 42.0753793736649 -60.62690117897964 1
vertex 32.81677470000011 -61.1121258 1
endloop
endfacet
facet normal 0 0 1
outer loop
vertex 31.23926510000001 -62.9492597 1
vertex 32.81677470000011 -61.1121258 1
vertex 31.953698716986707 -61.23342629519226 1
endloop
endfacet
facet normal 0 0 1
outer loop
vertex 31.23926510000001 -62.9492597 1
vertex 31.953698716986707 -61.23342629519226 1
vertex 31.12480026546143 -61.502752776878836 1
endloop
endfacet
facet normal 0 0 1
outer loop
vertex 31.23926510000001 -62.9492597 1
vertex 31.12480026546143 -61.502752776878836 1
vertex 30.35526255753078 -61.91192402800925 1
endloop
endfacet
facet normal 0 0 1
outer loop
vertex 31.23926510000001 -62.9492597 1
vertex 30.35526255753078 -61.91192402800925 1
vertex 29.668467516156483 -62.44850763549515 1
endloop
endfacet
facet normal 0 0 1
outer loop
vertex 31.23926510000001 -62.9492597 1
vertex 29.668467516156483 -62.44850763549515 1
vertex 29.217588444538016 -62.9492597 1
endloop
endfacet
facet normal 0 0 1
outer loop
vertex 189.29624754671497 -60.62690117897964 1
vertex 189.25514531377382 -60.607296528457084 1
vertex 42.32738576862181 -60.607296528457084 1
endloop
endfacet
facet normal 0 0 1
outer loop
vertex 189.29624754671497 -60.62690117897964 1
vertex 42.32738576862181 -60.607296528457084 1
vertex 42.0753793736649 -60.62690117897964 1
endloop
endfacet
facet normal 0 0 1
outer loop
vertex 189.25514531377382 -60.607296528457084 1
vertex 188.79832645396561 -60.38940632012026 1
vertex 188.04604431683737 -60.166572025070494 1
endloop
endfacet
facet normal 0 0 1
outer loop
vertex 189.25514531377382 -60.607296528457084 1
vertex 188.04604431683737 -60.166572025070494 1
vertex 187.26816504999994 -60.0641641 1
endloop
endfacet
facet normal 0 0 1
outer loop
vertex 189.25514531377382 -60.607296528457084 1
vertex 187.26816504999994 -60.0641641 1
vertex 177.97094870000006 -59.5769136 1
endloop
endfacet
facet normal 0 0 1
outer loop
vertex 189.25514531377382 -60.607296528457084 1
vertex 177.97094870000006 -59.5769136 1
vertex 54.93624880919498 -59.5769136 1
endloop
endfacet
facet normal 0 0 1
outer loop
vertex 189.25514531377382 -60.607296528457084 1
vertex 54.93624880919498 -59.5769136 1
vertex 42.57807874732944 -60.57498235795933 1
endloop
endfacet
facet normal 0 0 1
outer loop
vertex 189.25514531377382 -60.607296528457084 1
vertex 42.57807874732944 -60.57498235795933 1
vertex 42.32738576862181 -60.607296528457084 1
endloop
endfacet
facet normal 0 0 1
outer loop
vertex 177.97094870000006 -59.5769136 1
vertex 177.75723774142972 -59.56111300813697 1
vertex 55.13189304689325 -59.56111300813697 1
endloop
endfacet
facet normal 0 0 1
outer loop
vertex 177.97094870000006 -59.5769136 1
vertex 55.13189304689325 -59.56111300813697 1
vertex 54.93624880919498 -59.5769136 1
endloop
endfacet
facet normal 0 0 1
outer loop
vertex 177.75723774142972 -59.56111300813697 1
vertex 177.5444043499998 -59.53617179999998 1
vertex 110.02331310305814 -55.127980014836 1
endloop
endfacet
facet normal 0 0 1
outer loop
vertex 177.75723774142972 -59.56111300813697 1
vertex 110.02331310305814 -55.127980014836 1
vertex 55.13189304689325 -59.56111300813697 1
endloop
endfacet
facet normal 0.06514745472109951 0.9978756481362607 0
outer loop
vertex 110.02331310305814 -55.127980014836 1
vertex 177.5444043499998 -59.53617179999998 1
vertex 177.54440434999984 -59.53617179999998 0
endloop
endfacet
facet normal 0.06514745472109951 0.9978756481362607 0
outer loop
vertex 110.02331310305814 -55.127980014836 1
vertex 177.54440434999984 -59.53617179999998 0
vertex 110.0233131030581 -55.127980014836 0
endloop
endfacet
facet normal 0 0 -1
outer loop
vertex 42.57807874732944 -60.57498235795933 1
vertex 54.93624880919498 -59.5769136 1
vertex 55.13189304689325 -59.56111300813697 1
endloop
endfacet
facet normal 0 0 -1
outer loop
vertex 42.57807874732944 -60.57498235795933 1
vertex 55.13189304689325 -59.56111300813697 1
vertex 110.02331310305814 -55.127980014836 1
endloop
endfacet
facet normal 0 0 -1
outer loop
vertex 42.57807874732944 -60.57498235795933 1
vertex 110.02331310305814 -55.127980014836 1
vertex 110.0233131030581 -55.127980014836 0
endloop
endfacet
facet normal 0 0 -1
outer loop
vertex 42.57807874732944 -60.57498235795933 1
vertex 110.0233131030581 -55.127980014836 0
vertex 55.13189304689291 -59.561113008136985 0
endloop
endfacet
facet normal 0 0 -1
outer loop
vertex 42.57807874732944 -60.57498235795933 1
vertex 55.13189304689291 -59.561113008136985 0
vertex 54.93624880919482 -59.5769136 0
endloop
endfacet
facet normal 0 0 -1
outer loop
vertex 42.57807874732944 -60.57498235795933 1
vertex 54.93624880919482 -59.5769136 0
vertex 42.57807874732974 -60.5749823579593 0
endloop
endfacet
facet normal -0.12784171081835896 0.9917945840621611 0
outer loop
vertex 42.32738576862181 -60.607296528457084 1
vertex 42.57807874732944 -60.57498235795933 1
vertex 42.57807874732974 -60.5749823579593 0
endloop
endfacet
facet normal -0.12784171081835896 0.9917945840621611 0
outer loop
vertex 42.32738576862181 -60.607296528457084 1
vertex 42.57807874732974 -60.5749823579593 0
vertex 42.32738576862211 -60.607296528457056 0
endloop
endfacet
facet normal -0.07755991784080153 0.9969876925742505 0
outer loop
vertex 42.0753793736649 -60.62690117897964 1
vertex 42.32738576862181 -60.607296528457084 1
vertex 42.32738576862211 -60.607296528457056 0
endloop
endfacet
facet normal -0.07755991784080153 0.9969876925742505 0
outer loop
vertex 42.0753793736649 -60.62690117897964 1
vertex 42.32738576862211 -60.607296528457056 0
vertex 42.075379373664525 -60.626901178979665 0
endloop
endfacet
facet normal -0.05233614026525404 0.9986295251103563 0
outer loop
vertex 32.81677470000011 -61.1121258 1
vertex 42.0753793736649 -60.62690117897964 1
vertex 42.075379373664525 -60.626901178979665 0
endloop
endfacet
facet normal -0.05233614026525404 0.9986295251103563 0
outer loop
vertex 32.81677470000011 -61.1121258 1
vertex 42.075379373664525 -60.626901178979665 0
vertex 32.81677470000008 -61.1121258 0
endloop
endfacet
facet normal -0.13917656205389045 0.9902675823103873 0
outer loop
vertex 31.953698716986707 -61.23342629519226 1
vertex 32.81677470000011 -61.1121258 1
vertex 32.81677470000008 -61.1121258 0
endloop
endfacet
facet normal -0.13917656205389045 0.9902675823103873 0
outer loop
vertex 31.953698716986707 -61.23342629519226 1
vertex 32.81677470000008 -61.1121258 0
vertex 31.953698716986736 -61.233426295192245 0
endloop
endfacet
facet normal -0.3090180826307996 0.9510561626987043 0
outer loop
vertex 31.12480026546143 -61.502752776878836 1
vertex 31.953698716986707 -61.23342629519226 1
vertex 31.953698716986736 -61.233426295192245 0
endloop
endfacet
facet normal -0.3090180826307996 0.9510561626987043 0
outer loop
vertex 31.12480026546143 -61.502752776878836 1
vertex 31.953698716986736 -61.233426295192245 0
vertex 31.124800265461474 -61.50275277687882 0
endloop
endfacet
facet normal -0.4694722728346516 0.8829472153189377 0
outer loop
vertex 30.35526255753078 -61.91192402800925 1
vertex 31.12480026546143 -61.502752776878836 1
vertex 31.124800265461474 -61.50275277687882 0
endloop
endfacet
facet normal -0.4694722728346516 0.8829472153189377 0
outer loop
vertex 30.35526255753078 -61.91192402800925 1
vertex 31.124800265461474 -61.50275277687882 0
vertex 30.355262557530736 -61.91192402800928 0
endloop
endfacet
facet normal -0.6156618410414858 0.788010467878066 0
outer loop
vertex 29.668467516156483 -62.44850763549515 1
vertex 30.35526255753078 -61.91192402800925 1
vertex 30.355262557530736 -61.91192402800928 0
endloop
endfacet
facet normal -0.6156618410414858 0.788010467878066 0
outer loop
vertex 29.668467516156483 -62.44850763549515 1
vertex 30.355262557530736 -61.91192402800928 0
vertex 29.66846751615644 -62.448507635495176 0
endloop
endfacet
facet normal 0 0 1
outer loop
vertex 29.08528298001943 -63.09619984132246 1
vertex 29.114779705008175 -63.063440401233066 1
vertex 29.191636934158023 -62.978081779395154 1
endloop
endfacet
facet normal 0 0 1
outer loop
vertex 29.08528298001943 -63.09619984132246 1
vertex 29.191636934158023 -62.978081779395154 1
vertex 29.217588444538016 -62.9492597 1
endloop
endfacet
facet normal 0 0 1
outer loop
vertex 29.08528298001943 -63.09619984132246 1
vertex 29.217588444538016 -62.9492597 1
vertex 29.668467516156483 -62.44850763549515 1
endloop
endfacet
facet normal 0 0 1
outer loop
vertex 29.08528298001943 -63.09619984132246 1
vertex 29.668467516156483 -62.44850763549515 1
vertex 29.66846751615644 -62.448507635495176 0
endloop
endfacet
facet normal 0 0 1
outer loop
vertex 29.08528298001943 -63.09619984132246 1
vertex 29.66846751615644 -62.448507635495176 0
vertex 29.217588444538006 -62.9492597 0
endloop
endfacet
facet normal 0 0 1
outer loop
vertex 29.08528298001943 -63.09619984132246 1
vertex 29.217588444538006 -62.9492597 0
vertex 29.19163693415801 -62.978081779395154 0
endloop
endfacet
facet normal 0 0 1
outer loop
vertex 29.08528298001943 -63.09619984132246 1
vertex 29.19163693415801 -62.978081779395154 0
vertex 29.11477970500816 -63.063440401233066 0
endloop
endfacet
facet normal 0 0 1
outer loop
vertex 29.08528298001943 -63.09619984132246 1
vertex 29.11477970500816 -63.063440401233066 0
vertex 29.085282980019443 -63.09619984132243 0
endloop
endfacet
facet normal 0 0 1
outer loop
vertex 28.623428647265513 -63.83532092206309 1
vertex 28.76053540407246 -63.61590435047063 1
vertex 28.90257128932557 -63.38859952822017 1
endloop
endfacet
facet normal 0 0 1
outer loop
vertex 28.623428647265513 -63.83532092206309 1
vertex 28.90257128932557 -63.38859952822017 1
vertex 29.01913712788934 -63.202055281546194 1
endloop
endfacet
facet normal 0 0 1
outer loop
vertex 28.623428647265513 -63.83532092206309 1
vertex 29.01913712788934 -63.202055281546194 1
vertex 29.08528298001943 -63.09619984132246 1
endloop
endfacet
facet normal 0 0 1
outer loop
vertex 28.623428647265513 -63.83532092206309 1
vertex 29.08528298001943 -63.09619984132246 1
vertex 29.085282980019443 -63.09619984132243 0
endloop
endfacet
facet normal 0 0 1
outer loop
vertex 28.623428647265513 -63.83532092206309 1
vertex 29.085282980019443 -63.09619984132243 0
vertex 29.01913712788934 -63.202055281546194 0
endloop
endfacet
facet normal 0 0 1
outer loop
vertex 28.623428647265513 -63.83532092206309 1
vertex 29.01913712788934 -63.202055281546194 0
vertex 28.90257128932557 -63.38859952822017 0
endloop
endfacet
facet normal 0 0 1
outer loop
vertex 28.623428647265513 -63.83532092206309 1
vertex 28.90257128932557 -63.38859952822017 0
vertex 28.760535404072478 -63.6159043504706 0
endloop
endfacet
facet normal 0 0 1
outer loop
vertex 28.623428647265513 -63.83532092206309 1
vertex 28.760535404072478 -63.6159043504706 0
vertex 28.623428647265513 -63.83532092206312 0
endloop
endfacet
facet normal 0 0 1
outer loop
vertex 28.29693767353696 -64.6434131449886 1
vertex 28.37538088275088 -64.44925969999998 1
vertex 28.493613481815107 -64.15662421697586 1
endloop
endfacet
facet normal 0 0 1
outer loop
vertex 28.29693767353696 -64.6434131449886 1
vertex 28.493613481815107 -64.15662421697586 1
vertex 28.60730246840296 -63.87523455145234 1
endloop
endfacet
facet normal 0 0 1
outer loop
vertex 28.29693767353696 -64.6434131449886 1
vertex 28.60730246840296 -63.87523455145234 1
vertex 28.623428647265513 -63.83532092206309 1
endloop
endfacet
facet normal 0 0 1
outer loop
vertex 28.29693767353696 -64.6434131449886 1
vertex 28.623428647265513 -63.83532092206309 1
vertex 28.623428647265513 -63.83532092206312 0
endloop
endfacet
facet normal 0 0 1
outer loop
vertex 28.29693767353696 -64.6434131449886 1
vertex 28.623428647265513 -63.83532092206312 0
vertex 28.607302468402956 -63.875234551452365 0
endloop
endfacet
facet normal 0 0 1
outer loop
vertex 28.29693767353696 -64.6434131449886 1
vertex 28.607302468402956 -63.875234551452365 0
vertex 28.493613481815128 -64.15662421697581 0
endloop
endfacet
facet normal 0 0 1
outer loop
vertex 28.29693767353696 -64.6434131449886 1
vertex 28.493613481815128 -64.15662421697581 0
vertex 28.375380882750882 -64.44925969999997 0
endloop
endfacet
facet normal 0 0 1
outer loop
vertex 28.29693767353696 -64.6434131449886 1
vertex 28.375380882750882 -64.44925969999997 0
vertex 28.296937673536974 -64.64341314498854 0
endloop
endfacet
facet normal 0 0 -1
outer loop
vertex 28.1157302832968 -65.49592313226216 1
vertex 28.161070515747042 -65.2826150495294 1
vertex 28.216193094522513 -65.02328484854765 1
endloop
endfacet
facet normal 0 0 -1
outer loop
vertex 28.1157302832968 -65.49592313226216 1
vertex 28.216193094522513 -65.02328484854765 1
vertex 28.2760045778966 -64.74189518302418 1
endloop
endfacet
facet normal 0 0 -1
outer loop
vertex 28.1157302832968 -65.49592313226216 1
vertex 28.2760045778966 -64.74189518302418 1
vertex 28.29693767353696 -64.6434131449886 1
endloop
endfacet
facet normal 0 0 -1
outer loop
vertex 28.1157302832968 -65.49592313226216 1
vertex 28.29693767353696 -64.6434131449886 1
vertex 28.296937673536974 -64.64341314498854 0
endloop
endfacet
facet normal 0 0 -1
outer loop
vertex 28.1157302832968 -65.49592313226216 1
vertex 28.296937673536974 -64.64341314498854 0
vertex 28.2760045778966 -64.74189518302418 0
endloop
endfacet
facet normal 0 0 -1
outer loop
vertex 28.1157302832968 -65.49592313226216 1
vertex 28.2760045778966 -64.74189518302418 0
vertex 28.216193094522513 -65.02328484854765 0
endloop
endfacet
facet normal 0 0 -1
outer loop
vertex 28.1157302832968 -65.49592313226216 1
vertex 28.216193094522513 -65.02328484854765 0
vertex 28.161070515747042 -65.28261504952941 0
endloop
endfacet
facet normal 0 0 -1
outer loop
vertex 28.1157302832968 -65.49592313226216 1
vertex 28.161070515747042 -65.28261504952941 0
vertex 28.1157302832968 -65.49592313226218 0
endloop
endfacet
facet normal 0 0 1
outer loop
vertex 28.085312349999995 -66.36694789999997 1
vertex 28.093651990750324 -66.1281403 1
vertex 28.09465851561734 -66.09931822060484 1
endloop
endfacet
facet normal 0 0 1
outer loop
vertex 28.085312349999995 -66.36694789999997 1
vertex 28.09465851561734 -66.09931822060484 1
vertex 28.097639410032222 -66.01395959876693 1
endloop
endfacet
facet normal 0 0 1
outer loop
vertex 28.085312349999995 -66.36694789999997 1
vertex 28.097639410032222 -66.01395959876693 1
vertex 28.099898860369226 -65.94925970000001 1
endloop
endfacet
facet normal 0 0 1
outer loop
vertex 28.085312349999995 -66.36694789999997 1
vertex 28.099898860369226 -65.94925970000001 1
vertex 28.100905385236246 -65.92043762060486 1
endloop
endfacet
facet normal 0 0 1
outer loop
vertex 28.085312349999995 -66.36694789999997 1
vertex 28.100905385236246 -65.92043762060486 1
vertex 28.103886279651125 -65.83507899876693 1
endloop
endfacet
facet normal 0 0 1
outer loop
vertex 28.085312349999995 -66.36694789999997 1
vertex 28.103886279651125 -65.83507899876693 1
vertex 28.108726989513208 -65.69646411845383 1
endloop
endfacet
facet normal 0 0 1
outer loop
vertex 28.085312349999995 -66.36694789999997 1
vertex 28.108726989513208 -65.69646411845383 1
vertex 28.115241489057198 -65.50991987177977 1
endloop
endfacet
facet normal 0 0 1
outer loop
vertex 28.085312349999995 -66.36694789999997 1
vertex 28.115241489057198 -65.50991987177977 1
vertex 28.1157302832968 -65.49592313226216 1
endloop
endfacet
facet normal 0 0 1
outer loop
vertex 28.085312349999995 -66.36694789999997 1
vertex 28.1157302832968 -65.49592313226216 1
vertex 28.1157302832968 -65.49592313226218 0
endloop
endfacet
facet normal 0 0 1
outer loop
vertex 28.085312349999995 -66.36694789999997 1
vertex 28.1157302832968 -65.49592313226218 0
vertex 28.115241489057198 -65.50991987177977 0
endloop
endfacet
facet normal 0 0 1
outer loop
vertex 28.085312349999995 -66.36694789999997 1
vertex 28.115241489057198 -65.50991987177977 0
vertex 28.108726989513208 -65.69646411845382 0
endloop
endfacet
facet normal 0 0 1
outer loop
vertex 28.085312349999995 -66.36694789999997 1
vertex 28.108726989513208 -65.69646411845382 0
vertex 28.103886279651125 -65.83507899876693 0
endloop
endfacet
facet normal 0 0 1
outer loop
vertex 28.085312349999995 -66.36694789999997 1
vertex 28.103886279651125 -65.83507899876693 0
vertex 28.100905385236246 -65.92043762060486 0
endloop
endfacet
facet normal 0 0 1
outer loop
vertex 28.085312349999995 -66.36694789999997 1
vertex 28.100905385236246 -65.92043762060486 0
vertex 28.099898860369226 -65.94925970000001 0
endloop
endfacet
facet normal 0 0 1
outer loop
vertex 28.085312349999995 -66.36694789999997 1
vertex 28.099898860369226 -65.94925970000001 0
vertex 28.097639410032222 -66.0139595987669 0
endloop
endfacet
facet normal 0 0 1
outer loop
vertex 28.085312349999995 -66.36694789999997 1
vertex 28.097639410032222 -66.0139595987669 0
vertex 28.09465851561734 -66.09931822060486 0
endloop
endfacet
facet normal 0 0 1
outer loop
vertex 28.085312349999995 -66.36694789999997 1
vertex 28.09465851561734 -66.09931822060486 0
vertex 28.093651990750324 -66.1281403 0
endloop
endfacet
facet normal 0 0 1
outer loop
vertex 28.085312349999995 -66.36694789999997 1
vertex 28.093651990750324 -66.1281403 0
vertex 28.085312349999995 -66.36694789999994 0
endloop
endfacet
facet normal 0 0 1
outer loop
vertex 33.2675828 -165.25066510000016 1
vertex 33.244364023145536 -164.80762396844233 1
vertex 33.212661290887375 -164.20269915000037 1
endloop
endfacet
facet normal 0 0 1
outer loop
vertex 33.2675828 -165.25066510000016 1
vertex 33.212661290887375 -164.20269915000037 1
vertex 28.51946151640416 -74.65101639999999 1
endloop
endfacet
facet normal 0 0 1
outer loop
vertex 33.2675828 -165.25066510000016 1
vertex 28.51946151640416 -74.65101639999999 1
vertex 28.517951016853917 -74.62219432060483 1
endloop
endfacet
facet normal 0 0 1
outer loop
vertex 33.2675828 -165.25066510000016 1
vertex 28.517951016853917 -74.62219432060483 1
vertex 28.513477565853805 -74.53683569876696 1
endloop
endfacet
facet normal 0 0 1
outer loop
vertex 33.2675828 -165.25066510000016 1
vertex 28.513477565853805 -74.53683569876696 1
vertex 28.506213075617012 -74.39822081845382 1
endloop
endfacet
facet normal 0 0 1
outer loop
vertex 33.2675828 -165.25066510000016 1
vertex 28.506213075617012 -74.39822081845382 1
vertex 28.496436716429375 -74.21167657177986 1
endloop
endfacet
facet normal 0 0 1
outer loop
vertex 33.2675828 -165.25066510000016 1
vertex 28.496436716429375 -74.21167657177986 1
vertex 28.484524188291815 -73.98437174952929 1
endloop
endfacet
facet normal 0 0 1
outer loop
vertex 33.2675828 -165.25066510000016 1
vertex 28.484524188291815 -73.98437174952929 1
vertex 28.47093328298006 -73.72504154854765 1
endloop
endfacet
facet normal 0 0 1
outer loop
vertex 33.2675828 -165.25066510000016 1
vertex 28.47093328298006 -73.72504154854765 1
vertex 28.456186291363352 -73.4436518830243 1
endloop
endfacet
facet normal 0 0 1
outer loop
vertex 33.2675828 -165.25066510000016 1
vertex 28.456186291363352 -73.4436518830243 1
vertex 28.44084993205931 -73.15101639999995 1
endloop
endfacet
facet normal 0 0 1
outer loop
vertex 33.2675828 -165.25066510000016 1
vertex 28.44084993205931 -73.15101639999995 1
vertex 28.42551357275528 -72.85838091697579 1
endloop
endfacet
facet normal 0 0 1
outer loop
vertex 33.2675828 -165.25066510000016 1
vertex 28.42551357275528 -72.85838091697579 1
vertex 28.410766581138567 -72.57699125145231 1
endloop
endfacet
facet normal 0 0 1
outer loop
vertex 33.2675828 -165.25066510000016 1
vertex 28.410766581138567 -72.57699125145231 1
vertex 28.397175675826816 -72.31766105047079 1
endloop
endfacet
facet normal 0 0 1
outer loop
vertex 33.2675828 -165.25066510000016 1
vertex 28.397175675826816 -72.31766105047079 1
vertex 28.38526314768925 -72.09035622822013 1
endloop
endfacet
facet normal 0 0 1
outer loop
vertex 33.2675828 -165.25066510000016 1
vertex 28.38526314768925 -72.09035622822013 1
vertex 28.37548678850161 -71.90381198154617 1
endloop
endfacet
facet normal 0 0 1
outer loop
vertex 33.2675828 -165.25066510000016 1
vertex 28.37548678850161 -71.90381198154617 1
vertex 28.368222298264822 -71.76519710123306 1
endloop
endfacet
facet normal 0 0 1
outer loop
vertex 33.2675828 -165.25066510000016 1
vertex 28.368222298264822 -71.76519710123306 1
vertex 28.36374884726471 -71.67983847939516 1
endloop
endfacet
facet normal 0 0 1
outer loop
vertex 33.2675828 -165.25066510000016 1
vertex 28.36374884726471 -71.67983847939516 1
vertex 28.362238347714467 -71.6510164 1
endloop
endfacet
facet normal 0 0 1
outer loop
vertex 33.2675828 -165.25066510000016 1
vertex 28.362238347714467 -71.6510164 1
vertex 28.085312349999995 -66.36694789999997 1
endloop
endfacet
facet normal 0 0 1
outer loop
vertex 33.2675828 -165.25066510000016 1
vertex 28.085312349999995 -66.36694789999997 1
vertex 28.085312349999995 -66.36694789999994 0
endloop
endfacet
facet normal 0 0 1
outer loop
vertex 33.2675828 -165.25066510000016 1
vertex 28.085312349999995 -66.36694789999994 0
vertex 28.36223834771448 -71.6510164 0
endloop
endfacet
facet normal 0 0 1
outer loop
vertex 33.2675828 -165.25066510000016 1
vertex 28.36223834771448 -71.6510164 0
vertex 28.363748847264723 -71.67983847939514 0
endloop
endfacet
facet normal 0 0 1
outer loop
vertex 33.2675828 -165.25066510000016 1
vertex 28.363748847264723 -71.67983847939514 0
vertex 28.368222298264836 -71.76519710123304 0
endloop
endfacet
facet normal 0 0 1
outer loop
vertex 33.2675828 -165.25066510000016 1
vertex 28.368222298264836 -71.76519710123304 0
vertex 28.375486788501632 -71.90381198154623 0
endloop
endfacet
facet normal 0 0 1
outer loop
vertex 33.2675828 -165.25066510000016 1
vertex 28.375486788501632 -71.90381198154623 0
vertex 28.38526314768927 -72.09035622822016 0
endloop
endfacet
facet normal 0 0 1
outer loop
vertex 33.2675828 -165.25066510000016 1
vertex 28.38526314768927 -72.09035622822016 0
vertex 28.397175675826833 -72.3176610504708 0
endloop
endfacet
facet normal 0 0 1
outer loop
vertex 33.2675828 -165.25066510000016 1
vertex 28.397175675826833 -72.3176610504708 0
vertex 28.41076658113858 -72.57699125145233 0
endloop
endfacet
facet normal 0 0 1
outer loop
vertex 33.2675828 -165.25066510000016 1
vertex 28.41076658113858 -72.57699125145233 0
vertex 28.42551357275529 -72.8583809169757 0
endloop
endfacet
facet normal 0 0 1
outer loop
vertex 33.2675828 -165.25066510000016 1
vertex 28.42551357275529 -72.8583809169757 0
vertex 28.440849932059333 -73.15101640000006 0
endloop
endfacet
facet normal 0 0 1
outer loop
vertex 33.2675828 -165.25066510000016 1
vertex 28.440849932059333 -73.15101640000006 0
vertex 28.45618629136336 -73.4436518830241 0
endloop
endfacet
facet normal 0 0 1
outer loop
vertex 33.2675828 -165.25066510000016 1
vertex 28.45618629136336 -73.4436518830241 0
vertex 28.47093328298008 -73.72504154854775 0
endloop
endfacet
facet normal 0 0 1
outer loop
vertex 33.2675828 -165.25066510000016 1
vertex 28.47093328298008 -73.72504154854775 0
vertex 28.48452418829183 -73.98437174952927 0
endloop
endfacet
facet normal 0 0 1
outer loop
vertex 33.2675828 -165.25066510000016 1
vertex 28.48452418829183 -73.98437174952927 0
vertex 28.496436716429397 -74.21167657177993 0
endloop
endfacet
facet normal 0 0 1
outer loop
vertex 33.2675828 -165.25066510000016 1
vertex 28.496436716429397 -74.21167657177993 0
vertex 28.506213075617026 -74.39822081845377 0
endloop
endfacet
facet normal 0 0 1
outer loop
vertex 33.2675828 -165.25066510000016 1
vertex 28.506213075617026 -74.39822081845377 0
vertex 28.513477565853822 -74.53683569876698 0
endloop
endfacet
facet normal 0 0 1
outer loop
vertex 33.2675828 -165.25066510000016 1
vertex 28.513477565853822 -74.53683569876698 0
vertex 28.517951016853935 -74.62219432060485 0
endloop
endfacet
facet normal 0 0 1
outer loop
vertex 33.2675828 -165.25066510000016 1
vertex 28.517951016853935 -74.62219432060485 0
vertex 28.519461516404178 -74.6510164 0
endloop
endfacet
facet normal 0 0 1
outer loop
vertex 33.2675828 -165.25066510000016 1
vertex 28.519461516404178 -74.6510164 0
vertex 33.21266129088738 -164.20269915000026 0
endloop
endfacet
facet normal 0 0 1
outer loop
vertex 33.2675828 -165.25066510000016 1
vertex 33.21266129088738 -164.20269915000026 0
vertex 33.24436402314555 -164.80762396844239 0
endloop
endfacet
facet normal 0 0 1
outer loop
vertex 33.2675828 -165.25066510000016 1
vertex 33.24436402314555 -164.80762396844239 0
vertex 33.26758280000001 -165.2506651 0
endloop
endfacet
facet normal 0 0 -1
outer loop
vertex 33.2626400347213 -165.85558736844234 1
vertex 33.2663011161256 -165.4075244839708 1
vertex 33.2675828 -165.25066510000016 1
endloop
endfacet
facet normal 0 0 -1
outer loop
vertex 33.2626400347213 -165.85558736844234 1
vertex 33.2675828 -165.25066510000016 1
vertex 33.26758280000001 -165.2506651 0
endloop
endfacet
facet normal 0 0 -1
outer loop
vertex 33.2626400347213 -165.85558736844234 1
vertex 33.26758280000001 -165.2506651 0
vertex 33.2663011161256 -165.40752448397092 0
endloop
endfacet
facet normal 0 0 -1
outer loop
vertex 33.2626400347213 -165.85558736844234 1
vertex 33.2663011161256 -165.40752448397092 0
vertex 33.2626400347213 -165.85558736844237 0
endloop
endfacet
facet normal 0 0 1
outer loop
vertex 33.18467963113869 -166.45548788397105 1
vertex 33.24470214860089 -165.99361830000018 1
vertex 33.2626400347213 -165.85558736844234 1
endloop
endfacet
facet normal 0 0 1
outer loop
vertex 33.18467963113869 -166.45548788397105 1
vertex 33.2626400347213 -165.85558736844234 1
vertex 33.2626400347213 -165.85558736844237 0
endloop
endfacet
facet normal 0 0 1
outer loop
vertex 33.18467963113869 -166.45548788397105 1
vertex 33.2626400347213 -165.85558736844237 0
vertex 33.244702148600936 -165.9936182999998 0
endloop
endfacet
facet normal 0 0 1
outer loop
vertex 33.18467963113869 -166.45548788397105 1
vertex 33.244702148600936 -165.9936182999998 0
vertex 33.18467963113871 -166.45548788397102 0
endloop
endfacet
facet normal -0.9688395903796803 0.24768901492180362 0
outer loop
vertex 33.034841399999934 -167.04158255000024 1
vertex 33.18467963113869 -166.45548788397105 1
vertex 33.18467963113871 -166.45548788397102 0
endloop
endfacet
facet normal -0.9688395903796803 0.24768901492180362 0
outer loop
vertex 33.034841399999934 -167.04158255000024 1
vertex 33.18467963113871 -166.45548788397102 0
vertex 33.034841399999955 -167.04158255000016 0
endloop
endfacet
facet normal -0.9520804066990805 0.3058478366438345 0
outer loop
vertex 26.726839099999992 -186.67790060000002 1
vertex 33.034841399999934 -167.04158255000024 1
vertex 33.034841399999955 -167.04158255000016 0
endloop
endfacet
facet normal -0.9520804066990805 0.3058478366438345 0
outer loop
vertex 26.726839099999992 -186.67790060000002 1
vertex 33.034841399999955 -167.04158255000016 0
vertex 26.726839100000035 -186.6779005999999 0
endloop
endfacet
facet normal -0.9697585933226731 0.24406611947755147 0
outer loop
vertex 26.57008030078066 -187.30075719700454 1
vertex 26.726839099999992 -186.67790060000002 1
vertex 26.726839100000035 -186.6779005999999 0
endloop
endfacet
facet normal -0.9697585933226731 0.24406611947755147 0
outer loop
vertex 26.57008030078066 -187.30075719700454 1
vertex 26.726839100000035 -186.6779005999999 0
vertex 26.570080300780674 -187.30075719700451 0
endloop
endfacet
facet normal -0.9930442570665555 0.11774168126510183 0
outer loop
vertex 26.49445769166708 -187.93856529416902 1
vertex 26.57008030078066 -187.30075719700454 1
vertex 26.570080300780674 -187.30075719700451 0
endloop
endfacet
facet normal -0.9930442570665555 0.11774168126510183 0
outer loop
vertex 26.49445769166708 -187.93856529416902 1
vertex 26.570080300780674 -187.30075719700451 0
vertex 26.49445769166708 -187.93856529416905 0
endloop
endfacet
facet normal -0.9999445793869307 -0.010527970112718778 0
outer loop
vertex 26.501219550000002 -188.58080530000004 1
vertex 26.49445769166708 -187.93856529416902 1
vertex 26.49445769166708 -187.93856529416905 0
endloop
endfacet
facet normal -0.9999445793869307 -0.010527970112718778 0
outer loop
vertex 26.501219550000002 -188.58080530000004 1
vertex 26.49445769166708 -187.93856529416905 0
vertex 26.501219550000002 -188.58080530000007 0
endloop
endfacet
facet normal -0.9972034428017782 -0.07473482230045647 0
outer loop
vertex 28.099367200000003 -209.90524670000005 1
vertex 26.501219550000002 -188.58080530000004 1
vertex 26.501219550000002 -188.58080530000007 0
endloop
endfacet
facet normal -0.9972034428017782 -0.07473482230045647 0
outer loop
vertex 28.099367200000003 -209.90524670000005 1
vertex 26.501219550000002 -188.58080530000007 0
vertex 28.099367200000003 -209.9052467 0
endloop
endfacet
facet normal -0.9890779377477572 -0.1473934634257703 0
outer loop
vertex 28.20706481033784 -210.62794720419825 1
vertex 28.099367200000003 -209.90524670000005 1
vertex 28.099367200000003 -209.9052467 0
endloop
endfacet
facet normal -0.9890779377477572 -0.1473934634257703 0
outer loop
vertex 28.20706481033784 -210.62794720419825 1
vertex 28.099367200000003 -209.9052467 0
vertex 28.207064810337855 -210.62794720419828 0
endloop
endfacet
facet normal -0.9570332799368171 -0.2899781045068369 0
outer loop
vertex 28.418947430348368 -211.32723696311004 1
vertex 28.20706481033784 -210.62794720419825 1
vertex 28.207064810337855 -210.62794720419828 0
endloop
endfacet
facet normal -0.9570332799368171 -0.2899781045068369 0
outer loop
vertex 28.418947430348368 -211.32723696311004 1
vertex 28.207064810337855 -210.62794720419828 0
vertex 28.418947430348354 -211.32723696310995 0
endloop
endfacet
facet normal 0 0 1
outer loop
vertex 28.730486491310316 -211.9881785831313 1
vertex 28.64753120550725 -211.8121858815461 1
vertex 28.58219419488494 -211.67357100123314 1
endloop
endfacet
facet normal 0 0 1
outer loop
vertex 28.730486491310316 -211.9881785831313 1
vertex 28.58219419488494 -211.67357100123314 1
vertex 28.541959862400994 -211.58821237939515 1
endloop
endfacet
facet normal 0 0 1
outer loop
vertex 28.730486491310316 -211.9881785831313 1
vertex 28.541959862400994 -211.58821237939515 1
vertex 28.52837439088923 -211.5593903 1
endloop
endfacet
facet normal 0 0 1
outer loop
vertex 28.730486491310316 -211.9881785831313 1
vertex 28.52837439088923 -211.5593903 1
vertex 28.418947430348368 -211.32723696311004 1
endloop
endfacet
facet normal 0 0 1
outer loop
vertex 28.730486491310316 -211.9881785831313 1
vertex 28.418947430348368 -211.32723696311004 1
vertex 28.418947430348354 -211.32723696310995 0
endloop
endfacet
facet normal 0 0 1
outer loop
vertex 28.730486491310316 -211.9881785831313 1
vertex 28.418947430348354 -211.32723696310995 0
vertex 28.52837439088925 -211.5593903 0
endloop
endfacet
facet normal 0 0 1
outer loop
vertex 28.730486491310316 -211.9881785831313 1
vertex 28.52837439088925 -211.5593903 0
vertex 28.541959862401015 -211.58821237939515 0
endloop
endfacet
facet normal 0 0 1
outer loop
vertex 28.730486491310316 -211.9881785831313 1
vertex 28.541959862401015 -211.58821237939515 0
vertex 28.582194194884913 -211.67357100123303 0
endloop
endfacet
facet normal 0 0 1
outer loop
vertex 28.730486491310316 -211.9881785831313 1
vertex 28.582194194884913 -211.67357100123303 0
vertex 28.64753120550731 -211.81218588154618 0
endloop
endfacet
facet normal 0 0 1
outer loop
vertex 28.730486491310316 -211.9881785831313 1
vertex 28.64753120550731 -211.81218588154618 0
vertex 28.7304864913104 -211.98817858313143 0
endloop
endfacet
facet normal 0 0 -1
outer loop
vertex 29.135028759908806 -212.5966569841436 1
vertex 29.061037225618556 -212.4853651514524 1
vertex 28.888623500420177 -212.2260349504706 1
endloop
endfacet
facet normal 0 0 -1
outer loop
vertex 29.135028759908806 -212.5966569841436 1
vertex 28.888623500420177 -212.2260349504706 1
vertex 28.73750160635856 -211.99873012822016 1
endloop
endfacet
facet normal 0 0 -1
outer loop
vertex 29.135028759908806 -212.5966569841436 1
vertex 28.73750160635856 -211.99873012822016 1
vertex 28.730486491310316 -211.9881785831313 1
endloop
endfacet
facet normal 0 0 -1
outer loop
vertex 29.135028759908806 -212.5966569841436 1
vertex 28.730486491310316 -211.9881785831313 1
vertex 28.7304864913104 -211.98817858313143 0
endloop
endfacet
facet normal 0 0 -1
outer loop
vertex 29.135028759908806 -212.5966569841436 1
vertex 28.7304864913104 -211.98817858313143 0
vertex 28.73750160635851 -211.9987301282201 0
endloop
endfacet
facet normal 0 0 -1
outer loop
vertex 29.135028759908806 -212.5966569841436 1
vertex 28.73750160635851 -211.9987301282201 0
vertex 28.888623500420184 -212.22603495047062 0
endloop
endfacet
facet normal 0 0 -1
outer loop
vertex 29.135028759908806 -212.5966569841436 1
vertex 28.888623500420184 -212.22603495047062 0
vertex 29.06103722561851 -212.48536515145236 0
endloop
endfacet
facet normal 0 0 -1
outer loop
vertex 29.135028759908806 -212.5966569841436 1
vertex 29.06103722561851 -212.48536515145236 0
vertex 29.135028759908778 -212.59665698414358 0
endloop
endfacet
facet normal 0 0 -1
outer loop
vertex 29.62393482479554 -213.13967749139738 1
vertex 29.551648614086155 -213.05939030000008 1
vertex 29.288175576621754 -212.76675481697583 1
endloop
endfacet
facet normal 0 0 -1
outer loop
vertex 29.62393482479554 -213.13967749139738 1
vertex 29.288175576621754 -212.76675481697583 1
vertex 29.135028759908806 -212.5966569841436 1
endloop
endfacet
facet normal 0 0 -1
outer loop
vertex 29.62393482479554 -213.13967749139738 1
vertex 29.135028759908806 -212.5966569841436 1
vertex 29.135028759908778 -212.59665698414358 0
endloop
endfacet
facet normal 0 0 -1
outer loop
vertex 29.62393482479554 -213.13967749139738 1
vertex 29.135028759908778 -212.59665698414358 0
vertex 29.288175576621697 -212.76675481697578 0
endloop
endfacet
facet normal 0 0 -1
outer loop
vertex 29.62393482479554 -213.13967749139738 1
vertex 29.288175576621697 -212.76675481697578 0
vertex 29.551648614086115 -213.05939030000005 0
endloop
endfacet
facet normal 0 0 -1
outer loop
vertex 29.62393482479554 -213.13967749139738 1
vertex 29.551648614086115 -213.05939030000005 0
vertex 29.6239348247954 -213.13967749139724 0
endloop
endfacet
facet normal 0 0 -1
outer loop
vertex 30.18676360000036 -213.6056433500003 1
vertex 29.880425137737102 -213.35202578302417 1
vertex 29.62393482479554 -213.13967749139738 1
endloop
endfacet
facet normal 0 0 -1
outer loop
vertex 30.18676360000036 -213.6056433500003 1
vertex 29.62393482479554 -213.13967749139738 1
vertex 29.6239348247954 -213.13967749139724 0
endloop
endfacet
facet normal 0 0 -1
outer loop
vertex 30.18676360000036 -213.6056433500003 1
vertex 29.6239348247954 -213.13967749139724 0
vertex 29.88042513773712 -213.35202578302417 0
endloop
endfacet
facet normal 0 0 -1
outer loop
vertex 30.18676360000036 -213.6056433500003 1
vertex 29.88042513773712 -213.35202578302417 0
vertex 30.18676360000036 -213.6056433500003 0
endloop
endfacet
facet normal 0 0 -1
outer loop
vertex 44.69814209999993 -223.93021559999997 1
vertex 41.18098894939884 -221.4278274348993 1
vertex 35.38598083119827 -217.3047884 1
endloop
endfacet
facet normal 0 0 -1
outer loop
vertex 44.69814209999993 -223.93021559999997 1
vertex 35.38598083119827 -217.3047884 1
vertex 35.345470862055464 -217.27596632060485 1
endloop
endfacet
facet normal 0 0 -1
outer loop
vertex 44.69814209999993 -223.93021559999997 1
vertex 35.345470862055464 -217.27596632060485 1
vertex 35.22549773002301 -217.19060769876697 1
endloop
endfacet
facet normal 0 0 -1
outer loop
vertex 44.69814209999993 -223.93021559999997 1
vertex 35.22549773002301 -217.19060769876697 1
vertex 35.03067193528308 -217.05199281845384 1
endloop
endfacet
facet normal 0 0 -1
outer loop
vertex 44.69814209999993 -223.93021559999997 1
vertex 35.03067193528308 -217.05199281845384 1
vertex 34.7684805238681 -216.86544857177987 1
endloop
endfacet
facet normal 0 0 -1
outer loop
vertex 44.69814209999993 -223.93021559999997 1
vertex 34.7684805238681 -216.86544857177987 1
vertex 34.44899936468 -216.63814374952943 1
endloop
endfacet
facet normal 0 0 -1
outer loop
vertex 44.69814209999993 -223.93021559999997 1
vertex 34.44899936468 -216.63814374952943 1
vertex 34.084505939499195 -216.37881354854756 1
endloop
endfacet
facet normal 0 0 -1
outer loop
vertex 44.69814209999993 -223.93021559999997 1
vertex 34.084505939499195 -216.37881354854756 1
vertex 33.689007526245554 -216.09742388302422 1
endloop
endfacet
facet normal 0 0 -1
outer loop
vertex 44.69814209999993 -223.93021559999997 1
vertex 33.689007526245554 -216.09742388302422 1
vertex 33.27770290714179 -215.80478839999995 1
endloop
endfacet
facet normal 0 0 -1
outer loop
vertex 44.69814209999993 -223.93021559999997 1
vertex 33.27770290714179 -215.80478839999995 1
vertex 32.86639828803822 -215.51215291697582 1
endloop
endfacet
facet normal 0 0 -1
outer loop
vertex 44.69814209999993 -223.93021559999997 1
vertex 32.86639828803822 -215.51215291697582 1
vertex 32.47089987478441 -215.23076325145237 1
endloop
endfacet
facet normal 0 0 -1
outer loop
vertex 44.69814209999993 -223.93021559999997 1
vertex 32.47089987478441 -215.23076325145237 1
vertex 32.106406449603575 -214.97143305047047 1
endloop
endfacet
facet normal 0 0 -1
outer loop
vertex 44.69814209999993 -223.93021559999997 1
vertex 32.106406449603575 -214.97143305047047 1
vertex 31.786925290415798 -214.74412822822026 1
endloop
endfacet
facet normal 0 0 -1
outer loop
vertex 44.69814209999993 -223.93021559999997 1
vertex 31.786925290415798 -214.74412822822026 1
vertex 31.524733879000824 -214.5575839815463 1
endloop
endfacet
facet normal 0 0 -1
outer loop
vertex 44.69814209999993 -223.93021559999997 1
vertex 31.524733879000824 -214.5575839815463 1
vertex 31.329908084260822 -214.4189691012331 1
endloop
endfacet
facet normal 0 0 -1
outer loop
vertex 44.69814209999993 -223.93021559999997 1
vertex 31.329908084260822 -214.4189691012331 1
vertex 31.209934952228284 -214.33361047939516 1
endloop
endfacet
facet normal 0 0 -1
outer loop
vertex 44.69814209999993 -223.93021559999997 1
vertex 31.209934952228284 -214.33361047939516 1
vertex 31.16942498308548 -214.3047884 1
endloop
endfacet
facet normal 0 0 -1
outer loop
vertex 44.69814209999993 -223.93021559999997 1
vertex 31.16942498308548 -214.3047884 1
vertex 30.909772385883834 -214.12005047177985 1
endloop
endfacet
facet normal 0 0 -1
outer loop
vertex 44.69814209999993 -223.93021559999997 1
vertex 30.909772385883834 -214.12005047177985 1
vertex 30.59029122669554 -213.89274564952927 1
endloop
endfacet
facet normal 0 0 -1
outer loop
vertex 44.69814209999993 -223.93021559999997 1
vertex 30.59029122669554 -213.89274564952927 1
vertex 30.225797801515146 -213.63341544854768 1
endloop
endfacet
facet normal 0 0 -1
outer loop
vertex 44.69814209999993 -223.93021559999997 1
vertex 30.225797801515146 -213.63341544854768 1
vertex 30.18676360000036 -213.6056433500003 1
endloop
endfacet
facet normal 0 0 -1
outer loop
vertex 44.69814209999993 -223.93021559999997 1
vertex 30.18676360000036 -213.6056433500003 1
vertex 30.18676360000036 -213.6056433500003 0
endloop
endfacet
facet normal 0 0 -1
outer loop
vertex 44.69814209999993 -223.93021559999997 1
vertex 30.18676360000036 -213.6056433500003 0
vertex 30.225797801515224 -213.63341544854774 0
endloop
endfacet
facet normal 0 0 -1
outer loop
vertex 44.69814209999993 -223.93021559999997 1
vertex 30.225797801515224 -213.63341544854774 0
vertex 30.590291226695467 -213.89274564952922 0
endloop
endfacet
facet normal 0 0 -1
outer loop
vertex 44.69814209999993 -223.93021559999997 1
vertex 30.590291226695467 -213.89274564952922 0
vertex 30.909772385883922 -214.1200504717799 0
endloop
endfacet
facet normal 0 0 -1
outer loop
vertex 44.69814209999993 -223.93021559999997 1
vertex 30.909772385883922 -214.1200504717799 0
vertex 31.16942498308549 -214.3047884 0
endloop
endfacet
facet normal 0 0 -1
outer loop
vertex 44.69814209999993 -223.93021559999997 1
vertex 31.16942498308549 -214.3047884 0
vertex 31.209934952228252 -214.33361047939513 0
endloop
endfacet
facet normal 0 0 -1
outer loop
vertex 44.69814209999993 -223.93021559999997 1
vertex 31.209934952228252 -214.33361047939513 0
vertex 31.329908084260833 -214.4189691012331 0
endloop
endfacet
facet normal 0 0 -1
outer loop
vertex 44.69814209999993 -223.93021559999997 1
vertex 31.329908084260833 -214.4189691012331 0
vertex 31.524733879000877 -214.55758398154632 0
endloop
endfacet
facet normal 0 0 -1
outer loop
vertex 44.69814209999993 -223.93021559999997 1
vertex 31.524733879000877 -214.55758398154632 0
vertex 31.786925290415855 -214.7441282282203 0
endloop
endfacet
facet normal 0 0 -1
outer loop
vertex 44.69814209999993 -223.93021559999997 1
vertex 31.786925290415855 -214.7441282282203 0
vertex 32.10640644960351 -214.9714330504704 0
endloop
endfacet
facet normal 0 0 -1
outer loop
vertex 44.69814209999993 -223.93021559999997 1
vertex 32.10640644960351 -214.9714330504704 0
vertex 32.47089987478459 -215.2307632514525 0
endloop
endfacet
facet normal 0 0 -1
outer loop
vertex 44.69814209999993 -223.93021559999997 1
vertex 32.47089987478459 -215.2307632514525 0
vertex 32.86639828803816 -215.51215291697577 0
endloop
endfacet
facet normal 0 0 -1
outer loop
vertex 44.69814209999993 -223.93021559999997 1
vertex 32.86639828803816 -215.51215291697577 0
vertex 33.27770290714189 -215.8047884 0
endloop
endfacet
facet normal 0 0 -1
outer loop
vertex 44.69814209999993 -223.93021559999997 1
vertex 33.27770290714189 -215.8047884 0
vertex 33.689007526245604 -216.09742388302425 0
endloop
endfacet
facet normal 0 0 -1
outer loop
vertex 44.69814209999993 -223.93021559999997 1
vertex 33.689007526245604 -216.09742388302425 0
vertex 34.08450593949916 -216.37881354854753 0
endloop
endfacet
facet normal 0 0 -1
outer loop
vertex 44.69814209999993 -223.93021559999997 1
vertex 34.08450593949916 -216.37881354854753 0
vertex 34.448999364679956 -216.6381437495294 0
endloop
endfacet
facet normal 0 0 -1
outer loop
vertex 44.69814209999993 -223.93021559999997 1
vertex 34.448999364679956 -216.6381437495294 0
vertex 34.76848052386821 -216.86544857177995 0
endloop
endfacet
facet normal 0 0 -1
outer loop
vertex 44.69814209999993 -223.93021559999997 1
vertex 34.76848052386821 -216.86544857177995 0
vertex 35.03067193528295 -217.05199281845375 0
endloop
endfacet
facet normal 0 0 -1
outer loop
vertex 44.69814209999993 -223.93021559999997 1
vertex 35.03067193528295 -217.05199281845375 0
vertex 35.225497730022916 -217.1906076987669 0
endloop
endfacet
facet normal 0 0 -1
outer loop
vertex 44.69814209999993 -223.93021559999997 1
vertex 35.225497730022916 -217.1906076987669 0
vertex 35.34547086205549 -217.27596632060488 0
endloop
endfacet
facet normal 0 0 -1
outer loop
vertex 44.69814209999993 -223.93021559999997 1
vertex 35.34547086205549 -217.27596632060488 0
vertex 35.38598083119825 -217.3047884 0
endloop
endfacet
facet normal 0 0 -1
outer loop
vertex 44.69814209999993 -223.93021559999997 1
vertex 35.38598083119825 -217.3047884 0
vertex 41.18098894939889 -221.4278274348993 0
endloop
endfacet
facet normal 0 0 -1
outer loop
vertex 44.69814209999993 -223.93021559999997 1
vertex 41.18098894939889 -221.4278274348993 0
vertex 44.698142100000354 -223.93021560000025 0
endloop
endfacet
facet normal -0.5196082805550764 -0.8544046083551968 0
outer loop
vertex 45.31276250265651 -224.30399852145828 1
vertex 44.69814209999993 -223.93021559999997 1
vertex 44.698142100000354 -223.93021560000025 0
endloop
endfacet
facet normal -0.5196082805550764 -0.8544046083551968 0
outer loop
vertex 45.31276250265651 -224.30399852145828 1
vertex 44.698142100000354 -223.93021560000025 0
vertex 45.3127625026562 -224.3039985214581 0
endloop
endfacet
facet normal -0.39162606210635387 -0.920124463036969 0
outer loop
vertex 45.974654667729254 -224.58571499847804 1
vertex 45.31276250265651 -224.30399852145828 1
vertex 45.3127625026562 -224.3039985214581 0
endloop
endfacet
facet normal -0.39162606210635387 -0.920124463036969 0
outer loop
vertex 45.974654667729254 -224.58571499847804 1
vertex 45.3127625026562 -224.3039985214581 0
vertex 45.97465466772971 -224.5857149984782 0
endloop
endfacet
facet normal -0.25553752080293174 -0.9667991391503674 0
outer loop
vertex 46.670122293153845 -224.7695360897503 1
vertex 45.974654667729254 -224.58571499847804 1
vertex 45.97465466772971 -224.5857149984782 0
endloop
endfacet
facet normal -0.25553752080293174 -0.9667991391503674 0
outer loop
vertex 46.670122293153845 -224.7695360897503 1
vertex 45.97465466772971 -224.5857149984782 0
vertex 46.67012229315364 -224.7695360897503 0
endloop
endfacet
facet normal -0.1141597063640917 -0.9934624106844024 0
outer loop
vertex 47.38477016128736 -224.85165695300836 1
vertex 46.670122293153845 -224.7695360897503 1
vertex 46.67012229315364 -224.7695360897503 0
endloop
endfacet
facet normal -0.1141597063640917 -0.9934624106844024 0
outer loop
vertex 47.38477016128736 -224.85165695300836 1
vertex 46.67012229315364 -224.7695360897503 0
vertex 47.38477016128705 -224.85165695300833 0
endloop
endfacet
facet normal 0.02958105605242168 -0.9995623848078836 0
outer loop
vertex 48.1038060500002 -224.8303778 1
vertex 47.38477016128736 -224.85165695300836 1
vertex 47.38477016128705 -224.85165695300833 0
endloop
endfacet
facet normal 0.02958105605242168 -0.9995623848078836 0
outer loop
vertex 48.1038060500002 -224.8303778 1
vertex 47.38477016128705 -224.85165695300833 0
vertex 48.10380605000185 -224.83037779999992 0
endloop
endfacet
facet normal 0.05485323817816837 -0.9984944277567949 0
outer loop
vertex 110.04048823235043 -221.4278274348993 1
vertex 48.1038060500002 -224.8303778 1
vertex 48.10380605000185 -224.83037779999992 0
endloop
endfacet
facet normal 0.05485323817816837 -0.9984944277567949 0
outer loop
vertex 110.04048823235043 -221.4278274348993 1
vertex 48.10380605000185 -224.83037779999992 0
vertex 110.04048823235048 -221.4278274348993 0
endloop
endfacet
facet normal -0.0385176322637335 -0.9992579206615257 0
outer loop
vertex 172.02452802500147 -223.8170789000001 1
vertex 110.04048823235043 -221.4278274348993 1
vertex 110.04048823235048 -221.4278274348993 0
endloop
endfacet
facet normal -0.0385176322637335 -0.9992579206615257 0
outer loop
vertex 172.02452802500147 -223.8170789000001 1
vertex 110.04048823235048 -221.4278274348993 0
vertex 172.02452802499943 -223.81707890000007 0
endloop
endfacet
facet normal -0.014870688799817337 -0.9998894251939157 0
outer loop
vertex 172.72749160639148 -223.82753360868392 1
vertex 172.02452802500147 -223.8170789000001 1
vertex 172.02452802499943 -223.81707890000007 0
endloop
endfacet
facet normal -0.014870688799817337 -0.9998894251939157 0
outer loop
vertex 172.72749160639148 -223.82753360868392 1
vertex 172.02452802499943 -223.81707890000007 0
vertex 172.7274916063914 -223.82753360868392 0
endloop
endfacet
facet normal 0.12552170444570257 -0.9920908737172447 0
outer loop
vertex 173.42497149616298 -223.73928678886116 1
vertex 172.72749160639148 -223.82753360868392 1
vertex 172.7274916063914 -223.82753360868392 0
endloop
endfacet
facet normal 0.12552170444570257 -0.9920908737172447 0
outer loop
vertex 173.42497149616298 -223.73928678886116 1
vertex 172.7274916063914 -223.82753360868392 0
vertex 173.42497149616264 -223.73928678886122 0
endloop
endfacet
facet normal 0.2634316935192378 -0.964678051398282 0
outer loop
vertex 174.10317906643596 -223.5540836855713 1
vertex 173.42497149616298 -223.73928678886116 1
vertex 173.42497149616264 -223.73928678886122 0
endloop
endfacet
facet normal 0.2634316935192378 -0.964678051398282 0
outer loop
vertex 174.10317906643596 -223.5540836855713 1
vertex 173.42497149616264 -223.73928678886122 0
vertex 174.10317906643618 -223.55408368557121 0
endloop
endfacet
facet normal 0.3961334725995903 -0.9181929382685263 0
outer loop
vertex 174.74870572769137 -223.27558588045753 1
vertex 174.10317906643596 -223.5540836855713 1
vertex 174.10317906643618 -223.55408368557121 0
endloop
endfacet
facet normal 0.3961334725995903 -0.9181929382685263 0
outer loop
vertex 174.74870572769137 -223.27558588045753 1
vertex 174.10317906643618 -223.55408368557121 0
vertex 174.74870572769132 -223.27558588045758 0
endloop
endfacet
facet normal 0.5210034441889481 -0.853554574203228 0
outer loop
vertex 175.34878901250028 -222.9092994499999 1
vertex 174.74870572769137 -223.27558588045753 1
vertex 174.74870572769132 -223.27558588045758 0
endloop
endfacet
facet normal 0.5210034441889481 -0.853554574203228 0
outer loop
vertex 175.34878901250028 -222.9092994499999 1
vertex 174.74870572769132 -223.27558588045758 0
vertex 175.3487890125005 -222.9092994499998 0
endloop
endfacet
facet normal 0 0 -1
outer loop
vertex 189.89818369999955 -212.55767210000036 1
vertex 189.60431425621485 -212.76675481697583 1
vertex 189.19300992713397 -213.05939030000008 1
endloop
endfacet
facet normal 0 0 -1
outer loop
vertex 189.89818369999955 -212.55767210000036 1
vertex 189.19300992713397 -213.05939030000008 1
vertex 188.91551464698776 -213.25682310000002 1
endloop
endfacet
facet normal 0 0 -1
outer loop
vertex 189.89818369999955 -212.55767210000036 1
vertex 188.91551464698776 -213.25682310000002 1
vertex 188.87500470640973 -213.28564517939517 1
endloop
endfacet
facet normal 0 0 -1
outer loop
vertex 189.89818369999955 -212.55767210000036 1
vertex 188.87500470640973 -213.28564517939517 1
vertex 188.75503165897385 -213.37100380123303 1
endloop
endfacet
facet normal 0 0 -1
outer loop
vertex 189.89818369999955 -212.55767210000036 1
vertex 188.75503165897385 -213.37100380123303 1
vertex 188.56020600161122 -213.5096186815462 1
endloop
endfacet
facet normal 0 0 -1
outer loop
vertex 189.89818369999955 -212.55767210000036 1
vertex 188.56020600161122 -213.5096186815462 1
vertex 188.29801477507507 -213.69616292822013 1
endloop
endfacet
facet normal 0 0 -1
outer loop
vertex 189.89818369999955 -212.55767210000036 1
vertex 188.29801477507507 -213.69616292822013 1
vertex 187.97853384116246 -213.92346775047056 1
endloop
endfacet
facet normal 0 0 -1
outer loop
vertex 189.89818369999955 -212.55767210000036 1
vertex 187.97853384116246 -213.92346775047056 1
vertex 187.61404067299668 -214.18279795145236 1
endloop
endfacet
facet normal 0 0 -1
outer loop
vertex 189.89818369999955 -212.55767210000036 1
vertex 187.61404067299668 -214.18279795145236 1
vertex 187.21854253862054 -214.46418761697566 1
endloop
endfacet
facet normal 0 0 -1
outer loop
vertex 189.89818369999955 -212.55767210000036 1
vertex 187.21854253862054 -214.46418761697566 1
vertex 186.80723820953955 -214.7568231 1
endloop
endfacet
facet normal 0 0 -1
outer loop
vertex 189.89818369999955 -212.55767210000036 1
vertex 186.80723820953955 -214.7568231 1
vertex 186.3959338804588 -215.04945858302415 1
endloop
endfacet
facet normal 0 0 -1
outer loop
vertex 189.89818369999955 -212.55767210000036 1
vertex 186.3959338804588 -215.04945858302415 1
vertex 186.00043574608253 -215.33084824854754 1
endloop
endfacet
facet normal 0 0 -1
outer loop
vertex 189.89818369999955 -212.55767210000036 1
vertex 186.00043574608253 -215.33084824854754 1
vertex 185.6359425779166 -215.59017844952945 1
endloop
endfacet
facet normal 0 0 -1
outer loop
vertex 189.89818369999955 -212.55767210000036 1
vertex 185.6359425779166 -215.59017844952945 1
vertex 185.31646164400433 -215.81748327177962 1
endloop
endfacet
facet normal 0 0 -1
outer loop
vertex 189.89818369999955 -212.55767210000036 1
vertex 185.31646164400433 -215.81748327177962 1
vertex 185.05427041746788 -216.0040275184538 1
endloop
endfacet
facet normal 0 0 -1
outer loop
vertex 189.89818369999955 -212.55767210000036 1
vertex 185.05427041746788 -216.0040275184538 1
vertex 184.85944476010525 -216.14264239876695 1
endloop
endfacet
facet normal 0 0 -1
outer loop
vertex 189.89818369999955 -212.55767210000036 1
vertex 184.85944476010525 -216.14264239876695 1
vertex 184.73947171266934 -216.22800102060484 1
endloop
endfacet
facet normal 0 0 -1
outer loop
vertex 189.89818369999955 -212.55767210000036 1
vertex 184.73947171266934 -216.22800102060484 1
vertex 184.69896177209134 -216.25682309999996 1
endloop
endfacet
facet normal 0 0 -1
outer loop
vertex 189.89818369999955 -212.55767210000036 1
vertex 184.69896177209134 -216.25682309999996 1
vertex 184.52750204658025 -216.37881354854756 1
endloop
endfacet
facet normal 0 0 -1
outer loop
vertex 189.89818369999955 -212.55767210000036 1
vertex 184.52750204658025 -216.37881354854756 1
vertex 184.16300887841436 -216.63814374952943 1
endloop
endfacet
facet normal 0 0 -1
outer loop
vertex 189.89818369999955 -212.55767210000036 1
vertex 184.16300887841436 -216.63814374952943 1
vertex 183.84352794450174 -216.86544857177987 1
endloop
endfacet
facet normal 0 0 -1
outer loop
vertex 189.89818369999955 -212.55767210000036 1
vertex 183.84352794450174 -216.86544857177987 1
vertex 183.58133671796554 -217.05199281845384 1
endloop
endfacet
facet normal 0 0 -1
outer loop
vertex 189.89818369999955 -212.55767210000036 1
vertex 183.58133671796554 -217.05199281845384 1
vertex 183.38651106060297 -217.19060769876697 1
endloop
endfacet
facet normal 0 0 -1
outer loop
vertex 189.89818369999955 -212.55767210000036 1
vertex 183.38651106060297 -217.19060769876697 1
vertex 183.26653801316706 -217.27596632060485 1
endloop
endfacet
facet normal 0 0 -1
outer loop
vertex 189.89818369999955 -212.55767210000036 1
vertex 183.26653801316706 -217.27596632060485 1
vertex 183.226028072589 -217.3047884 1
endloop
endfacet
facet normal 0 0 -1
outer loop
vertex 189.89818369999955 -212.55767210000036 1
vertex 183.226028072589 -217.3047884 1
vertex 177.43102404061733 -221.4278274348993 1
endloop
endfacet
facet normal 0 0 -1
outer loop
vertex 189.89818369999955 -212.55767210000036 1
vertex 177.43102404061733 -221.4278274348993 1
vertex 175.34878901250028 -222.9092994499999 1
endloop
endfacet
facet normal 0 0 -1
outer loop
vertex 189.89818369999955 -212.55767210000036 1
vertex 175.34878901250028 -222.9092994499999 1
vertex 175.3487890125005 -222.9092994499998 0
endloop
endfacet
facet normal 0 0 -1
outer loop
vertex 189.89818369999955 -212.55767210000036 1
vertex 175.3487890125005 -222.9092994499998 0
vertex 177.43102404061733 -221.4278274348993 0
endloop
endfacet
facet normal 0 0 -1
outer loop
vertex 189.89818369999955 -212.55767210000036 1
vertex 177.43102404061733 -221.4278274348993 0
vertex 183.22602807258903 -217.3047884 0
endloop
endfacet
facet normal 0 0 -1
outer loop
vertex 189.89818369999955 -212.55767210000036 1
vertex 183.22602807258903 -217.3047884 0
vertex 183.26653801316704 -217.27596632060488 0
endloop
endfacet
facet normal 0 0 -1
outer loop
vertex 189.89818369999955 -212.55767210000036 1
vertex 183.26653801316704 -217.27596632060488 0
vertex 183.38651106060308 -217.1906076987669 0
endloop
endfacet
facet normal 0 0 -1
outer loop
vertex 189.89818369999955 -212.55767210000036 1
vertex 183.38651106060308 -217.1906076987669 0
vertex 183.58133671796568 -217.05199281845375 0
endloop
endfacet
facet normal 0 0 -1
outer loop
vertex 189.89818369999955 -212.55767210000036 1
vertex 183.58133671796568 -217.05199281845375 0
vertex 183.84352794450163 -216.86544857177995 0
endloop
endfacet
facet normal 0 0 -1
outer loop
vertex 189.89818369999955 -212.55767210000036 1
vertex 183.84352794450163 -216.86544857177995 0
vertex 184.16300887841442 -216.6381437495294 0
endloop
endfacet
facet normal 0 0 -1
outer loop
vertex 189.89818369999955 -212.55767210000036 1
vertex 184.16300887841442 -216.6381437495294 0
vertex 184.5275020465803 -216.37881354854753 0
endloop
endfacet
facet normal 0 0 -1
outer loop
vertex 189.89818369999955 -212.55767210000036 1
vertex 184.5275020465803 -216.37881354854753 0
vertex 184.6989617720913 -216.2568231 0
endloop
endfacet
facet normal 0 0 -1
outer loop
vertex 189.89818369999955 -212.55767210000036 1
vertex 184.6989617720913 -216.2568231 0
vertex 184.7394717126694 -216.2280010206048 0
endloop
endfacet
facet normal 0 0 -1
outer loop
vertex 189.89818369999955 -212.55767210000036 1
vertex 184.7394717126694 -216.2280010206048 0
vertex 184.85944476010522 -216.14264239876698 0
endloop
endfacet
facet normal 0 0 -1
outer loop
vertex 189.89818369999955 -212.55767210000036 1
vertex 184.85944476010522 -216.14264239876698 0
vertex 185.05427041746785 -216.00402751845382 0
endloop
endfacet
facet normal 0 0 -1
outer loop
vertex 189.89818369999955 -212.55767210000036 1
vertex 185.05427041746785 -216.00402751845382 0
vertex 185.31646164400422 -215.8174832717797 0
endloop
endfacet
facet normal 0 0 -1
outer loop
vertex 189.89818369999955 -212.55767210000036 1
vertex 185.31646164400422 -215.8174832717797 0
vertex 185.6359425779167 -215.5901784495294 0
endloop
endfacet
facet normal 0 0 -1
outer loop
vertex 189.89818369999955 -212.55767210000036 1
vertex 185.6359425779167 -215.5901784495294 0
vertex 186.00043574608233 -215.33084824854768 0
endloop
endfacet
facet normal 0 0 -1
outer loop
vertex 189.89818369999955 -212.55767210000036 1
vertex 186.00043574608233 -215.33084824854768 0
vertex 186.39593388045873 -215.0494585830242 0
endloop
endfacet
facet normal 0 0 -1
outer loop
vertex 189.89818369999955 -212.55767210000036 1
vertex 186.39593388045873 -215.0494585830242 0
vertex 186.80723820953955 -214.7568231 0
endloop
endfacet
facet normal 0 0 -1
outer loop
vertex 189.89818369999955 -212.55767210000036 1
vertex 186.80723820953955 -214.7568231 0
vertex 187.21854253862062 -214.4641876169756 0
endloop
endfacet
facet normal 0 0 -1
outer loop
vertex 189.89818369999955 -212.55767210000036 1
vertex 187.21854253862062 -214.4641876169756 0
vertex 187.61404067299674 -214.18279795145233 0
endloop
endfacet
facet normal 0 0 -1
outer loop
vertex 189.89818369999955 -212.55767210000036 1
vertex 187.61404067299674 -214.18279795145233 0
vertex 187.97853384116235 -213.92346775047065 0
endloop
endfacet
facet normal 0 0 -1
outer loop
vertex 189.89818369999955 -212.55767210000036 1
vertex 187.97853384116235 -213.92346775047065 0
vertex 188.29801477507525 -213.69616292822002 0
endloop
endfacet
facet normal 0 0 -1
outer loop
vertex 189.89818369999955 -212.55767210000036 1
vertex 188.29801477507525 -213.69616292822002 0
vertex 188.5602060016111 -213.50961868154627 0
endloop
endfacet
facet normal 0 0 -1
outer loop
vertex 189.89818369999955 -212.55767210000036 1
vertex 188.5602060016111 -213.50961868154627 0
vertex 188.75503165897382 -213.37100380123306 0
endloop
endfacet
facet normal 0 0 -1
outer loop
vertex 189.89818369999955 -212.55767210000036 1
vertex 188.75503165897382 -213.37100380123306 0
vertex 188.87500470640975 -213.28564517939515 0
endloop
endfacet
facet normal 0 0 -1
outer loop
vertex 189.89818369999955 -212.55767210000036 1
vertex 188.87500470640975 -213.28564517939515 0
vertex 188.91551464698776 -213.25682310000002 0
endloop
endfacet
facet normal 0 0 -1
outer loop
vertex 189.89818369999955 -212.55767210000036 1
vertex 188.91551464698776 -213.25682310000002 0
vertex 189.19300992713403 -213.05939030000005 0
endloop
endfacet
facet normal 0 0 -1
outer loop
vertex 189.89818369999955 -212.55767210000036 1
vertex 189.19300992713403 -213.05939030000005 0
vertex 189.60431425621493 -212.76675481697578 0
endloop
endfacet
facet normal 0 0 -1
outer loop
vertex 189.89818369999955 -212.55767210000036 1
vertex 189.60431425621493 -212.76675481697578 0
vertex 189.89818370000006 -212.5576721 0
endloop
endfacet
facet normal 0 0 1
outer loop
vertex 190.46101062520447 -212.0917101913974 1
vertex 190.29876218872877 -212.2260349504706 1
vertex 189.9855219496951 -212.4853651514524 1
endloop
endfacet
facet normal 0 0 1
outer loop
vertex 190.46101062520447 -212.0917101913974 1
vertex 189.9855219496951 -212.4853651514524 1
vertex 189.89818369999955 -212.55767210000036 1
endloop
endfacet
facet normal 0 0 1
outer loop
vertex 190.46101062520447 -212.0917101913974 1
vertex 189.89818369999955 -212.55767210000036 1
vertex 189.89818370000006 -212.5576721 0
endloop
endfacet
facet normal 0 0 1
outer loop
vertex 190.46101062520447 -212.0917101913974 1
vertex 189.89818370000006 -212.5576721 0
vertex 189.98552194969525 -212.48536515145236 0
endloop
endfacet
facet normal 0 0 1
outer loop
vertex 190.46101062520447 -212.0917101913974 1
vertex 189.98552194969525 -212.48536515145236 0
vertex 190.29876218872877 -212.22603495047062 0
endloop
endfacet
facet normal 0 0 1
outer loop
vertex 190.46101062520447 -212.0917101913974 1
vertex 190.29876218872877 -212.22603495047062 0
vertex 190.46101062520407 -212.09171019139774 0
endloop
endfacet
facet normal 0 0 1
outer loop
vertex 190.94991669009116 -211.54868968414368 1
vertex 190.9402824388607 -211.5593903 1
vertex 190.91433260965405 -211.58821237939515 1
endloop
endfacet
facet normal 0 0 1
outer loop
vertex 190.94991669009116 -211.54868968414368 1
vertex 190.91433260965405 -211.58821237939515 1
vertex 190.83748035941764 -211.67357100123314 1
endloop
endfacet
facet normal 0 0 1
outer loop
vertex 190.94991669009116 -211.54868968414368 1
vertex 190.83748035941764 -211.67357100123314 1
vertex 190.7126790770291 -211.8121858815461 1
endloop
endfacet
facet normal 0 0 1
outer loop
vertex 190.94991669009116 -211.54868968414368 1
vertex 190.7126790770291 -211.8121858815461 1
vertex 190.54472480578082 -211.99873012822016 1
endloop
endfacet
facet normal 0 0 1
outer loop
vertex 190.94991669009116 -211.54868968414368 1
vertex 190.54472480578082 -211.99873012822016 1
vertex 190.46101062520447 -212.0917101913974 1
endloop
endfacet
facet normal 0 0 1
outer loop
vertex 190.94991669009116 -211.54868968414368 1
vertex 190.46101062520447 -212.0917101913974 1
vertex 190.46101062520407 -212.09171019139774 0
endloop
endfacet
facet normal 0 0 1
outer loop
vertex 190.94991669009116 -211.54868968414368 1
vertex 190.46101062520407 -212.09171019139774 0
vertex 190.54472480578076 -211.9987301282201 0
endloop
endfacet
facet normal 0 0 1
outer loop
vertex 190.94991669009116 -211.54868968414368 1
vertex 190.54472480578076 -211.9987301282201 0
vertex 190.71267907702892 -211.81218588154618 0
endloop
endfacet
facet normal 0 0 1
outer loop
vertex 190.94991669009116 -211.54868968414368 1
vertex 190.71267907702892 -211.81218588154618 0
vertex 190.83748035941764 -211.67357100123303 0
endloop
endfacet
facet normal 0 0 1
outer loop
vertex 190.94991669009116 -211.54868968414368 1
vertex 190.83748035941764 -211.67357100123303 0
vertex 190.91433260965397 -211.58821237939515 0
endloop
endfacet
facet normal 0 0 1
outer loop
vertex 190.94991669009116 -211.54868968414368 1
vertex 190.91433260965397 -211.58821237939515 0
vertex 190.9402824388606 -211.5593903 0
endloop
endfacet
facet normal 0 0 1
outer loop
vertex 190.94991669009116 -211.54868968414368 1
vertex 190.9402824388606 -211.5593903 0
vertex 190.94991669009138 -211.5486896841433 0
endloop
endfacet
facet normal 0.8327507624275514 -0.5536480539804436 0
outer loop
vertex 191.35445895868963 -210.94021128313142 1
vertex 190.94991669009116 -211.54868968414368 1
vertex 190.94991669009138 -211.5486896841433 0
endloop
endfacet
facet normal 0.8327507624275514 -0.5536480539804436 0
outer loop
vertex 191.35445895868963 -210.94021128313142 1
vertex 190.94991669009138 -211.5486896841433 0
vertex 191.35445895868983 -210.94021128313108 0
endloop
endfacet
facet normal 0.9045508223087357 -0.4263658169466569 0
outer loop
vertex 191.6659980196516 -210.2792696631101 1
vertex 191.35445895868963 -210.94021128313142 1
vertex 191.35445895868983 -210.94021128313108 0
endloop
endfacet
facet normal 0.9045508223087357 -0.4263658169466569 0
outer loop
vertex 191.6659980196516 -210.2792696631101 1
vertex 191.35445895868983 -210.94021128313108 0
vertex 191.6659980196516 -210.27926966311014 0
endloop
endfacet
facet normal 0.9570332799368145 -0.2899781045068454 0
outer loop
vertex 191.87788063966212 -209.57997990419835 1
vertex 191.6659980196516 -210.2792696631101 1
vertex 191.6659980196516 -210.27926966311014 0
endloop
endfacet
facet normal 0.9570332799368145 -0.2899781045068454 0
outer loop
vertex 191.87788063966212 -209.57997990419835 1
vertex 191.6659980196516 -210.27926966311014 0
vertex 191.87788063966215 -209.57997990419832 0
endloop
endfacet
facet normal 0.9890773190826903 -0.14739761489317987 0
outer loop
vertex 191.98558185 -208.85727605 1
vertex 191.87788063966212 -209.57997990419835 1
vertex 191.87788063966215 -209.57997990419832 0
endloop
endfacet
facet normal 0.9890773190826903 -0.14739761489317987 0
outer loop
vertex 191.98558185 -208.85727605 1
vertex 191.87788063966215 -209.57997990419832 0
vertex 191.98558185 -208.85727605000022 0
endloop
endfacet
facet normal 0.99720346193285 -0.0747345670298499 0
outer loop
vertex 193.5837231 -187.53284679999985 1
vertex 191.98558185 -208.85727605 1
vertex 191.98558185 -208.85727605000022 0
endloop
endfacet
facet normal 0.99720346193285 -0.0747345670298499 0
outer loop
vertex 193.5837231 -187.53284679999985 1
vertex 191.98558185 -208.85727605000022 0
vertex 193.5837231 -187.53284679999973 0
endloop
endfacet
facet normal 0.999944523411715 -0.01053328528610109 0
outer loop
vertex 193.59048840833293 -186.89060339416903 1
vertex 193.5837231 -187.53284679999985 1
vertex 193.5837231 -187.53284679999973 0
endloop
endfacet
facet normal 0.999944523411715 -0.01053328528610109 0
outer loop
vertex 193.59048840833293 -186.89060339416903 1
vertex 193.5837231 -187.53284679999973 0
vertex 193.59048840833293 -186.89060339416898 0
endloop
endfacet
facet normal 0.9930442570665522 0.11774168126513038 0
outer loop
vertex 193.5148657992193 -186.2527952970044 1
vertex 193.59048840833293 -186.89060339416903 1
vertex 193.59048840833293 -186.89060339416898 0
endloop
endfacet
facet normal 0.9930442570665522 0.11774168126513038 0
outer loop
vertex 193.5148657992193 -186.2527952970044 1
vertex 193.59048840833293 -186.89060339416898 0
vertex 193.5148657992193 -186.25279529700433 0
endloop
endfacet
facet normal 0.9697579915854906 0.24406851037377963 0
outer loop
vertex 193.35810655000003 -185.62994340000006 1
vertex 193.5148657992193 -186.2527952970044 1
vertex 193.5148657992193 -186.25279529700433 0
endloop
endfacet
facet normal 0.9697579915854906 0.24406851037377963 0
outer loop
vertex 193.35810655000003 -185.62994340000006 1
vertex 193.5148657992193 -186.25279529700433 0
vertex 193.35810655000003 -185.62994340000003 0
endloop
endfacet
facet normal 0 0 -1
outer loop
vertex 187.05010970000006 -165.99361830000018 1
vertex 187.19848124436808 -166.45548788397105 1
vertex 187.38675900450323 -167.04158255000024 1
endloop
endfacet
facet normal 0 0 -1
outer loop
vertex 187.05010970000006 -165.99361830000018 1
vertex 187.38675900450323 -167.04158255000024 1
vertex 193.35810655000003 -185.62994340000006 1
endloop
endfacet
facet normal 0 0 -1
outer loop
vertex 187.05010970000006 -165.99361830000018 1
vertex 193.35810655000003 -185.62994340000006 1
vertex 193.35810655000003 -185.62994340000003 0
endloop
endfacet
facet normal 0 0 -1
outer loop
vertex 187.05010970000006 -165.99361830000018 1
vertex 193.35810655000003 -185.62994340000003 0
vertex 187.3867590045032 -167.04158255000016 0
endloop
endfacet
facet normal 0 0 -1
outer loop
vertex 187.05010970000006 -165.99361830000018 1
vertex 187.3867590045032 -167.04158255000016 0
vertex 187.19848124436805 -166.45548788397102 0
endloop
endfacet
facet normal 0 0 -1
outer loop
vertex 187.05010970000006 -165.99361830000018 1
vertex 187.19848124436805 -166.45548788397102 0
vertex 187.05010969999995 -165.9936182999998 0
endloop
endfacet
facet normal 0 0 1
outer loop
vertex 186.90026661886125 -165.4075244839708 1
vertex 187.01482016185545 -165.85558736844234 1
vertex 187.05010970000006 -165.99361830000018 1
endloop
endfacet
facet normal 0 0 1
outer loop
vertex 186.90026661886125 -165.4075244839708 1
vertex 187.05010970000006 -165.99361830000018 1
vertex 187.05010969999995 -165.9936182999998 0
endloop
endfacet
facet normal 0 0 1
outer loop
vertex 186.90026661886125 -165.4075244839708 1
vertex 187.05010969999995 -165.9936182999998 0
vertex 187.01482016185545 -165.85558736844237 0
endloop
endfacet
facet normal 0 0 1
outer loop
vertex 186.90026661886125 -165.4075244839708 1
vertex 187.01482016185545 -165.85558736844237 0
vertex 186.90026661886125 -165.40752448397092 0
endloop
endfacet
facet normal 0 0 1
outer loop
vertex 186.8223062152787 -164.80762396844233 1
vertex 186.87988187078466 -165.25066510000016 1
vertex 186.90026661886125 -165.4075244839708 1
endloop
endfacet
facet normal 0 0 1
outer loop
vertex 186.8223062152787 -164.80762396844233 1
vertex 186.90026661886125 -165.4075244839708 1
vertex 186.90026661886125 -165.40752448397092 0
endloop
endfacet
facet normal 0 0 1
outer loop
vertex 186.8223062152787 -164.80762396844233 1
vertex 186.90026661886125 -165.40752448397092 0
vertex 186.87988187078463 -165.2506651 0
endloop
endfacet
facet normal 0 0 1
outer loop
vertex 186.8223062152787 -164.80762396844233 1
vertex 186.87988187078463 -165.2506651 0
vertex 186.8223062152787 -164.80762396844239 0
endloop
endfacet
facet normal 0.9999666389751217 0.008168288486501751 0
outer loop
vertex 186.81736485 -164.20269915000037 1
vertex 186.8223062152787 -164.80762396844233 1
vertex 186.8223062152787 -164.80762396844239 0
endloop
endfacet
facet normal 0.9999666389751217 0.008168288486501751 0
outer loop
vertex 186.81736485 -164.20269915000037 1
vertex 186.8223062152787 -164.80762396844239 0
vertex 186.81736485 -164.20269915000026 0
endloop
endfacet
facet normal 0 0 -1
outer loop
vertex 191.9996401 -65.31898819999928 1
vertex 191.9921716016847 -65.46149564952934 1
vertex 191.9802590617604 -65.6888004717798 1
endloop
endfacet
facet normal 0 0 -1
outer loop
vertex 191.9996401 -65.31898819999928 1
vertex 191.9802590617604 -65.6888004717798 1
vertex 191.97048269289965 -65.87534471845382 1
endloop
endfacet
facet normal 0 0 -1
outer loop
vertex 191.9996401 -65.31898819999928 1
vertex 191.97048269289965 -65.87534471845382 1
vertex 191.96321819547506 -66.01395959876693 1
endloop
endfacet
facet normal 0 0 -1
outer loop
vertex 191.9996401 -65.31898819999928 1
vertex 191.96321819547506 -66.01395959876693 1
vertex 191.95874474004873 -66.09931822060484 1
endloop
endfacet
facet normal 0 0 -1
outer loop
vertex 191.9996401 -65.31898819999928 1
vertex 191.95874474004873 -66.09931822060484 1
vertex 191.95723423900395 -66.1281403 1
endloop
endfacet
facet normal 0 0 -1
outer loop
vertex 191.9996401 -65.31898819999928 1
vertex 191.95723423900395 -66.1281403 1
vertex 191.66779259237805 -71.6510164 1
endloop
endfacet
facet normal 0 0 -1
outer loop
vertex 191.9996401 -65.31898819999928 1
vertex 191.66779259237805 -71.6510164 1
vertex 191.66628209133327 -71.67983847939516 1
endloop
endfacet
facet normal 0 0 -1
outer loop
vertex 191.9996401 -65.31898819999928 1
vertex 191.66628209133327 -71.67983847939516 1
vertex 191.66180863590694 -71.76519710123306 1
endloop
endfacet
facet normal 0 0 -1
outer loop
vertex 191.9996401 -65.31898819999928 1
vertex 191.66180863590694 -71.76519710123306 1
vertex 191.65454413848235 -71.90381198154617 1
endloop
endfacet
facet normal 0 0 -1
outer loop
vertex 191.9996401 -65.31898819999928 1
vertex 191.65454413848235 -71.90381198154617 1
vertex 191.6447677696216 -72.09035622822013 1
endloop
endfacet
facet normal 0 0 -1
outer loop
vertex 191.9996401 -65.31898819999928 1
vertex 191.6447677696216 -72.09035622822013 1
vertex 191.6328552296973 -72.31766105047079 1
endloop
endfacet
facet normal 0 0 -1
outer loop
vertex 191.9996401 -65.31898819999928 1
vertex 191.6328552296973 -72.31766105047079 1
vertex 191.61926431093815 -72.57699125145231 1
endloop
endfacet
facet normal 0 0 -1
outer loop
vertex 191.9996401 -65.31898819999928 1
vertex 191.61926431093815 -72.57699125145231 1
vertex 191.60451730473017 -72.85838091697579 1
endloop
endfacet
facet normal 0 0 -1
outer loop
vertex 191.9996401 -65.31898819999928 1
vertex 191.60451730473017 -72.85838091697579 1
vertex 191.58918093025173 -73.15101639999995 1
endloop
endfacet
facet normal 0 0 -1
outer loop
vertex 191.9996401 -65.31898819999928 1
vertex 191.58918093025173 -73.15101639999995 1
vertex 191.57384455577326 -73.4436518830243 1
endloop
endfacet
facet normal 0 0 -1
outer loop
vertex 191.9996401 -65.31898819999928 1
vertex 191.57384455577326 -73.4436518830243 1
vertex 191.55909754956528 -73.72504154854765 1
endloop
endfacet
facet normal 0 0 -1
outer loop
vertex 191.9996401 -65.31898819999928 1
vertex 191.55909754956528 -73.72504154854765 1
vertex 191.54550663080613 -73.98437174952929 1
endloop
endfacet
facet normal 0 0 -1
outer loop
vertex 191.9996401 -65.31898819999928 1
vertex 191.54550663080613 -73.98437174952929 1
vertex 191.53359409088185 -74.21167657177986 1
endloop
endfacet
facet normal 0 0 -1
outer loop
vertex 191.9996401 -65.31898819999928 1
vertex 191.53359409088185 -74.21167657177986 1
vertex 191.52381772202108 -74.39822081845382 1
endloop
endfacet
facet normal 0 0 -1
outer loop
vertex 191.9996401 -65.31898819999928 1
vertex 191.52381772202108 -74.39822081845382 1
vertex 191.5165532245965 -74.53683569876696 1
endloop
endfacet
facet normal 0 0 -1
outer loop
vertex 191.9996401 -65.31898819999928 1
vertex 191.5165532245965 -74.53683569876696 1
vertex 191.51207976917019 -74.62219432060483 1
endloop
endfacet
facet normal 0 0 -1
outer loop
vertex 191.9996401 -65.31898819999928 1
vertex 191.51207976917019 -74.62219432060483 1
vertex 191.51056926812538 -74.65101639999999 1
endloop
endfacet
facet normal 0 0 -1
outer loop
vertex 191.9996401 -65.31898819999928 1
vertex 191.51056926812538 -74.65101639999999 1
vertex 186.81736485 -164.20269915000037 1
endloop
endfacet
facet normal 0 0 -1
outer loop
vertex 191.9996401 -65.31898819999928 1
vertex 186.81736485 -164.20269915000037 1
vertex 186.81736485 -164.20269915000026 0
endloop
endfacet
facet normal 0 0 -1
outer loop
vertex 191.9996401 -65.31898819999928 1
vertex 186.81736485 -164.20269915000026 0
vertex 191.51056926812538 -74.6510164 0
endloop
endfacet
facet normal 0 0 -1
outer loop
vertex 191.9996401 -65.31898819999928 1
vertex 191.51056926812538 -74.6510164 0
vertex 191.51207976917019 -74.62219432060485 0
endloop
endfacet
facet normal 0 0 -1
outer loop
vertex 191.9996401 -65.31898819999928 1
vertex 191.51207976917019 -74.62219432060485 0
vertex 191.51655322459652 -74.53683569876698 0
endloop
endfacet
facet normal 0 0 -1
outer loop
vertex 191.9996401 -65.31898819999928 1
vertex 191.51655322459652 -74.53683569876698 0
vertex 191.52381772202108 -74.39822081845377 0
endloop
endfacet
facet normal 0 0 -1
outer loop
vertex 191.9996401 -65.31898819999928 1
vertex 191.52381772202108 -74.39822081845377 0
vertex 191.53359409088185 -74.21167657177993 0
endloop
endfacet
facet normal 0 0 -1
outer loop
vertex 191.9996401 -65.31898819999928 1
vertex 191.53359409088185 -74.21167657177993 0
vertex 191.54550663080616 -73.98437174952927 0
endloop
endfacet
facet normal 0 0 -1
outer loop
vertex 191.9996401 -65.31898819999928 1
vertex 191.54550663080616 -73.98437174952927 0
vertex 191.55909754956528 -73.72504154854775 0
endloop
endfacet
facet normal 0 0 -1
outer loop
vertex 191.9996401 -65.31898819999928 1
vertex 191.55909754956528 -73.72504154854775 0
vertex 191.5738445557733 -73.4436518830241 0
endloop
endfacet
facet normal 0 0 -1
outer loop
vertex 191.9996401 -65.31898819999928 1
vertex 191.5738445557733 -73.4436518830241 0
vertex 191.58918093025173 -73.15101640000006 0
endloop
endfacet
facet normal 0 0 -1
outer loop
vertex 191.9996401 -65.31898819999928 1
vertex 191.58918093025173 -73.15101640000006 0
vertex 191.6045173047302 -72.8583809169757 0
endloop
endfacet
facet normal 0 0 -1
outer loop
vertex 191.9996401 -65.31898819999928 1
vertex 191.6045173047302 -72.8583809169757 0
vertex 191.61926431093815 -72.57699125145233 0
endloop
endfacet
facet normal 0 0 -1
outer loop
vertex 191.9996401 -65.31898819999928 1
vertex 191.61926431093815 -72.57699125145233 0
vertex 191.6328552296973 -72.3176610504708 0
endloop
endfacet
facet normal 0 0 -1
outer loop
vertex 191.9996401 -65.31898819999928 1
vertex 191.6328552296973 -72.3176610504708 0
vertex 191.6447677696216 -72.09035622822016 0
endloop
endfacet
facet normal 0 0 -1
outer loop
vertex 191.9996401 -65.31898819999928 1
vertex 191.6447677696216 -72.09035622822016 0
vertex 191.65454413848238 -71.90381198154623 0
endloop
endfacet
facet normal 0 0 -1
outer loop
vertex 191.9996401 -65.31898819999928 1
vertex 191.65454413848238 -71.90381198154623 0
vertex 191.66180863590694 -71.76519710123304 0
endloop
endfacet
facet normal 0 0 -1
outer loop
vertex 191.9996401 -65.31898819999928 1
vertex 191.66180863590694 -71.76519710123304 0
vertex 191.66628209133327 -71.67983847939514 0
endloop
endfacet
facet normal 0 0 -1
outer loop
vertex 191.9996401 -65.31898819999928 1
vertex 191.66628209133327 -71.67983847939514 0
vertex 191.66779259237808 -71.6510164 0
endloop
endfacet
facet normal 0 0 -1
outer loop
vertex 191.9996401 -65.31898819999928 1
vertex 191.66779259237808 -71.6510164 0
vertex 191.95723423900395 -66.1281403 0
endloop
endfacet
facet normal 0 0 -1
outer loop
vertex 191.9996401 -65.31898819999928 1
vertex 191.95723423900395 -66.1281403 0
vertex 191.95874474004876 -66.09931822060486 0
endloop
endfacet
facet normal 0 0 -1
outer loop
vertex 191.9996401 -65.31898819999928 1
vertex 191.95874474004876 -66.09931822060486 0
vertex 191.96321819547506 -66.0139595987669 0
endloop
endfacet
facet normal 0 0 -1
outer loop
vertex 191.9996401 -65.31898819999928 1
vertex 191.96321819547506 -66.0139595987669 0
vertex 191.97048269289965 -65.87534471845387 0
endloop
endfacet
facet normal 0 0 -1
outer loop
vertex 191.9996401 -65.31898819999928 1
vertex 191.97048269289965 -65.87534471845387 0
vertex 191.98025906176042 -65.68880047177979 0
endloop
endfacet
facet normal 0 0 -1
outer loop
vertex 191.9996401 -65.31898819999928 1
vertex 191.98025906176042 -65.68880047177979 0
vertex 191.9921716016847 -65.46149564952938 0
endloop
endfacet
facet normal 0 0 -1
outer loop
vertex 191.9996401 -65.31898819999928 1
vertex 191.9921716016847 -65.46149564952938 0
vertex 191.9996401 -65.31898819999945 0
endloop
endfacet
facet normal 0 0 -1
outer loop
vertex 191.97910554798943 -64.53466167538768 1
vertex 191.9815529236917 -64.62814029999993 1
vertex 191.9892144503107 -64.92077578302421 1
endloop
endfacet
facet normal 0 0 -1
outer loop
vertex 191.97910554798943 -64.53466167538768 1
vertex 191.9892144503107 -64.92077578302421 1
vertex 191.99658154875834 -65.20216544854769 1
endloop
endfacet
facet normal 0 0 -1
outer loop
vertex 191.97910554798943 -64.53466167538768 1
vertex 191.99658154875834 -65.20216544854769 1
vertex 191.9996401 -65.31898819999928 1
endloop
endfacet
facet normal 0 0 -1
outer loop
vertex 191.97910554798943 -64.53466167538768 1
vertex 191.9996401 -65.31898819999928 1
vertex 191.9996401 -65.31898819999945 0
endloop
endfacet
facet normal 0 0 -1
outer loop
vertex 191.97910554798943 -64.53466167538768 1
vertex 191.9996401 -65.31898819999945 0
vertex 191.99658154875834 -65.20216544854762 0
endloop
endfacet
facet normal 0 0 -1
outer loop
vertex 191.97910554798943 -64.53466167538768 1
vertex 191.99658154875834 -65.20216544854762 0
vertex 191.9892144503107 -64.92077578302425 0
endloop
endfacet
facet normal 0 0 -1
outer loop
vertex 191.97910554798943 -64.53466167538768 1
vertex 191.9892144503107 -64.92077578302425 0
vertex 191.98155292369174 -64.62814029999998 0
endloop
endfacet
facet normal 0 0 -1
outer loop
vertex 191.97910554798943 -64.53466167538768 1
vertex 191.98155292369174 -64.62814029999998 0
vertex 191.97910554798946 -64.53466167538772 0
endloop
endfacet
facet normal 0 0 1
outer loop
vertex 191.83612380653028 -63.76320865769816 1
vertex 191.84197618279416 -63.79478495047057 1
vertex 191.89004065710316 -64.0541151514524 1
endloop
endfacet
facet normal 0 0 1
outer loop
vertex 191.83612380653028 -63.76320865769816 1
vertex 191.89004065710316 -64.0541151514524 1
vertex 191.9421936508469 -64.33550481697581 1
endloop
endfacet
facet normal 0 0 1
outer loop
vertex 191.83612380653028 -63.76320865769816 1
vertex 191.9421936508469 -64.33550481697581 1
vertex 191.97910554798943 -64.53466167538768 1
endloop
endfacet
facet normal 0 0 1
outer loop
vertex 191.83612380653028 -63.76320865769816 1
vertex 191.97910554798943 -64.53466167538768 1
vertex 191.97910554798946 -64.53466167538772 0
endloop
endfacet
facet normal 0 0 1
outer loop
vertex 191.83612380653028 -63.76320865769816 1
vertex 191.97910554798946 -64.53466167538772 0
vertex 191.94219365084692 -64.33550481697584 0
endloop
endfacet
facet normal 0 0 1
outer loop
vertex 191.83612380653028 -63.76320865769816 1
vertex 191.94219365084692 -64.33550481697584 0
vertex 191.89004065710316 -64.05411515145232 0
endloop
endfacet
facet normal 0 0 1
outer loop
vertex 191.83612380653028 -63.76320865769816 1
vertex 191.89004065710316 -64.05411515145232 0
vertex 191.84197618279418 -63.794784950470614 0
endloop
endfacet
facet normal 0 0 1
outer loop
vertex 191.83612380653028 -63.76320865769816 1
vertex 191.84197618279418 -63.794784950470614 0
vertex 191.8361238065303 -63.763208657698286 0
endloop
endfacet
facet normal 0 0 -1
outer loop
vertex 191.57422051386737 -63.02362079801901 1
vertex 191.58832145543613 -63.063440401233066 1
vertex 191.61123302206104 -63.128140299999984 1
endloop
endfacet
facet normal 0 0 -1
outer loop
vertex 191.57422051386737 -63.02362079801901 1
vertex 191.61123302206104 -63.128140299999984 1
vertex 191.6214395139554 -63.156962379395154 1
endloop
endfacet
facet normal 0 0 -1
outer loop
vertex 191.57422051386737 -63.02362079801901 1
vertex 191.6214395139554 -63.156962379395154 1
vertex 191.65166675987885 -63.242321001233066 1
endloop
endfacet
facet normal 0 0 -1
outer loop
vertex 191.57422051386737 -63.02362079801901 1
vertex 191.65166675987885 -63.242321001233066 1
vertex 191.70075314372218 -63.38093588154618 1
endloop
endfacet
facet normal 0 0 -1
outer loop
vertex 191.57422051386737 -63.02362079801901 1
vertex 191.70075314372218 -63.38093588154618 1
vertex 191.76681230328225 -63.567480128220154 1
endloop
endfacet
facet normal 0 0 -1
outer loop
vertex 191.57422051386737 -63.02362079801901 1
vertex 191.76681230328225 -63.567480128220154 1
vertex 191.83612380653028 -63.76320865769816 1
endloop
endfacet
facet normal 0 0 -1
outer loop
vertex 191.57422051386737 -63.02362079801901 1
vertex 191.83612380653028 -63.76320865769816 1
vertex 191.8361238065303 -63.763208657698286 0
endloop
endfacet
facet normal 0 0 -1
outer loop
vertex 191.57422051386737 -63.02362079801901 1
vertex 191.8361238065303 -63.763208657698286 0
vertex 191.76681230328222 -63.56748012822018 0
endloop
endfacet
facet normal 0 0 -1
outer loop
vertex 191.57422051386737 -63.02362079801901 1
vertex 191.76681230328222 -63.56748012822018 0
vertex 191.70075314372212 -63.38093588154614 0
endloop
endfacet
facet normal 0 0 -1
outer loop
vertex 191.57422051386737 -63.02362079801901 1
vertex 191.70075314372212 -63.38093588154614 0
vertex 191.65166675987882 -63.24232100123305 0
endloop
endfacet
facet normal 0 0 -1
outer loop
vertex 191.57422051386737 -63.02362079801901 1
vertex 191.65166675987882 -63.24232100123305 0
vertex 191.62143951395538 -63.15696237939517 0
endloop
endfacet
facet normal 0 0 -1
outer loop
vertex 191.57422051386737 -63.02362079801901 1
vertex 191.62143951395538 -63.15696237939517 0
vertex 191.61123302206101 -63.1281403 0
endloop
endfacet
facet normal 0 0 -1
outer loop
vertex 191.57422051386737 -63.02362079801901 1
vertex 191.61123302206101 -63.1281403 0
vertex 191.5883214554361 -63.063440401233066 0
endloop
endfacet
facet normal 0 0 -1
outer loop
vertex 191.57422051386737 -63.02362079801901 1
vertex 191.5883214554361 -63.063440401233066 0
vertex 191.5742205138673 -63.02362079801887 0
endloop
endfacet
facet normal 0 0 1
outer loop
vertex 191.19984460420943 -62.334109220769975 1
vertex 191.53384555189052 -62.9492597 1
vertex 191.5494947339316 -62.978081779395154 1
endloop
endfacet
facet normal 0 0 1
outer loop
vertex 191.19984460420943 -62.334109220769975 1
vertex 191.5494947339316 -62.978081779395154 1
vertex 191.57422051386737 -63.02362079801901 1
endloop
endfacet
facet normal 0 0 1
outer loop
vertex 191.19984460420943 -62.334109220769975 1
vertex 191.57422051386737 -63.02362079801901 1
vertex 191.5742205138673 -63.02362079801887 0
endloop
endfacet
facet normal 0 0 1
outer loop
vertex 191.19984460420943 -62.334109220769975 1
vertex 191.5742205138673 -63.02362079801887 0
vertex 191.54949473393157 -62.978081779395154 0
endloop
endfacet
facet normal 0 0 1
outer loop
vertex 191.19984460420943 -62.334109220769975 1
vertex 191.54949473393157 -62.978081779395154 0
vertex 191.53384555189052 -62.9492597 0
endloop
endfacet
facet normal 0 0 1
outer loop
vertex 191.19984460420943 -62.334109220769975 1
vertex 191.53384555189052 -62.9492597 0
vertex 191.19984460420952 -62.33410922077013 0
endloop
endfacet
facet normal 0.7933521582652769 0.6087629694518442 0
outer loop
vertex 190.72221446342033 -61.71165200496927 1
vertex 191.19984460420943 -62.334109220769975 1
vertex 191.19984460420952 -62.33410922077013 0
endloop
endfacet
facet normal 0.7933521582652769 0.6087629694518442 0
outer loop
vertex 190.72221446342033 -61.71165200496927 1
vertex 191.19984460420952 -62.33410922077013 0
vertex 190.72221446342027 -61.71165200496921 0
endloop
endfacet
facet normal 0.6883531146918126 0.7253757574485656 0
outer loop
vertex 190.1530909415557 -61.17157612719541 1
vertex 190.72221446342033 -61.71165200496927 1
vertex 190.72221446342027 -61.71165200496921 0
endloop
endfacet
facet normal 0.6883531146918126 0.7253757574485656 0
outer loop
vertex 190.1530909415557 -61.17157612719541 1
vertex 190.72221446342027 -61.71165200496921 0
vertex 190.1530909415557 -61.17157612719541 0
endloop
endfacet
facet normal 0.56640451731942 0.8241273704714307 0
outer loop
vertex 189.5064877614364 -60.72718006020986 1
vertex 190.1530909415557 -61.17157612719541 1
vertex 190.1530909415557 -61.17157612719541 0
endloop
endfacet
facet normal 0.56640451731942 0.8241273704714307 0
outer loop
vertex 189.5064877614364 -60.72718006020986 1
vertex 190.1530909415557 -61.17157612719541 0
vertex 189.5064877614364 -60.72718006020985 0
endloop
endfacet
facet normal 0 0 1
outer loop
vertex 188.79832645396561 -60.38940632012026 1
vertex 189.25514531377382 -60.607296528457084 1
vertex 189.29624754671497 -60.62690117897964 1
endloop
endfacet
facet normal 0 0 1
outer loop
vertex 188.79832645396561 -60.38940632012026 1
vertex 189.29624754671497 -60.62690117897964 1
vertex 189.5064877614364 -60.72718006020986 1
endloop
endfacet
facet normal 0 0 1
outer loop
vertex 188.79832645396561 -60.38940632012026 1
vertex 189.5064877614364 -60.72718006020986 1
vertex 189.5064877614364 -60.72718006020985 0
endloop
endfacet
facet normal 0 0 1
outer loop
vertex 188.79832645396561 -60.38940632012026 1
vertex 189.5064877614364 -60.72718006020985 0
vertex 189.29624754671505 -60.626901178979665 0
endloop
endfacet
facet normal 0 0 1
outer loop
vertex 188.79832645396561 -60.38940632012026 1
vertex 189.29624754671505 -60.626901178979665 0
vertex 189.2551453137738 -60.607296528457056 0
endloop
endfacet
facet normal 0 0 1
outer loop
vertex 188.79832645396561 -60.38940632012026 1
vertex 189.2551453137738 -60.607296528457056 0
vertex 188.79832645396564 -60.38940632012026 0
endloop
endfacet
facet normal 0.2840132051258042 0.9588203686375086 0
outer loop
vertex 188.04604431683737 -60.166572025070494 1
vertex 188.79832645396561 -60.38940632012026 1
vertex 188.79832645396564 -60.38940632012026 0
endloop
endfacet
facet normal 0.2840132051258042 0.9588203686375086 0
outer loop
vertex 188.04604431683737 -60.166572025070494 1
vertex 188.79832645396564 -60.38940632012026 0
vertex 188.04604431683742 -60.166572025070494 0
endloop
endfacet
facet normal 0.13052390801449576 0.9914451620925 0
outer loop
vertex 187.26816504999994 -60.0641641 1
vertex 188.04604431683737 -60.166572025070494 1
vertex 188.04604431683742 -60.166572025070494 0
endloop
endfacet
facet normal 0.13052390801449576 0.9914451620925 0
outer loop
vertex 187.26816504999994 -60.0641641 1
vertex 188.04604431683742 -60.166572025070494 0
vertex 187.26816504999988 -60.064164099999985 0
endloop
endfacet
facet normal 0.05233638873852442 0.998629512088347 0
outer loop
vertex 177.97094870000006 -59.5769136 1
vertex 187.26816504999994 -60.0641641 1
vertex 187.26816504999988 -60.064164099999985 0
endloop
endfacet
facet normal 0.05233638873852442 0.998629512088347 0
outer loop
vertex 177.97094870000006 -59.5769136 1
vertex 187.26816504999988 -60.064164099999985 0
vertex 177.9709487 -59.5769136 0
endloop
endfacet
facet normal 0.07373315275727067 0.997278006467842 0
outer loop
vertex 177.75723774142972 -59.56111300813697 1
vertex 177.97094870000006 -59.5769136 1
vertex 177.9709487 -59.5769136 0
endloop
endfacet
facet normal 0.07373315275727067 0.997278006467842 0
outer loop
vertex 177.75723774142972 -59.56111300813697 1
vertex 177.9709487 -59.5769136 0
vertex 177.75723774142986 -59.561113008136985 0
endloop
endfacet
facet normal 0.11639008801961381 0.9932035780295934 0
outer loop
vertex 177.5444043499998 -59.53617179999998 1
vertex 177.75723774142972 -59.56111300813697 1
vertex 177.75723774142986 -59.561113008136985 0
endloop
endfacet
facet normal 0.11639008801961381 0.9932035780295934 0
outer loop
vertex 177.5444043499998 -59.53617179999998 1
vertex 177.75723774142986 -59.561113008136985 0
vertex 177.54440434999984 -59.53617179999998 0
endloop
endfacet
facet normal 0 0 1
outer loop
vertex 32.710443020604856 -64.74189518302418 1
vertex 32.721646898672645 -64.62814029999993 1
vertex 32.739265100000004 -64.44925969999998 1
endloop
endfacet
facet normal 0 0 1
outer loop
vertex 32.710443020604856 -64.74189518302418 1
vertex 32.739265100000004 -64.44925969999998 1
vertex 32.7392651 -64.44925969999997 0
endloop
endfacet
facet normal 0 0 1
outer loop
vertex 32.710443020604856 -64.74189518302418 1
vertex 32.7392651 -64.44925969999997 0
vertex 32.72164689867263 -64.62814029999998 0
endloop
endfacet
facet normal 0 0 1
outer loop
vertex 32.710443020604856 -64.74189518302418 1
vertex 32.72164689867263 -64.62814029999998 0
vertex 32.71044302060485 -64.74189518302418 0
endloop
endfacet
facet normal 0 0 1
outer loop
vertex 32.739265100000004 -64.44925969999998 1
vertex 32.728061221932236 -64.33550481697581 1
vertex 32.71044302060487 -64.15662421697586 1
endloop
endfacet
facet normal 0 0 1
outer loop
vertex 32.739265100000004 -64.44925969999998 1
vertex 32.71044302060487 -64.15662421697586 1
vertex 32.710443020604856 -64.15662421697581 0
endloop
endfacet
facet normal 0 0 1
outer loop
vertex 32.739265100000004 -64.44925969999998 1
vertex 32.710443020604856 -64.15662421697581 0
vertex 32.72806122193222 -64.33550481697584 0
endloop
endfacet
facet normal 0 0 1
outer loop
vertex 32.739265100000004 -64.44925969999998 1
vertex 32.72806122193222 -64.33550481697584 0
vertex 32.7392651 -64.44925969999997 0
endloop
endfacet
facet normal 0 0 -1
outer loop
vertex 32.71044302060487 -64.15662421697586 1
vertex 32.67934723553862 -64.0541151514524 1
vertex 32.62508439876691 -63.87523455145234 1
endloop
endfacet
facet normal 0 0 -1
outer loop
vertex 32.71044302060487 -64.15662421697586 1
vertex 32.62508439876691 -63.87523455145234 1
vertex 32.62508439876693 -63.875234551452365 0
endloop
endfacet
facet normal 0 0 -1
outer loop
vertex 32.71044302060487 -64.15662421697586 1
vertex 32.62508439876693 -63.875234551452365 0
vertex 32.679347235538614 -64.05411515145232 0
endloop
endfacet
facet normal 0 0 -1
outer loop
vertex 32.71044302060487 -64.15662421697586 1
vertex 32.679347235538614 -64.05411515145232 0
vertex 32.710443020604856 -64.15662421697581 0
endloop
endfacet
facet normal 0 0 1
outer loop
vertex 32.62508439876691 -63.87523455145234 1
vertex 32.58208319115936 -63.79478495047057 1
vertex 32.48646951845384 -63.61590435047063 1
endloop
endfacet
facet normal 0 0 1
outer loop
vertex 32.62508439876691 -63.87523455145234 1
vertex 32.48646951845384 -63.61590435047063 1
vertex 32.486469518453816 -63.6159043504706 0
endloop
endfacet
facet normal 0 0 1
outer loop
vertex 32.62508439876691 -63.87523455145234 1
vertex 32.486469518453816 -63.6159043504706 0
vertex 32.582083191159384 -63.794784950470614 0
endloop
endfacet
facet normal 0 0 1
outer loop
vertex 32.62508439876691 -63.87523455145234 1
vertex 32.582083191159384 -63.794784950470614 0
vertex 32.62508439876693 -63.875234551452365 0
endloop
endfacet
facet normal 0 0 1
outer loop
vertex 32.48646951845384 -63.61590435047063 1
vertex 32.44672878629051 -63.567480128220154 1
vertex 32.29992527177981 -63.38859952822017 1
endloop
endfacet
facet normal 0 0 1
outer loop
vertex 32.48646951845384 -63.61590435047063 1
vertex 32.29992527177981 -63.38859952822017 1
vertex 32.29992527177981 -63.38859952822017 0
endloop
endfacet
facet normal 0 0 1
outer loop
vertex 32.48646951845384 -63.61590435047063 1
vertex 32.29992527177981 -63.38859952822017 0
vertex 32.44672878629053 -63.56748012822018 0
endloop
endfacet
facet normal 0 0 1
outer loop
vertex 32.48646951845384 -63.61590435047063 1
vertex 32.44672878629053 -63.56748012822018 0
vertex 32.486469518453816 -63.6159043504706 0
endloop
endfacet
facet normal 0 0 -1
outer loop
vertex 32.29992527177981 -63.38859952822017 1
vertex 32.29058709128869 -63.38093588154618 1
vertex 32.121684370928214 -63.242321001233066 1
endloop
endfacet
facet normal 0 0 -1
outer loop
vertex 32.29992527177981 -63.38859952822017 1
vertex 32.121684370928214 -63.242321001233066 1
vertex 32.072620449529424 -63.202055281546194 1
endloop
endfacet
facet normal 0 0 -1
outer loop
vertex 32.29992527177981 -63.38859952822017 1
vertex 32.072620449529424 -63.202055281546194 1
vertex 32.07262044952944 -63.202055281546194 0
endloop
endfacet
facet normal 0 0 -1
outer loop
vertex 32.29992527177981 -63.38859952822017 1
vertex 32.07262044952944 -63.202055281546194 0
vertex 32.12168437092819 -63.24232100123305 0
endloop
endfacet
facet normal 0 0 -1
outer loop
vertex 32.29992527177981 -63.38859952822017 1
vertex 32.12168437092819 -63.24232100123305 0
vertex 32.29058709128864 -63.38093588154614 0
endloop
endfacet
facet normal 0 0 -1
outer loop
vertex 32.29992527177981 -63.38859952822017 1
vertex 32.29058709128864 -63.38093588154614 0
vertex 32.29992527177981 -63.38859952822017 0
endloop
endfacet
facet normal 0 0 -1
outer loop
vertex 32.072620449529424 -63.202055281546194 1
vertex 31.988257563299122 -63.156962379395154 1
vertex 31.934335245396614 -63.128140299999984 1
endloop
endfacet
facet normal 0 0 -1
outer loop
vertex 32.072620449529424 -63.202055281546194 1
vertex 31.934335245396614 -63.128140299999984 1
vertex 31.81329024854762 -63.063440401233066 1
endloop
endfacet
facet normal 0 0 -1
outer loop
vertex 32.072620449529424 -63.202055281546194 1
vertex 31.81329024854762 -63.063440401233066 1
vertex 31.813290248547617 -63.063440401233066 0
endloop
endfacet
facet normal 0 0 -1
outer loop
vertex 32.072620449529424 -63.202055281546194 1
vertex 31.813290248547617 -63.063440401233066 0
vertex 31.934335245396664 -63.1281403 0
endloop
endfacet
facet normal 0 0 -1
outer loop
vertex 32.072620449529424 -63.202055281546194 1
vertex 31.934335245396664 -63.1281403 0
vertex 31.98825756329917 -63.15696237939517 0
endloop
endfacet
facet normal 0 0 -1
outer loop
vertex 32.072620449529424 -63.202055281546194 1
vertex 31.98825756329917 -63.15696237939517 0
vertex 32.07262044952944 -63.202055281546194 0
endloop
endfacet
facet normal -0.2902846772544619 -0.956940335732209 0
outer loop
vertex 31.81329024854762 -63.063440401233066 1
vertex 31.53190058302419 -62.978081779395154 1
vertex 31.531900583024225 -62.978081779395154 0
endloop
endfacet
facet normal -0.2902846772544619 -0.956940335732209 0
outer loop
vertex 31.81329024854762 -63.063440401233066 1
vertex 31.531900583024225 -62.978081779395154 0
vertex 31.813290248547617 -63.063440401233066 0
endloop
endfacet
facet normal -0.09801714032955997 -0.9951847266721969 0
outer loop
vertex 31.53190058302419 -62.978081779395154 1
vertex 31.23926510000001 -62.9492597 1
vertex 31.239265100000026 -62.9492597 0
endloop
endfacet
facet normal -0.09801714032955997 -0.9951847266721969 0
outer loop
vertex 31.53190058302419 -62.978081779395154 1
vertex 31.239265100000026 -62.9492597 0
vertex 31.531900583024225 -62.978081779395154 0
endloop
endfacet
facet normal 0.09801714032955997 -0.9951847266721969 0
outer loop
vertex 31.23926510000001 -62.9492597 1
vertex 30.94662961697584 -62.978081779395154 1
vertex 30.94662961697585 -62.978081779395154 0
endloop
endfacet
facet normal 0.09801714032955997 -0.9951847266721969 0
outer loop
vertex 31.23926510000001 -62.9492597 1
vertex 30.94662961697585 -62.978081779395154 0
vertex 31.239265100000026 -62.9492597 0
endloop
endfacet
facet normal 0.2902846772544479 -0.9569403357322133 0
outer loop
vertex 30.94662961697584 -62.978081779395154 1
vertex 30.665239951452264 -63.063440401233066 1
vertex 30.665239951452364 -63.063440401233066 0
endloop
endfacet
facet normal 0.2902846772544479 -0.9569403357322133 0
outer loop
vertex 30.94662961697584 -62.978081779395154 1
vertex 30.665239951452364 -63.063440401233066 0
vertex 30.94662961697585 -62.978081779395154 0
endloop
endfacet
facet normal 0.47139673682600847 -0.8819212643483494 0
outer loop
vertex 30.665239951452264 -63.063440401233066 1
vertex 30.40590975047067 -63.202055281546194 1
vertex 30.40590975047052 -63.202055281546194 0
endloop
endfacet
facet normal 0.47139673682600847 -0.8819212643483494 0
outer loop
vertex 30.665239951452264 -63.063440401233066 1
vertex 30.40590975047052 -63.202055281546194 0
vertex 30.665239951452364 -63.063440401233066 0
endloop
endfacet
facet normal 0.634393284163644 -0.7730104533627381 0
outer loop
vertex 30.40590975047067 -63.202055281546194 1
vertex 30.178604928220167 -63.38859952822017 1
vertex 30.178604928220242 -63.38859952822017 0
endloop
endfacet
facet normal 0.634393284163644 -0.7730104533627381 0
outer loop
vertex 30.40590975047067 -63.202055281546194 1
vertex 30.178604928220242 -63.38859952822017 0
vertex 30.40590975047052 -63.202055281546194 0
endloop
endfacet
facet normal 0.7730104533627319 -0.6343932841636518 0
outer loop
vertex 30.178604928220167 -63.38859952822017 1
vertex 29.992060681546178 -63.61590435047063 1
vertex 29.992060681546175 -63.6159043504706 0
endloop
endfacet
facet normal 0.7730104533627319 -0.6343932841636518 0
outer loop
vertex 30.178604928220167 -63.38859952822017 1
vertex 29.992060681546175 -63.6159043504706 0
vertex 30.178604928220242 -63.38859952822017 0
endloop
endfacet
facet normal 0.8819212643483643 -0.47139673682598043 0
outer loop
vertex 29.992060681546178 -63.61590435047063 1
vertex 29.85344580123308 -63.87523455145234 1
vertex 29.85344580123307 -63.875234551452365 0
endloop
endfacet
facet normal 0.8819212643483643 -0.47139673682598043 0
outer loop
vertex 29.992060681546178 -63.61590435047063 1
vertex 29.85344580123307 -63.875234551452365 0
vertex 29.992060681546175 -63.6159043504706 0
endloop
endfacet
facet normal 0.9569403357322089 -0.2902846772544624 0
outer loop
vertex 29.85344580123308 -63.87523455145234 1
vertex 29.768087179395152 -64.15662421697586 1
vertex 29.76808717939516 -64.15662421697581 0
endloop
endfacet
facet normal 0.9569403357322089 -0.2902846772544624 0
outer loop
vertex 29.85344580123308 -63.87523455145234 1
vertex 29.76808717939516 -64.15662421697581 0
vertex 29.85344580123307 -63.875234551452365 0
endloop
endfacet
facet normal 0.9951847266721969 -0.09801714032955997 0
outer loop
vertex 29.768087179395152 -64.15662421697586 1
vertex 29.739265099999997 -64.44925969999998 1
vertex 29.7392651 -64.44925969999997 0
endloop
endfacet
facet normal 0.9951847266721969 -0.09801714032955997 0
outer loop
vertex 29.768087179395152 -64.15662421697586 1
vertex 29.7392651 -64.44925969999997 0
vertex 29.76808717939516 -64.15662421697581 0
endloop
endfacet
facet normal 0.9951847266721985 0.09801714032954578 0
outer loop
vertex 29.739265099999997 -64.44925969999998 1
vertex 29.768087179395152 -64.74189518302418 1
vertex 29.768087179395167 -64.74189518302418 0
endloop
endfacet
facet normal 0.9951847266721985 0.09801714032954578 0
outer loop
vertex 29.739265099999997 -64.44925969999998 1
vertex 29.768087179395167 -64.74189518302418 0
vertex 29.7392651 -64.44925969999997 0
endloop
endfacet
facet normal 0.9569403357322074 0.2902846772544674 0
outer loop
vertex 29.768087179395152 -64.74189518302418 1
vertex 29.85344580123308 -65.02328484854765 1
vertex 29.853445801233075 -65.02328484854765 0
endloop
endfacet
facet normal 0.9569403357322074 0.2902846772544674 0
outer loop
vertex 29.768087179395152 -64.74189518302418 1
vertex 29.853445801233075 -65.02328484854765 0
vertex 29.768087179395167 -64.74189518302418 0
endloop
endfacet
facet normal 0.8819212643483585 0.47139673682599126 0
outer loop
vertex 29.85344580123308 -65.02328484854765 1
vertex 29.992060681546178 -65.2826150495294 1
vertex 29.99206068154619 -65.28261504952941 0
endloop
endfacet
facet normal 0.8819212643483585 0.47139673682599126 0
outer loop
vertex 29.85344580123308 -65.02328484854765 1
vertex 29.99206068154619 -65.28261504952941 0
vertex 29.853445801233075 -65.02328484854765 0
endloop
endfacet
facet normal 0.7730104533627318 0.634393284163652 0
outer loop
vertex 29.992060681546178 -65.2826150495294 1
vertex 30.178604928220153 -65.50991987177977 1
vertex 30.17860492822013 -65.50991987177977 0
endloop
endfacet
facet normal 0.7730104533627318 0.634393284163652 0
outer loop
vertex 29.992060681546178 -65.2826150495294 1
vertex 30.17860492822013 -65.50991987177977 0
vertex 29.99206068154619 -65.28261504952941 0
endloop
endfacet
facet normal 0.6343932841636499 0.7730104533627332 0
outer loop
vertex 30.178604928220153 -65.50991987177977 1
vertex 30.405909750470627 -65.69646411845383 1
vertex 30.4059097504706 -65.69646411845382 0
endloop
endfacet
facet normal 0.6343932841636499 0.7730104533627332 0
outer loop
vertex 30.178604928220153 -65.50991987177977 1
vertex 30.4059097504706 -65.69646411845382 0
vertex 30.17860492822013 -65.50991987177977 0
endloop
endfacet
facet normal 0.4713967368259944 0.8819212643483568 0
outer loop
vertex 30.405909750470627 -65.69646411845383 1
vertex 30.665239951452364 -65.83507899876693 1
vertex 30.665239951452374 -65.83507899876693 0
endloop
endfacet
facet normal 0.4713967368259944 0.8819212643483568 0
outer loop
vertex 30.405909750470627 -65.69646411845383 1
vertex 30.665239951452374 -65.83507899876693 0
vertex 30.4059097504706 -65.69646411845382 0
endloop
endfacet
facet normal 0.2902846772544479 0.9569403357322133 0
outer loop
vertex 30.665239951452364 -65.83507899876693 1
vertex 30.946629616975855 -65.92043762060486 1
vertex 30.94662961697587 -65.92043762060486 0
endloop
endfacet
facet normal 0.2902846772544479 0.9569403357322133 0
outer loop
vertex 30.665239951452364 -65.83507899876693 1
vertex 30.94662961697587 -65.92043762060486 0
vertex 30.665239951452374 -65.83507899876693 0
endloop
endfacet
facet normal 0.09801714032955998 0.9951847266721969 0
outer loop
vertex 30.946629616975855 -65.92043762060486 1
vertex 31.239265100000033 -65.94925970000001 1
vertex 31.239265100000033 -65.94925970000001 0
endloop
endfacet
facet normal 0.09801714032955998 0.9951847266721969 0
outer loop
vertex 30.946629616975855 -65.92043762060486 1
vertex 31.239265100000033 -65.94925970000001 0
vertex 30.94662961697587 -65.92043762060486 0
endloop
endfacet
facet normal -0.09801714032955998 0.9951847266721969 0
outer loop
vertex 31.239265100000033 -65.94925970000001 1
vertex 31.53190058302414 -65.92043762060486 1
vertex 31.531900583024125 -65.92043762060486 0
endloop
endfacet
facet normal -0.09801714032955998 0.9951847266721969 0
outer loop
vertex 31.239265100000033 -65.94925970000001 1
vertex 31.531900583024125 -65.92043762060486 0
vertex 31.239265100000033 -65.94925970000001 0
endloop
endfacet
facet normal 0 0 -1
outer loop
vertex 31.53190058302414 -65.92043762060486 1
vertex 31.680551959775002 -65.87534471845382 1
vertex 31.813290248547613 -65.83507899876693 1
endloop
endfacet
facet normal 0 0 -1
outer loop
vertex 31.53190058302414 -65.92043762060486 1
vertex 31.813290248547613 -65.83507899876693 1
vertex 31.813290248547702 -65.83507899876693 0
endloop
endfacet
facet normal 0 0 -1
outer loop
vertex 31.53190058302414 -65.92043762060486 1
vertex 31.813290248547702 -65.83507899876693 0
vertex 31.680551959774807 -65.87534471845387 0
endloop
endfacet
facet normal 0 0 -1
outer loop
vertex 31.53190058302414 -65.92043762060486 1
vertex 31.680551959774807 -65.87534471845387 0
vertex 31.531900583024125 -65.92043762060486 0
endloop
endfacet
facet normal -0.47139673682600836 0.8819212643483493 0
outer loop
vertex 31.813290248547613 -65.83507899876693 1
vertex 32.07262044952943 -65.69646411845383 1
vertex 32.072620449529396 -65.69646411845382 0
endloop
endfacet
facet normal -0.47139673682600836 0.8819212643483493 0
outer loop
vertex 31.813290248547613 -65.83507899876693 1
vertex 32.072620449529396 -65.69646411845382 0
vertex 31.813290248547702 -65.83507899876693 0
endloop
endfacet
facet normal 0 0 -1
outer loop
vertex 32.07262044952943 -65.69646411845383 1
vertex 32.08195863002055 -65.6888004717798 1
vertex 32.29992527177987 -65.50991987177977 1
endloop
endfacet
facet normal 0 0 -1
outer loop
vertex 32.07262044952943 -65.69646411845383 1
vertex 32.29992527177987 -65.50991987177977 1
vertex 32.29992527177987 -65.50991987177977 0
endloop
endfacet
facet normal 0 0 -1
outer loop
vertex 32.07262044952943 -65.69646411845383 1
vertex 32.29992527177987 -65.50991987177977 0
vertex 32.081958630020566 -65.68880047177979 0
endloop
endfacet
facet normal 0 0 -1
outer loop
vertex 32.07262044952943 -65.69646411845383 1
vertex 32.081958630020566 -65.68880047177979 0
vertex 32.072620449529396 -65.69646411845382 0
endloop
endfacet
facet normal 0 0 -1
outer loop
vertex 32.29992527177987 -65.50991987177977 1
vertex 32.33966600394312 -65.46149564952934 1
vertex 32.486469518453795 -65.2826150495294 1
endloop
endfacet
facet normal 0 0 -1
outer loop
vertex 32.29992527177987 -65.50991987177977 1
vertex 32.486469518453795 -65.2826150495294 1
vertex 32.48646951845379 -65.28261504952941 0
endloop
endfacet
facet normal 0 0 -1
outer loop
vertex 32.29992527177987 -65.50991987177977 1
vertex 32.48646951845379 -65.28261504952941 0
vertex 32.33966600394314 -65.46149564952938 0
endloop
endfacet
facet normal 0 0 -1
outer loop
vertex 32.29992527177987 -65.50991987177977 1
vertex 32.33966600394314 -65.46149564952938 0
vertex 32.29992527177987 -65.50991987177977 0
endloop
endfacet
facet normal 0 0 1
outer loop
vertex 32.486469518453795 -65.2826150495294 1
vertex 32.52947072606133 -65.20216544854769 1
vertex 32.62508439876692 -65.02328484854765 1
endloop
endfacet
facet normal 0 0 1
outer loop
vertex 32.486469518453795 -65.2826150495294 1
vertex 32.62508439876692 -65.02328484854765 1
vertex 32.625084398766916 -65.02328484854765 0
endloop
endfacet
facet normal 0 0 1
outer loop
vertex 32.486469518453795 -65.2826150495294 1
vertex 32.625084398766916 -65.02328484854765 0
vertex 32.52947072606136 -65.20216544854762 0
endloop
endfacet
facet normal 0 0 1
outer loop
vertex 32.486469518453795 -65.2826150495294 1
vertex 32.52947072606136 -65.20216544854762 0
vertex 32.48646951845379 -65.28261504952941 0
endloop
endfacet
facet normal 0 0 -1
outer loop
vertex 32.62508439876692 -65.02328484854765 1
vertex 32.65618018383314 -64.92077578302421 1
vertex 32.710443020604856 -64.74189518302418 1
endloop
endfacet
facet normal 0 0 -1
outer loop
vertex 32.62508439876692 -65.02328484854765 1
vertex 32.710443020604856 -64.74189518302418 1
vertex 32.71044302060485 -64.74189518302418 0
endloop
endfacet
facet normal 0 0 -1
outer loop
vertex 32.62508439876692 -65.02328484854765 1
vertex 32.71044302060485 -64.74189518302418 0
vertex 32.65618018383313 -64.92077578302425 0
endloop
endfacet
facet normal 0 0 -1
outer loop
vertex 32.62508439876692 -65.02328484854765 1
vertex 32.65618018383313 -64.92077578302425 0
vertex 32.625084398766916 -65.02328484854765 0
endloop
endfacet
facet normal -0.9951847266721969 0.09801714032956006 0
outer loop
vertex 111.47374452060482 -64.92077578302421 1
vertex 111.50256659999998 -64.62814029999993 1
vertex 111.5025666 -64.62814029999998 0
endloop
endfacet
facet normal -0.9951847266721969 0.09801714032956006 0
outer loop
vertex 111.47374452060482 -64.92077578302421 1
vertex 111.5025666 -64.62814029999998 0
vertex 111.47374452060482 -64.92077578302425 0
endloop
endfacet
facet normal -0.9951847266721969 -0.09801714032956006 0
outer loop
vertex 111.50256659999998 -64.62814029999993 1
vertex 111.47374452060484 -64.33550481697581 1
vertex 111.47374452060484 -64.33550481697584 0
endloop
endfacet
facet normal -0.9951847266721969 -0.09801714032956006 0
outer loop
vertex 111.50256659999998 -64.62814029999993 1
vertex 111.47374452060484 -64.33550481697584 0
vertex 111.5025666 -64.62814029999998 0
endloop
endfacet
facet normal -0.9569403357322133 -0.2902846772544479 0
outer loop
vertex 111.47374452060484 -64.33550481697581 1
vertex 111.38838589876693 -64.0541151514524 1
vertex 111.3883858987669 -64.05411515145232 0
endloop
endfacet
facet normal -0.9569403357322133 -0.2902846772544479 0
outer loop
vertex 111.47374452060484 -64.33550481697581 1
vertex 111.3883858987669 -64.05411515145232 0
vertex 111.47374452060484 -64.33550481697584 0
endloop
endfacet
facet normal -0.8819212643483717 -0.4713967368259664 0
outer loop
vertex 111.38838589876693 -64.0541151514524 1
vertex 111.24977101845379 -63.79478495047057 1
vertex 111.24977101845381 -63.794784950470614 0
endloop
endfacet
facet normal -0.8819212643483717 -0.4713967368259664 0
outer loop
vertex 111.38838589876693 -64.0541151514524 1
vertex 111.24977101845381 -63.794784950470614 0
vertex 111.3883858987669 -64.05411515145232 0
endloop
endfacet
facet normal -0.773010453362717 -0.6343932841636698 0
outer loop
vertex 111.24977101845379 -63.79478495047057 1
vertex 111.06322677177978 -63.567480128220154 1
vertex 111.06322677177981 -63.56748012822018 0
endloop
endfacet
facet normal -0.773010453362717 -0.6343932841636698 0
outer loop
vertex 111.24977101845379 -63.79478495047057 1
vertex 111.06322677177981 -63.56748012822018 0
vertex 111.24977101845381 -63.794784950470614 0
endloop
endfacet
facet normal -0.6343932841636509 -0.7730104533627326 0
outer loop
vertex 111.06322677177978 -63.567480128220154 1
vertex 110.83592194952939 -63.38093588154618 1
vertex 110.83592194952932 -63.38093588154614 0
endloop
endfacet
facet normal -0.6343932841636509 -0.7730104533627326 0
outer loop
vertex 111.06322677177978 -63.567480128220154 1
vertex 110.83592194952932 -63.38093588154614 0
vertex 111.06322677177981 -63.56748012822018 0
endloop
endfacet
facet normal -0.47139673682601346 -0.8819212643483467 0
outer loop
vertex 110.83592194952939 -63.38093588154618 1
vertex 110.57659174854763 -63.242321001233066 1
vertex 110.57659174854763 -63.24232100123305 0
endloop
endfacet
facet normal -0.47139673682601346 -0.8819212643483467 0
outer loop
vertex 110.83592194952939 -63.38093588154618 1
vertex 110.57659174854763 -63.24232100123305 0
vertex 110.83592194952932 -63.38093588154614 0
endloop
endfacet
facet normal -0.2902846772544479 -0.9569403357322133 0
outer loop
vertex 110.57659174854763 -63.242321001233066 1
vertex 110.29520208302421 -63.156962379395154 1
vertex 110.29520208302424 -63.15696237939517 0
endloop
endfacet
facet normal -0.2902846772544479 -0.9569403357322133 0
outer loop
vertex 110.57659174854763 -63.242321001233066 1
vertex 110.29520208302424 -63.15696237939517 0
vertex 110.57659174854763 -63.24232100123305 0
endloop
endfacet
facet normal -0.09801714032955997 -0.9951847266721969 0
outer loop
vertex 110.29520208302421 -63.156962379395154 1
vertex 110.00256659999994 -63.128140299999984 1
vertex 110.00256659999997 -63.1281403 0
endloop
endfacet
facet normal -0.09801714032955997 -0.9951847266721969 0
outer loop
vertex 110.29520208302421 -63.156962379395154 1
vertex 110.00256659999997 -63.1281403 0
vertex 110.29520208302424 -63.15696237939517 0
endloop
endfacet
facet normal 0.09801714032955997 -0.9951847266721969 0
outer loop
vertex 110.00256659999994 -63.128140299999984 1
vertex 109.70993111697578 -63.156962379395154 1
vertex 109.70993111697562 -63.15696237939517 0
endloop
endfacet
facet normal 0.09801714032955997 -0.9951847266721969 0
outer loop
vertex 110.00256659999994 -63.128140299999984 1
vertex 109.70993111697562 -63.15696237939517 0
vertex 110.00256659999997 -63.1281403 0
endloop
endfacet
facet normal 0 0 1
outer loop
vertex 109.70993111697578 -63.156962379395154 1
vertex 109.56127974022492 -63.202055281546194 1
vertex 109.42854145145247 -63.242321001233066 1
endloop
endfacet
facet normal 0 0 1
outer loop
vertex 109.70993111697578 -63.156962379395154 1
vertex 109.42854145145247 -63.242321001233066 1
vertex 109.42854145145242 -63.24232100123305 0
endloop
endfacet
facet normal 0 0 1
outer loop
vertex 109.70993111697578 -63.156962379395154 1
vertex 109.42854145145242 -63.24232100123305 0
vertex 109.56127974022493 -63.202055281546194 0
endloop
endfacet
facet normal 0 0 1
outer loop
vertex 109.70993111697578 -63.156962379395154 1
vertex 109.56127974022493 -63.202055281546194 0
vertex 109.70993111697562 -63.15696237939517 0
endloop
endfacet
facet normal 0.47139673682600847 -0.8819212643483494 0
outer loop
vertex 109.42854145145247 -63.242321001233066 1
vertex 109.16921125047057 -63.38093588154618 1
vertex 109.16921125047075 -63.38093588154614 0
endloop
endfacet
facet normal 0.47139673682600847 -0.8819212643483494 0
outer loop
vertex 109.42854145145247 -63.242321001233066 1
vertex 109.16921125047075 -63.38093588154614 0
vertex 109.42854145145242 -63.24232100123305 0
endloop
endfacet
facet normal 0 0 -1
outer loop
vertex 109.16921125047057 -63.38093588154618 1
vertex 109.15987306997945 -63.38859952822017 1
vertex 108.94190642822016 -63.567480128220154 1
endloop
endfacet
facet normal 0 0 -1
outer loop
vertex 109.16921125047057 -63.38093588154618 1
vertex 108.94190642822016 -63.567480128220154 1
vertex 108.94190642822014 -63.56748012822018 0
endloop
endfacet
facet normal 0 0 -1
outer loop
vertex 109.16921125047057 -63.38093588154618 1
vertex 108.94190642822014 -63.56748012822018 0
vertex 109.15987306997944 -63.38859952822017 0
endloop
endfacet
facet normal 0 0 -1
outer loop
vertex 109.16921125047057 -63.38093588154618 1
vertex 109.15987306997944 -63.38859952822017 0
vertex 109.16921125047075 -63.38093588154614 0
endloop
endfacet
facet normal 0 0 1
outer loop
vertex 108.94190642822016 -63.567480128220154 1
vertex 108.90216569605683 -63.61590435047063 1
vertex 108.75536218154622 -63.79478495047057 1
endloop
endfacet
facet normal 0 0 1
outer loop
vertex 108.94190642822016 -63.567480128220154 1
vertex 108.75536218154622 -63.79478495047057 1
vertex 108.75536218154615 -63.794784950470614 0
endloop
endfacet
facet normal 0 0 1
outer loop
vertex 108.94190642822016 -63.567480128220154 1
vertex 108.75536218154615 -63.794784950470614 0
vertex 108.90216569605687 -63.6159043504706 0
endloop
endfacet
facet normal 0 0 1
outer loop
vertex 108.94190642822016 -63.567480128220154 1
vertex 108.90216569605687 -63.6159043504706 0
vertex 108.94190642822014 -63.56748012822018 0
endloop
endfacet
facet normal 0 0 1
outer loop
vertex 108.75536218154622 -63.79478495047057 1
vertex 108.71236097393866 -63.87523455145234 1
vertex 108.61674730123309 -64.0541151514524 1
endloop
endfacet
facet normal 0 0 1
outer loop
vertex 108.75536218154622 -63.79478495047057 1
vertex 108.61674730123309 -64.0541151514524 1
vertex 108.61674730123309 -64.05411515145232 0
endloop
endfacet
facet normal 0 0 1
outer loop
vertex 108.75536218154622 -63.79478495047057 1
vertex 108.61674730123309 -64.05411515145232 0
vertex 108.71236097393863 -63.875234551452365 0
endloop
endfacet
facet normal 0 0 1
outer loop
vertex 108.75536218154622 -63.79478495047057 1
vertex 108.71236097393863 -63.875234551452365 0
vertex 108.75536218154615 -63.794784950470614 0
endloop
endfacet
facet normal 0 0 -1
outer loop
vertex 108.61674730123309 -64.0541151514524 1
vertex 108.58565151616686 -64.15662421697586 1
vertex 108.53138867939518 -64.33550481697581 1
endloop
endfacet
facet normal 0 0 -1
outer loop
vertex 108.61674730123309 -64.0541151514524 1
vertex 108.53138867939518 -64.33550481697581 1
vertex 108.53138867939512 -64.33550481697584 0
endloop
endfacet
facet normal 0 0 -1
outer loop
vertex 108.61674730123309 -64.0541151514524 1
vertex 108.53138867939512 -64.33550481697584 0
vertex 108.58565151616682 -64.15662421697581 0
endloop
endfacet
facet normal 0 0 -1
outer loop
vertex 108.61674730123309 -64.0541151514524 1
vertex 108.58565151616682 -64.15662421697581 0
vertex 108.61674730123309 -64.05411515145232 0
endloop
endfacet
facet normal 0 0 -1
outer loop
vertex 108.53138867939518 -64.33550481697581 1
vertex 108.5201848013274 -64.44925969999998 1
vertex 108.50256660000001 -64.62814029999993 1
endloop
endfacet
facet normal 0 0 -1
outer loop
vertex 108.53138867939518 -64.33550481697581 1
vertex 108.50256660000001 -64.62814029999993 1
vertex 108.50256660000002 -64.62814029999998 0
endloop
endfacet
facet normal 0 0 -1
outer loop
vertex 108.53138867939518 -64.33550481697581 1
vertex 108.50256660000002 -64.62814029999998 0
vertex 108.5201848013274 -64.44925969999997 0
endloop
endfacet
facet normal 0 0 -1
outer loop
vertex 108.53138867939518 -64.33550481697581 1
vertex 108.5201848013274 -64.44925969999997 0
vertex 108.53138867939512 -64.33550481697584 0
endloop
endfacet
facet normal 0 0 -1
outer loop
vertex 108.50256660000001 -64.62814029999993 1
vertex 108.5137704780678 -64.74189518302418 1
vertex 108.53138867939515 -64.92077578302421 1
endloop
endfacet
facet normal 0 0 -1
outer loop
vertex 108.50256660000001 -64.62814029999993 1
vertex 108.53138867939515 -64.92077578302421 1
vertex 108.53138867939515 -64.92077578302425 0
endloop
endfacet
facet normal 0 0 -1
outer loop
vertex 108.50256660000001 -64.62814029999993 1
vertex 108.53138867939515 -64.92077578302425 0
vertex 108.51377047806778 -64.74189518302418 0
endloop
endfacet
facet normal 0 0 -1
outer loop
vertex 108.50256660000001 -64.62814029999993 1
vertex 108.51377047806778 -64.74189518302418 0
vertex 108.50256660000002 -64.62814029999998 0
endloop
endfacet
facet normal 0 0 -1
outer loop
vertex 108.53138867939515 -64.92077578302421 1
vertex 108.56248446446138 -65.02328484854765 1
vertex 108.61674730123308 -65.20216544854769 1
endloop
endfacet
facet normal 0 0 -1
outer loop
vertex 108.53138867939515 -64.92077578302421 1
vertex 108.61674730123308 -65.20216544854769 1
vertex 108.61674730123305 -65.20216544854762 0
endloop
endfacet
facet normal 0 0 -1
outer loop
vertex 108.53138867939515 -64.92077578302421 1
vertex 108.61674730123305 -65.20216544854762 0
vertex 108.56248446446136 -65.02328484854765 0
endloop
endfacet
facet normal 0 0 -1
outer loop
vertex 108.53138867939515 -64.92077578302421 1
vertex 108.56248446446136 -65.02328484854765 0
vertex 108.53138867939515 -64.92077578302425 0
endloop
endfacet
facet normal 0 0 1
outer loop
vertex 108.61674730123308 -65.20216544854769 1
vertex 108.6597485088406 -65.2826150495294 1
vertex 108.75536218154613 -65.46149564952934 1
endloop
endfacet
facet normal 0 0 1
outer loop
vertex 108.61674730123308 -65.20216544854769 1
vertex 108.75536218154613 -65.46149564952934 1
vertex 108.75536218154616 -65.46149564952938 0
endloop
endfacet
facet normal 0 0 1
outer loop
vertex 108.61674730123308 -65.20216544854769 1
vertex 108.75536218154616 -65.46149564952938 0
vertex 108.65974850884062 -65.28261504952941 0
endloop
endfacet
facet normal 0 0 1
outer loop
vertex 108.61674730123308 -65.20216544854769 1
vertex 108.65974850884062 -65.28261504952941 0
vertex 108.61674730123305 -65.20216544854762 0
endloop
endfacet
facet normal 0 0 -1
outer loop
vertex 108.75536218154613 -65.46149564952934 1
vertex 108.79510291370944 -65.50991987177977 1
vertex 108.94190642822016 -65.6888004717798 1
endloop
endfacet
facet normal 0 0 -1
outer loop
vertex 108.75536218154613 -65.46149564952934 1
vertex 108.94190642822016 -65.6888004717798 1
vertex 108.94190642822015 -65.68880047177979 0
endloop
endfacet
facet normal 0 0 -1
outer loop
vertex 108.75536218154613 -65.46149564952934 1
vertex 108.94190642822015 -65.68880047177979 0
vertex 108.79510291370943 -65.50991987177977 0
endloop
endfacet
facet normal 0 0 -1
outer loop
vertex 108.75536218154613 -65.46149564952934 1
vertex 108.79510291370943 -65.50991987177977 0
vertex 108.75536218154616 -65.46149564952938 0
endloop
endfacet
facet normal 0 0 -1
outer loop
vertex 108.94190642822016 -65.6888004717798 1
vertex 108.95124460871133 -65.69646411845383 1
vertex 109.1201473290718 -65.83507899876693 1
endloop
endfacet
facet normal 0 0 -1
outer loop
vertex 108.94190642822016 -65.6888004717798 1
vertex 109.1201473290718 -65.83507899876693 1
vertex 109.16921125047061 -65.87534471845382 1
endloop
endfacet
facet normal 0 0 -1
outer loop
vertex 108.94190642822016 -65.6888004717798 1
vertex 109.16921125047061 -65.87534471845382 1
vertex 109.16921125047068 -65.87534471845387 0
endloop
endfacet
facet normal 0 0 -1
outer loop
vertex 108.94190642822016 -65.6888004717798 1
vertex 109.16921125047068 -65.87534471845387 0
vertex 109.12014732907181 -65.83507899876693 0
endloop
endfacet
facet normal 0 0 -1
outer loop
vertex 108.94190642822016 -65.6888004717798 1
vertex 109.12014732907181 -65.83507899876693 0
vertex 108.95124460871133 -65.69646411845382 0
endloop
endfacet
facet normal 0 0 -1
outer loop
vertex 108.94190642822016 -65.6888004717798 1
vertex 108.95124460871133 -65.69646411845382 0
vertex 108.94190642822015 -65.68880047177979 0
endloop
endfacet
facet normal 0 0 -1
outer loop
vertex 109.16921125047061 -65.87534471845382 1
vertex 109.2535741367009 -65.92043762060486 1
vertex 109.30749645460338 -65.94925970000001 1
endloop
endfacet
facet normal 0 0 -1
outer loop
vertex 109.16921125047061 -65.87534471845382 1
vertex 109.30749645460338 -65.94925970000001 1
vertex 109.42854145145238 -66.01395959876693 1
endloop
endfacet
facet normal 0 0 -1
outer loop
vertex 109.16921125047061 -65.87534471845382 1
vertex 109.42854145145238 -66.01395959876693 1
vertex 109.42854145145229 -66.0139595987669 0
endloop
endfacet
facet normal 0 0 -1
outer loop
vertex 109.16921125047061 -65.87534471845382 1
vertex 109.42854145145229 -66.0139595987669 0
vertex 109.30749645460335 -65.94925970000001 0
endloop
endfacet
facet normal 0 0 -1
outer loop
vertex 109.16921125047061 -65.87534471845382 1
vertex 109.30749645460335 -65.94925970000001 0
vertex 109.25357413670086 -65.92043762060486 0
endloop
endfacet
facet normal 0 0 -1
outer loop
vertex 109.16921125047061 -65.87534471845382 1
vertex 109.25357413670086 -65.92043762060486 0
vertex 109.16921125047068 -65.87534471845387 0
endloop
endfacet
facet normal 0.2902846772544619 0.956940335732209 0
outer loop
vertex 109.42854145145238 -66.01395959876693 1
vertex 109.70993111697581 -66.09931822060484 1
vertex 109.70993111697588 -66.09931822060486 0
endloop
endfacet
facet normal 0.2902846772544619 0.956940335732209 0
outer loop
vertex 109.42854145145238 -66.01395959876693 1
vertex 109.70993111697588 -66.09931822060486 0
vertex 109.42854145145229 -66.0139595987669 0
endloop
endfacet
facet normal 0.09801714032955997 0.9951847266721969 0
outer loop
vertex 109.70993111697581 -66.09931822060484 1
vertex 110.00256660000001 -66.1281403 1
vertex 110.00256659999992 -66.1281403 0
endloop
endfacet
facet normal 0.09801714032955997 0.9951847266721969 0
outer loop
vertex 109.70993111697581 -66.09931822060484 1
vertex 110.00256659999992 -66.1281403 0
vertex 109.70993111697588 -66.09931822060486 0
endloop
endfacet
facet normal -0.09801714032955998 0.9951847266721969 0
outer loop
vertex 110.00256660000001 -66.1281403 1
vertex 110.29520208302417 -66.09931822060484 1
vertex 110.29520208302421 -66.09931822060486 0
endloop
endfacet
facet normal -0.09801714032955998 0.9951847266721969 0
outer loop
vertex 110.00256660000001 -66.1281403 1
vertex 110.29520208302421 -66.09931822060486 0
vertex 110.00256659999992 -66.1281403 0
endloop
endfacet
facet normal -0.2902846772544619 0.956940335732209 0
outer loop
vertex 110.29520208302417 -66.09931822060484 1
vertex 110.57659174854759 -66.01395959876693 1
vertex 110.57659174854764 -66.0139595987669 0
endloop
endfacet
facet normal -0.2902846772544619 0.956940335732209 0
outer loop
vertex 110.29520208302417 -66.09931822060484 1
vertex 110.57659174854764 -66.0139595987669 0
vertex 110.29520208302421 -66.09931822060486 0
endloop
endfacet
facet normal -0.47139673682599437 0.8819212643483567 0
outer loop
vertex 110.57659174854759 -66.01395959876693 1
vertex 110.83592194952938 -65.87534471845382 1
vertex 110.8359219495294 -65.87534471845387 0
endloop
endfacet
facet normal -0.47139673682599437 0.8819212643483567 0
outer loop
vertex 110.57659174854759 -66.01395959876693 1
vertex 110.8359219495294 -65.87534471845387 0
vertex 110.57659174854764 -66.0139595987669 0
endloop
endfacet
facet normal -0.6343932841636672 0.7730104533627191 0
outer loop
vertex 110.83592194952938 -65.87534471845382 1
vertex 111.0632267717799 -65.6888004717798 1
vertex 111.06322677177974 -65.68880047177979 0
endloop
endfacet
facet normal -0.6343932841636672 0.7730104533627191 0
outer loop
vertex 110.83592194952938 -65.87534471845382 1
vertex 111.06322677177974 -65.68880047177979 0
vertex 110.8359219495294 -65.87534471845387 0
endloop
endfacet
facet normal -0.7730104533627319 0.6343932841636518 0
outer loop
vertex 111.0632267717799 -65.6888004717798 1
vertex 111.24977101845381 -65.46149564952934 1
vertex 111.24977101845391 -65.46149564952938 0
endloop
endfacet
facet normal -0.7730104533627319 0.6343932841636518 0
outer loop
vertex 111.0632267717799 -65.6888004717798 1
vertex 111.24977101845391 -65.46149564952938 0
vertex 111.06322677177974 -65.68880047177979 0
endloop
endfacet
facet normal -0.8819212643483494 0.47139673682600847 0
outer loop
vertex 111.24977101845381 -65.46149564952934 1
vertex 111.3883858987669 -65.20216544854769 1
vertex 111.3883858987669 -65.20216544854762 0
endloop
endfacet
facet normal -0.8819212643483494 0.47139673682600847 0
outer loop
vertex 111.24977101845381 -65.46149564952934 1
vertex 111.3883858987669 -65.20216544854762 0
vertex 111.24977101845391 -65.46149564952938 0
endloop
endfacet
facet normal -0.9569403357322087 0.2902846772544629 0
outer loop
vertex 111.3883858987669 -65.20216544854769 1
vertex 111.47374452060482 -64.92077578302421 1
vertex 111.47374452060482 -64.92077578302425 0
endloop
endfacet
facet normal -0.9569403357322087 0.2902846772544629 0
outer loop
vertex 111.3883858987669 -65.20216544854769 1
vertex 111.47374452060482 -64.92077578302425 0
vertex 111.3883858987669 -65.20216544854762 0
endloop
endfacet
facet normal -0.9951847266721956 0.09801714032957415 0
outer loop
vertex 190.05624172060482 -73.4436518830243 1
vertex 190.0850638 -73.15101639999995 1
vertex 190.0850638 -73.15101640000006 0
endloop
endfacet
facet normal -0.9951847266721956 0.09801714032957415 0
outer loop
vertex 190.05624172060482 -73.4436518830243 1
vertex 190.0850638 -73.15101640000006 0
vertex 190.05624172060485 -73.4436518830241 0
endloop
endfacet
facet normal -0.9951847266721985 -0.09801714032954566 0
outer loop
vertex 190.0850638 -73.15101639999995 1
vertex 190.05624172060485 -72.85838091697579 1
vertex 190.05624172060482 -72.8583809169757 0
endloop
endfacet
facet normal -0.9951847266721985 -0.09801714032954566 0
outer loop
vertex 190.0850638 -73.15101639999995 1
vertex 190.05624172060482 -72.8583809169757 0
vertex 190.0850638 -73.15101640000006 0
endloop
endfacet
facet normal -0.9569403357322133 -0.2902846772544479 0
outer loop
vertex 190.05624172060485 -72.85838091697579 1
vertex 189.97088309876693 -72.57699125145231 1
vertex 189.97088309876693 -72.57699125145233 0
endloop
endfacet
facet normal -0.9569403357322133 -0.2902846772544479 0
outer loop
vertex 190.05624172060485 -72.85838091697579 1
vertex 189.97088309876693 -72.57699125145233 0
vertex 190.05624172060482 -72.8583809169757 0
endloop
endfacet
facet normal -0.881921264348327 -0.4713967368260505 0
outer loop
vertex 189.97088309876693 -72.57699125145231 1
vertex 189.83226821845395 -72.31766105047079 1
vertex 189.83226821845395 -72.3176610504708 0
endloop
endfacet
facet normal -0.881921264348327 -0.4713967368260505 0
outer loop
vertex 189.97088309876693 -72.57699125145231 1
vertex 189.83226821845395 -72.3176610504708 0
vertex 189.97088309876693 -72.57699125145233 0
endloop
endfacet
facet normal -0.7730104533627769 -0.634393284163597 0
outer loop
vertex 189.83226821845395 -72.31766105047079 1
vertex 189.64572397177974 -72.09035622822013 1
vertex 189.6457239717798 -72.09035622822016 0
endloop
endfacet
facet normal -0.7730104533627769 -0.634393284163597 0
outer loop
vertex 189.83226821845395 -72.31766105047079 1
vertex 189.6457239717798 -72.09035622822016 0
vertex 189.83226821845395 -72.3176610504708 0
endloop
endfacet
facet normal -0.6343932841636518 -0.7730104533627319 0
outer loop
vertex 189.64572397177974 -72.09035622822013 1
vertex 189.41841914952937 -71.90381198154617 1
vertex 189.41841914952946 -71.90381198154623 0
endloop
endfacet
facet normal -0.6343932841636518 -0.7730104533627319 0
outer loop
vertex 189.64572397177974 -72.09035622822013 1
vertex 189.41841914952946 -71.90381198154623 0
vertex 189.6457239717798 -72.09035622822016 0
endloop
endfacet
facet normal -0.47139673682602595 -0.88192126434834 0
outer loop
vertex 189.41841914952937 -71.90381198154617 1
vertex 189.1590889485476 -71.76519710123306 1
vertex 189.15908894854755 -71.76519710123304 0
endloop
endfacet
facet normal -0.47139673682602595 -0.88192126434834 0
outer loop
vertex 189.41841914952937 -71.90381198154617 1
vertex 189.15908894854755 -71.76519710123304 0
vertex 189.41841914952946 -71.90381198154623 0
endloop
endfacet
facet normal -0.2902846772544478 -0.9569403357322133 0
outer loop
vertex 189.1590889485476 -71.76519710123306 1
vertex 188.8776992830242 -71.67983847939516 1
vertex 188.87769928302416 -71.67983847939514 0
endloop
endfacet
facet normal -0.2902846772544478 -0.9569403357322133 0
outer loop
vertex 189.1590889485476 -71.76519710123306 1
vertex 188.87769928302416 -71.67983847939514 0
vertex 189.15908894854755 -71.76519710123304 0
endloop
endfacet
facet normal -0.09801714032957423 -0.9951847266721956 0
outer loop
vertex 188.8776992830242 -71.67983847939516 1
vertex 188.58506380000006 -71.6510164 1
vertex 188.5850638000001 -71.6510164 0
endloop
endfacet
facet normal -0.09801714032957423 -0.9951847266721956 0
outer loop
vertex 188.8776992830242 -71.67983847939516 1
vertex 188.5850638000001 -71.6510164 0
vertex 188.87769928302416 -71.67983847939514 0
endloop
endfacet
facet normal 0.09801714032955998 -0.9951847266721969 0
outer loop
vertex 188.58506380000006 -71.6510164 1
vertex 188.29242831697584 -71.67983847939516 1
vertex 188.29242831697607 -71.67983847939514 0
endloop
endfacet
facet normal 0.09801714032955998 -0.9951847266721969 0
outer loop
vertex 188.58506380000006 -71.6510164 1
vertex 188.29242831697607 -71.67983847939514 0
vertex 188.5850638000001 -71.6510164 0
endloop
endfacet
facet normal 0.2902846772544479 -0.9569403357322133 0
outer loop
vertex 188.29242831697584 -71.67983847939516 1
vertex 188.01103865145237 -71.76519710123306 1
vertex 188.01103865145242 -71.76519710123304 0
endloop
endfacet
facet normal 0.2902846772544479 -0.9569403357322133 0
outer loop
vertex 188.29242831697584 -71.67983847939516 1
vertex 188.01103865145242 -71.76519710123304 0
vertex 188.29242831697607 -71.67983847939514 0
endloop
endfacet
facet normal 0.47139673682599736 -0.8819212643483552 0
outer loop
vertex 188.01103865145237 -71.76519710123306 1
vertex 187.7517084504705 -71.90381198154617 1
vertex 187.75170845047035 -71.90381198154623 0
endloop
endfacet
facet normal 0.47139673682599736 -0.8819212643483552 0
outer loop
vertex 188.01103865145237 -71.76519710123306 1
vertex 187.75170845047035 -71.90381198154623 0
vertex 188.01103865145242 -71.76519710123304 0
endloop
endfacet
facet normal 0.6343932841636518 -0.7730104533627319 0
outer loop
vertex 187.7517084504705 -71.90381198154617 1
vertex 187.52440362822023 -72.09035622822013 1
vertex 187.52440362822023 -72.09035622822016 0
endloop
endfacet
facet normal 0.6343932841636518 -0.7730104533627319 0
outer loop
vertex 187.7517084504705 -71.90381198154617 1
vertex 187.52440362822023 -72.09035622822016 0
vertex 187.75170845047035 -71.90381198154623 0
endloop
endfacet
facet normal 0.7730104533627572 -0.6343932841636208 0
outer loop
vertex 187.52440362822023 -72.09035622822013 1
vertex 187.3378593815462 -72.31766105047079 1
vertex 187.33785938154605 -72.3176610504708 0
endloop
endfacet
facet normal 0.7730104533627572 -0.6343932841636208 0
outer loop
vertex 187.52440362822023 -72.09035622822013 1
vertex 187.33785938154605 -72.3176610504708 0
vertex 187.52440362822023 -72.09035622822016 0
endloop
endfacet
facet normal 0.8819212643483284 -0.47139673682604744 0
outer loop
vertex 187.3378593815462 -72.31766105047079 1
vertex 187.1992445012331 -72.57699125145231 1
vertex 187.19924450123312 -72.57699125145233 0
endloop
endfacet
facet normal 0.8819212643483284 -0.47139673682604744 0
outer loop
vertex 187.3378593815462 -72.31766105047079 1
vertex 187.19924450123312 -72.57699125145233 0
vertex 187.33785938154605 -72.3176610504708 0
endloop
endfacet
facet normal 0.9569403357322133 -0.2902846772544479 0
outer loop
vertex 187.1992445012331 -72.57699125145231 1
vertex 187.11388587939518 -72.85838091697579 1
vertex 187.11388587939524 -72.8583809169757 0
endloop
endfacet
facet normal 0.9569403357322133 -0.2902846772544479 0
outer loop
vertex 187.1992445012331 -72.57699125145231 1
vertex 187.11388587939524 -72.8583809169757 0
vertex 187.19924450123312 -72.57699125145233 0
endloop
endfacet
facet normal 0.9951847266721927 -0.09801714032960263 0
outer loop
vertex 187.11388587939518 -72.85838091697579 1
vertex 187.08506380000003 -73.15101639999995 1
vertex 187.08506379999997 -73.15101640000006 0
endloop
endfacet
facet normal 0.9951847266721927 -0.09801714032960263 0
outer loop
vertex 187.11388587939518 -72.85838091697579 1
vertex 187.08506379999997 -73.15101640000006 0
vertex 187.11388587939524 -72.8583809169757 0
endloop
endfacet
facet normal 0.9951847266721956 0.09801714032957415 0
outer loop
vertex 187.08506380000003 -73.15101639999995 1
vertex 187.11388587939518 -73.4436518830243 1
vertex 187.11388587939513 -73.4436518830241 0
endloop
endfacet
facet normal 0.9951847266721956 0.09801714032957415 0
outer loop
vertex 187.08506380000003 -73.15101639999995 1
vertex 187.11388587939513 -73.4436518830241 0
vertex 187.08506379999997 -73.15101640000006 0
endloop
endfacet
facet normal 0.9569403357322048 0.29028467725447593 0
outer loop
vertex 187.11388587939518 -73.4436518830243 1
vertex 187.19924450123307 -73.72504154854765 1
vertex 187.19924450123312 -73.72504154854775 0
endloop
endfacet
facet normal 0.9569403357322048 0.29028467725447593 0
outer loop
vertex 187.11388587939518 -73.4436518830243 1
vertex 187.19924450123312 -73.72504154854775 0
vertex 187.11388587939513 -73.4436518830241 0
endloop
endfacet
facet normal 0.881921264348327 0.4713967368260505 0
outer loop
vertex 187.19924450123307 -73.72504154854765 1
vertex 187.33785938154614 -73.98437174952929 1
vertex 187.3378593815461 -73.98437174952927 0
endloop
endfacet
facet normal 0.881921264348327 0.4713967368260505 0
outer loop
vertex 187.19924450123307 -73.72504154854765 1
vertex 187.3378593815461 -73.98437174952927 0
vertex 187.19924450123312 -73.72504154854775 0
endloop
endfacet
facet normal 0.7730104533627699 0.6343932841636054 0
outer loop
vertex 187.33785938154614 -73.98437174952929 1
vertex 187.52440362822026 -74.21167657177986 1
vertex 187.5244036282203 -74.21167657177993 0
endloop
endfacet
facet normal 0.7730104533627699 0.6343932841636054 0
outer loop
vertex 187.33785938154614 -73.98437174952929 1
vertex 187.5244036282203 -74.21167657177993 0
vertex 187.3378593815461 -73.98437174952927 0
endloop
endfacet
facet normal 0.6343932841636638 0.773010453362722 0
outer loop
vertex 187.52440362822026 -74.21167657177986 1
vertex 187.75170845047063 -74.39822081845382 1
vertex 187.75170845047055 -74.39822081845377 0
endloop
endfacet
facet normal 0.6343932841636638 0.773010453362722 0
outer loop
vertex 187.52440362822026 -74.21167657177986 1
vertex 187.75170845047055 -74.39822081845377 0
vertex 187.5244036282203 -74.21167657177993 0
endloop
endfacet
facet normal 0.4713967368260049 0.8819212643483512 0
outer loop
vertex 187.75170845047063 -74.39822081845382 1
vertex 188.01103865145245 -74.53683569876696 1
vertex 188.01103865145248 -74.53683569876698 0
endloop
endfacet
facet normal 0.4713967368260049 0.8819212643483512 0
outer loop
vertex 187.75170845047063 -74.39822081845382 1
vertex 188.01103865145248 -74.53683569876698 0
vertex 187.75170845047055 -74.39822081845377 0
endloop
endfacet
facet normal 0.29028467725443374 0.9569403357322176 0
outer loop
vertex 188.01103865145245 -74.53683569876696 1
vertex 188.29242831697576 -74.62219432060483 1
vertex 188.29242831697582 -74.62219432060485 0
endloop
endfacet
facet normal 0.29028467725443374 0.9569403357322176 0
outer loop
vertex 188.01103865145245 -74.53683569876696 1
vertex 188.29242831697582 -74.62219432060485 0
vertex 188.01103865145248 -74.53683569876698 0
endloop
endfacet
facet normal 0.09801714032957423 0.9951847266721956 0
outer loop
vertex 188.29242831697576 -74.62219432060483 1
vertex 188.58506379999994 -74.65101639999999 1
vertex 188.5850638 -74.6510164 0
endloop
endfacet
facet normal 0.09801714032957423 0.9951847266721956 0
outer loop
vertex 188.29242831697576 -74.62219432060483 1
vertex 188.5850638 -74.6510164 0
vertex 188.29242831697582 -74.62219432060485 0
endloop
endfacet
facet normal -0.09801714032956006 0.9951847266721969 0
outer loop
vertex 188.58506379999994 -74.65101639999999 1
vertex 188.87769928302419 -74.62219432060483 1
vertex 188.87769928302424 -74.62219432060485 0
endloop
endfacet
facet normal -0.09801714032956006 0.9951847266721969 0
outer loop
vertex 188.58506379999994 -74.65101639999999 1
vertex 188.87769928302424 -74.62219432060485 0
vertex 188.5850638 -74.6510164 0
endloop
endfacet
facet normal -0.2902846772544479 0.9569403357322133 0
outer loop
vertex 188.87769928302419 -74.62219432060483 1
vertex 189.15908894854755 -74.53683569876696 1
vertex 189.1590889485477 -74.53683569876698 0
endloop
endfacet
facet normal -0.2902846772544479 0.9569403357322133 0
outer loop
vertex 188.87769928302419 -74.62219432060483 1
vertex 189.1590889485477 -74.53683569876698 0
vertex 188.87769928302424 -74.62219432060485 0
endloop
endfacet
facet normal -0.47139673682599736 0.8819212643483553 0
outer loop
vertex 189.15908894854755 -74.53683569876696 1
vertex 189.41841914952946 -74.39822081845382 1
vertex 189.4184191495294 -74.39822081845377 0
endloop
endfacet
facet normal -0.47139673682599736 0.8819212643483553 0
outer loop
vertex 189.15908894854755 -74.53683569876696 1
vertex 189.4184191495294 -74.39822081845377 0
vertex 189.1590889485477 -74.53683569876698 0
endloop
endfacet
facet normal -0.6343932841636448 0.7730104533627375 0
outer loop
vertex 189.41841914952946 -74.39822081845382 1
vertex 189.6457239717798 -74.21167657177986 1
vertex 189.64572397177974 -74.21167657177993 0
endloop
endfacet
facet normal -0.6343932841636448 0.7730104533627375 0
outer loop
vertex 189.41841914952946 -74.39822081845382 1
vertex 189.64572397177974 -74.21167657177993 0
vertex 189.4184191495294 -74.39822081845377 0
endloop
endfacet
facet normal -0.7730104533627769 0.6343932841635969 0
outer loop
vertex 189.6457239717798 -74.21167657177986 1
vertex 189.8322682184539 -73.98437174952929 1
vertex 189.8322682184539 -73.98437174952927 0
endloop
endfacet
facet normal -0.7730104533627769 0.6343932841635969 0
outer loop
vertex 189.6457239717798 -74.21167657177986 1
vertex 189.8322682184539 -73.98437174952927 0
vertex 189.64572397177974 -74.21167657177993 0
endloop
endfacet
facet normal -0.8819212643483402 0.47139673682602534 0
outer loop
vertex 189.8322682184539 -73.98437174952929 1
vertex 189.97088309876696 -73.72504154854765 1
vertex 189.9708830987669 -73.72504154854775 0
endloop
endfacet
facet normal -0.8819212643483402 0.47139673682602534 0
outer loop
vertex 189.8322682184539 -73.98437174952929 1
vertex 189.9708830987669 -73.72504154854775 0
vertex 189.8322682184539 -73.98437174952927 0
endloop
endfacet
facet normal -0.9569403357322133 0.2902846772544479 0
outer loop
vertex 189.97088309876696 -73.72504154854765 1
vertex 190.05624172060482 -73.4436518830243 1
vertex 190.05624172060485 -73.4436518830241 0
endloop
endfacet
facet normal -0.9569403357322133 0.2902846772544479 0
outer loop
vertex 189.97088309876696 -73.72504154854765 1
vertex 190.05624172060485 -73.4436518830241 0
vertex 189.9708830987669 -73.72504154854775 0
endloop
endfacet
facet normal -0.9951847266721956 0.09801714032957415 0
outer loop
vertex 183.25867232060483 -215.04945858302415 1
vertex 183.28749439999999 -214.7568231 1
vertex 183.28749439999999 -214.7568231 0
endloop
endfacet
facet normal -0.9951847266721956 0.09801714032957415 0
outer loop
vertex 183.25867232060483 -215.04945858302415 1
vertex 183.28749439999999 -214.7568231 0
vertex 183.25867232060483 -215.0494585830242 0
endloop
endfacet
facet normal -0.9951847266721956 -0.09801714032957415 0
outer loop
vertex 183.28749439999999 -214.7568231 1
vertex 183.25867232060483 -214.46418761697566 1
vertex 183.2586723206048 -214.4641876169756 0
endloop
endfacet
facet normal -0.9951847266721956 -0.09801714032957415 0
outer loop
vertex 183.28749439999999 -214.7568231 1
vertex 183.2586723206048 -214.4641876169756 0
vertex 183.28749439999999 -214.7568231 0
endloop
endfacet
facet normal -0.9569403357322133 -0.2902846772544479 0
outer loop
vertex 183.25867232060483 -214.46418761697566 1
vertex 183.17331369876698 -214.18279795145236 1
vertex 183.17331369876695 -214.18279795145233 0
endloop
endfacet
facet normal -0.9569403357322133 -0.2902846772544479 0
outer loop
vertex 183.25867232060483 -214.46418761697566 1
vertex 183.17331369876695 -214.18279795145233 0
vertex 183.2586723206048 -214.4641876169756 0
endloop
endfacet
facet normal -0.8819212643483261 -0.47139673682605193 0
outer loop
vertex 183.17331369876698 -214.18279795145236 1
vertex 183.0346988184538 -213.92346775047056 1
vertex 183.03469881845385 -213.92346775047065 0
endloop
endfacet
facet normal -0.8819212643483261 -0.47139673682605193 0
outer loop
vertex 183.17331369876698 -214.18279795145236 1
vertex 183.03469881845385 -213.92346775047065 0
vertex 183.17331369876695 -214.18279795145233 0
endloop
endfacet
facet normal -0.7730104533627895 -0.6343932841635816 0
outer loop
vertex 183.0346988184538 -213.92346775047056 1
vertex 182.84815457177984 -213.69616292822013 1
vertex 182.8481545717797 -213.69616292822002 0
endloop
endfacet
facet normal -0.7730104533627895 -0.6343932841635816 0
outer loop
vertex 183.0346988184538 -213.92346775047056 1
vertex 182.8481545717797 -213.69616292822002 0
vertex 183.03469881845385 -213.92346775047065 0
endloop
endfacet
facet normal -0.634393284163572 -0.7730104533627973 0
outer loop
vertex 182.84815457177984 -213.69616292822013 1
vertex 182.62084974952944 -213.5096186815462 1
vertex 182.62084974952955 -213.50961868154627 0
endloop
endfacet
facet normal -0.634393284163572 -0.7730104533627973 0
outer loop
vertex 182.84815457177984 -213.69616292822013 1
vertex 182.62084974952955 -213.50961868154627 0
vertex 182.8481545717797 -213.69616292822002 0
endloop
endfacet
facet normal -0.4713967368260505 -0.881921264348327 0
outer loop
vertex 182.62084974952944 -213.5096186815462 1
vertex 182.36151954854762 -213.37100380123303 1
vertex 182.36151954854762 -213.37100380123306 0
endloop
endfacet
facet normal -0.4713967368260505 -0.881921264348327 0
outer loop
vertex 182.62084974952944 -213.5096186815462 1
vertex 182.36151954854762 -213.37100380123306 0
vertex 182.62084974952955 -213.50961868154627 0
endloop
endfacet
facet normal -0.2902846772544479 -0.9569403357322133 0
outer loop
vertex 182.36151954854762 -213.37100380123303 1
vertex 182.0801298830244 -213.28564517939517 1
vertex 182.08012988302414 -213.28564517939515 0
endloop
endfacet
facet normal -0.2902846772544479 -0.9569403357322133 0
outer loop
vertex 182.36151954854762 -213.37100380123303 1
vertex 182.08012988302414 -213.28564517939515 0
vertex 182.36151954854762 -213.37100380123306 0
endloop
endfacet
facet normal -0.09801714032960263 -0.9951847266721927 0
outer loop
vertex 182.0801298830244 -213.28564517939517 1
vertex 181.78749440000007 -213.25682310000002 1
vertex 181.7874944000001 -213.25682310000002 0
endloop
endfacet
facet normal -0.09801714032960263 -0.9951847266721927 0
outer loop
vertex 182.0801298830244 -213.28564517939517 1
vertex 181.7874944000001 -213.25682310000002 0
vertex 182.08012988302414 -213.28564517939515 0
endloop
endfacet
facet normal 0.09801714032957415 -0.9951847266721956 0
outer loop
vertex 181.78749440000007 -213.25682310000002 1
vertex 181.49485891697566 -213.28564517939517 1
vertex 181.4948589169762 -213.28564517939515 0
endloop
endfacet
facet normal 0.09801714032957415 -0.9951847266721956 0
outer loop
vertex 181.78749440000007 -213.25682310000002 1
vertex 181.4948589169762 -213.28564517939515 0
vertex 181.7874944000001 -213.25682310000002 0
endloop
endfacet
facet normal 0 0 -1
outer loop
vertex 181.49485891697566 -213.28564517939517 1
vertex 181.27603139316818 -213.35202578302417 1
vertex 181.21346925145224 -213.37100380123303 1
endloop
endfacet
facet normal 0 0 -1
outer loop
vertex 181.49485891697566 -213.28564517939517 1
vertex 181.21346925145224 -213.37100380123303 1
vertex 181.21346925145227 -213.37100380123306 0
endloop
endfacet
facet normal 0 0 -1
outer loop
vertex 181.49485891697566 -213.28564517939517 1
vertex 181.21346925145227 -213.37100380123306 0
vertex 181.27603139316815 -213.35202578302417 0
endloop
endfacet
facet normal 0 0 -1
outer loop
vertex 181.49485891697566 -213.28564517939517 1
vertex 181.27603139316815 -213.35202578302417 0
vertex 181.4948589169762 -213.28564517939515 0
endloop
endfacet
facet normal 0.47139673682602534 -0.8819212643483402 0
outer loop
vertex 181.21346925145224 -213.37100380123303 1
vertex 180.95413905047062 -213.5096186815462 1
vertex 180.95413905047056 -213.50961868154627 0
endloop
endfacet
facet normal 0.47139673682602534 -0.8819212643483402 0
outer loop
vertex 181.21346925145224 -213.37100380123303 1
vertex 180.95413905047056 -213.50961868154627 0
vertex 181.21346925145227 -213.37100380123306 0
endloop
endfacet
facet normal 0 0 1
outer loop
vertex 180.95413905047062 -213.5096186815462 1
vertex 180.80329225342288 -213.63341544854768 1
vertex 180.72683422822033 -213.69616292822013 1
endloop
endfacet
facet normal 0 0 1
outer loop
vertex 180.95413905047062 -213.5096186815462 1
vertex 180.72683422822033 -213.69616292822013 1
vertex 180.72683422822027 -213.69616292822002 0
endloop
endfacet
facet normal 0 0 1
outer loop
vertex 180.95413905047062 -213.5096186815462 1
vertex 180.72683422822027 -213.69616292822002 0
vertex 180.8032922534227 -213.63341544854774 0
endloop
endfacet
facet normal 0 0 1
outer loop
vertex 180.95413905047062 -213.5096186815462 1
vertex 180.8032922534227 -213.63341544854774 0
vertex 180.95413905047056 -213.50961868154627 0
endloop
endfacet
facet normal 0 0 -1
outer loop
vertex 180.72683422822033 -213.69616292822013 1
vertex 180.56550295819855 -213.89274564952927 1
vertex 180.54028998154624 -213.92346775047056 1
endloop
endfacet
facet normal 0 0 -1
outer loop
vertex 180.72683422822033 -213.69616292822013 1
vertex 180.54028998154624 -213.92346775047056 1
vertex 180.54028998154615 -213.92346775047065 0
endloop
endfacet
facet normal 0 0 -1
outer loop
vertex 180.72683422822033 -213.69616292822013 1
vertex 180.54028998154615 -213.92346775047065 0
vertex 180.5655029581985 -213.89274564952922 0
endloop
endfacet
facet normal 0 0 -1
outer loop
vertex 180.72683422822033 -213.69616292822013 1
vertex 180.5655029581985 -213.89274564952922 0
vertex 180.72683422822027 -213.69616292822002 0
endloop
endfacet
facet normal 0 0 1
outer loop
vertex 180.54028998154624 -213.92346775047056 1
vertex 180.4352143278709 -214.12005047177985 1
vertex 180.4016751012331 -214.18279795145236 1
endloop
endfacet
facet normal 0 0 1
outer loop
vertex 180.54028998154624 -213.92346775047056 1
vertex 180.4016751012331 -214.18279795145236 1
vertex 180.40167510123317 -214.18279795145233 0
endloop
endfacet
facet normal 0 0 1
outer loop
vertex 180.54028998154624 -213.92346775047056 1
vertex 180.40167510123317 -214.18279795145233 0
vertex 180.43521432787094 -214.1200504717799 0
endloop
endfacet
facet normal 0 0 1
outer loop
vertex 180.54028998154624 -213.92346775047056 1
vertex 180.43521432787094 -214.1200504717799 0
vertex 180.54028998154615 -213.92346775047065 0
endloop
endfacet
facet normal 0 0 1
outer loop
vertex 180.4016751012331 -214.18279795145236 1
vertex 180.3641217625219 -214.3065947184538 1
vertex 180.3220733982803 -214.44520959876692 1
endloop
endfacet
facet normal 0 0 1
outer loop
vertex 180.4016751012331 -214.18279795145236 1
vertex 180.3220733982803 -214.44520959876692 1
vertex 180.31631647939514 -214.46418761697566 1
endloop
endfacet
facet normal 0 0 1
outer loop
vertex 180.4016751012331 -214.18279795145236 1
vertex 180.31631647939514 -214.46418761697566 1
vertex 180.31631647939525 -214.4641876169756 0
endloop
endfacet
facet normal 0 0 1
outer loop
vertex 180.4016751012331 -214.18279795145236 1
vertex 180.31631647939525 -214.4641876169756 0
vertex 180.32207339828028 -214.445209598767 0
endloop
endfacet
facet normal 0 0 1
outer loop
vertex 180.4016751012331 -214.18279795145236 1
vertex 180.32207339828028 -214.445209598767 0
vertex 180.36412176252193 -214.3065947184537 0
endloop
endfacet
facet normal 0 0 1
outer loop
vertex 180.4016751012331 -214.18279795145236 1
vertex 180.36412176252193 -214.3065947184537 0
vertex 180.40167510123317 -214.18279795145233 0
endloop
endfacet
facet normal 0 0 -1
outer loop
vertex 180.31631647939514 -214.46418761697566 1
vertex 180.309778560588 -214.53056822060486 1
vertex 180.3069398335407 -214.55939030000002 1
endloop
endfacet
facet normal 0 0 -1
outer loop
vertex 180.31631647939514 -214.46418761697566 1
vertex 180.3069398335407 -214.55939030000002 1
vertex 180.288744735737 -214.74412822822026 1
endloop
endfacet
facet normal 0 0 -1
outer loop
vertex 180.31631647939514 -214.46418761697566 1
vertex 180.288744735737 -214.74412822822026 1
vertex 180.28749439999999 -214.7568231 1
endloop
endfacet
facet normal 0 0 -1
outer loop
vertex 180.31631647939514 -214.46418761697566 1
vertex 180.28749439999999 -214.7568231 1
vertex 180.28749439999996 -214.7568231 0
endloop
endfacet
facet normal 0 0 -1
outer loop
vertex 180.31631647939514 -214.46418761697566 1
vertex 180.28749439999996 -214.7568231 0
vertex 180.288744735737 -214.7441282282203 0
endloop
endfacet
facet normal 0 0 -1
outer loop
vertex 180.31631647939514 -214.46418761697566 1
vertex 180.288744735737 -214.7441282282203 0
vertex 180.3069398335407 -214.5593903 0
endloop
endfacet
facet normal 0 0 -1
outer loop
vertex 180.31631647939514 -214.46418761697566 1
vertex 180.3069398335407 -214.5593903 0
vertex 180.309778560588 -214.53056822060483 0
endloop
endfacet
facet normal 0 0 -1
outer loop
vertex 180.31631647939514 -214.46418761697566 1
vertex 180.309778560588 -214.53056822060483 0
vertex 180.31631647939525 -214.4641876169756 0
endloop
endfacet
facet normal 0 0 1
outer loop
vertex 180.28749439999999 -214.7568231 1
vertex 180.30863163519624 -214.97143305047047 1
vertex 180.31631647939514 -215.04945858302415 1
endloop
endfacet
facet normal 0 0 1
outer loop
vertex 180.28749439999999 -214.7568231 1
vertex 180.31631647939514 -215.04945858302415 1
vertex 180.31631647939517 -215.0494585830242 0
endloop
endfacet
facet normal 0 0 1
outer loop
vertex 180.28749439999999 -214.7568231 1
vertex 180.31631647939517 -215.0494585830242 0
vertex 180.30863163519626 -214.9714330504704 0
endloop
endfacet
facet normal 0 0 1
outer loop
vertex 180.28749439999999 -214.7568231 1
vertex 180.30863163519626 -214.9714330504704 0
vertex 180.28749439999996 -214.7568231 0
endloop
endfacet
facet normal 0 0 -1
outer loop
vertex 180.31631647939514 -215.04945858302415 1
vertex 180.37131464928538 -215.23076325145237 1
vertex 180.40167510123302 -215.33084824854754 1
endloop
endfacet
facet normal 0 0 -1
outer loop
vertex 180.31631647939514 -215.04945858302415 1
vertex 180.40167510123302 -215.33084824854754 1
vertex 180.40167510123308 -215.33084824854768 0
endloop
endfacet
facet normal 0 0 -1
outer loop
vertex 180.31631647939514 -215.04945858302415 1
vertex 180.40167510123308 -215.33084824854768 0
vertex 180.3713146492854 -215.2307632514525 0
endloop
endfacet
facet normal 0 0 -1
outer loop
vertex 180.31631647939514 -215.04945858302415 1
vertex 180.3713146492854 -215.2307632514525 0
vertex 180.31631647939517 -215.0494585830242 0
endloop
endfacet
facet normal 0 0 -1
outer loop
vertex 180.40167510123302 -215.33084824854754 1
vertex 180.49858446550783 -215.51215291697582 1
vertex 180.5402899815462 -215.59017844952945 1
endloop
endfacet
facet normal 0 0 -1
outer loop
vertex 180.40167510123302 -215.33084824854754 1
vertex 180.5402899815462 -215.59017844952945 1
vertex 180.54028998154618 -215.5901784495294 0
endloop
endfacet
facet normal 0 0 -1
outer loop
vertex 180.40167510123302 -215.33084824854754 1
vertex 180.54028998154618 -215.5901784495294 0
vertex 180.49858446550778 -215.51215291697577 0
endloop
endfacet
facet normal 0 0 -1
outer loop
vertex 180.40167510123302 -215.33084824854754 1
vertex 180.49858446550778 -215.51215291697577 0
vertex 180.40167510123308 -215.33084824854768 0
endloop
endfacet
facet normal 0 0 -1
outer loop
vertex 180.5402899815462 -215.59017844952945 1
vertex 180.71641581619812 -215.80478839999995 1
vertex 180.72683422821996 -215.81748327177962 1
endloop
endfacet
facet normal 0 0 -1
outer loop
vertex 180.5402899815462 -215.59017844952945 1
vertex 180.72683422821996 -215.81748327177962 1
vertex 180.72683422822007 -215.8174832717797 0
endloop
endfacet
facet normal 0 0 -1
outer loop
vertex 180.5402899815462 -215.59017844952945 1
vertex 180.72683422822007 -215.8174832717797 0
vertex 180.71641581619818 -215.8047884 0
endloop
endfacet
facet normal 0 0 -1
outer loop
vertex 180.5402899815462 -215.59017844952945 1
vertex 180.71641581619818 -215.8047884 0
vertex 180.54028998154618 -215.5901784495294 0
endloop
endfacet
facet normal 0.634393284163566 0.7730104533628022 0
outer loop
vertex 180.72683422821996 -215.81748327177962 1
vertex 180.95413905047062 -216.0040275184538 1
vertex 180.95413905047067 -216.00402751845382 0
endloop
endfacet
facet normal 0.634393284163566 0.7730104533628022 0
outer loop
vertex 180.72683422821996 -215.81748327177962 1
vertex 180.95413905047067 -216.00402751845382 0
vertex 180.72683422822007 -215.8174832717797 0
endloop
endfacet
facet normal 0 0 -1
outer loop
vertex 180.95413905047062 -216.0040275184538 1
vertex 181.12887135872137 -216.09742388302422 1
vertex 181.2134692514524 -216.14264239876695 1
endloop
endfacet
facet normal 0 0 -1
outer loop
vertex 180.95413905047062 -216.0040275184538 1
vertex 181.2134692514524 -216.14264239876695 1
vertex 181.2134692514525 -216.14264239876698 0
endloop
endfacet
facet normal 0 0 -1
outer loop
vertex 180.95413905047062 -216.0040275184538 1
vertex 181.2134692514525 -216.14264239876698 0
vertex 181.12887135872143 -216.09742388302425 0
endloop
endfacet
facet normal 0 0 -1
outer loop
vertex 180.95413905047062 -216.0040275184538 1
vertex 181.12887135872143 -216.09742388302425 0
vertex 180.95413905047067 -216.00402751845382 0
endloop
endfacet
facet normal 0.2902846772544479 0.9569403357322133 0
outer loop
vertex 181.2134692514524 -216.14264239876695 1
vertex 181.49485891697577 -216.22800102060484 1
vertex 181.49485891697566 -216.2280010206048 0
endloop
endfacet
facet normal 0.2902846772544479 0.9569403357322133 0
outer loop
vertex 181.2134692514524 -216.14264239876695 1
vertex 181.49485891697566 -216.2280010206048 0
vertex 181.2134692514525 -216.14264239876698 0
endloop
endfacet
facet normal 0.09801714032960263 0.9951847266721927 0
outer loop
vertex 181.49485891697577 -216.22800102060484 1
vertex 181.78749439999967 -216.25682309999996 1
vertex 181.78749440000016 -216.2568231 0
endloop
endfacet
facet normal 0.09801714032960263 0.9951847266721927 0
outer loop
vertex 181.49485891697577 -216.22800102060484 1
vertex 181.78749440000016 -216.2568231 0
vertex 181.49485891697566 -216.2280010206048 0
endloop
endfacet
facet normal -0.09801714032954566 0.9951847266721985 0
outer loop
vertex 181.78749439999967 -216.25682309999996 1
vertex 182.08012988302372 -216.22800102060484 1
vertex 182.08012988302443 -216.2280010206048 0
endloop
endfacet
facet normal -0.09801714032954566 0.9951847266721985 0
outer loop
vertex 181.78749439999967 -216.25682309999996 1
vertex 182.08012988302443 -216.2280010206048 0
vertex 181.78749440000016 -216.2568231 0
endloop
endfacet
facet normal -0.2902846772544179 0.9569403357322224 0
outer loop
vertex 182.08012988302372 -216.22800102060484 1
vertex 182.36151954854788 -216.14264239876695 1
vertex 182.3615195485474 -216.14264239876698 0
endloop
endfacet
facet normal -0.2902846772544179 0.9569403357322224 0
outer loop
vertex 182.08012988302372 -216.22800102060484 1
vertex 182.3615195485474 -216.14264239876698 0
vertex 182.08012988302443 -216.2280010206048 0
endloop
endfacet
facet normal -0.47139673682604755 0.8819212643483285 0
outer loop
vertex 182.36151954854788 -216.14264239876695 1
vertex 182.62084974952916 -216.0040275184538 1
vertex 182.62084974952953 -216.00402751845382 0
endloop
endfacet
facet normal -0.47139673682604755 0.8819212643483285 0
outer loop
vertex 182.36151954854788 -216.14264239876695 1
vertex 182.62084974952953 -216.00402751845382 0
vertex 182.3615195485474 -216.14264239876698 0
endloop
endfacet
facet normal -0.6343932841636039 0.7730104533627711 0
outer loop
vertex 182.62084974952916 -216.0040275184538 1
vertex 182.8481545717801 -215.81748327177962 1
vertex 182.8481545717799 -215.8174832717797 0
endloop
endfacet
facet normal -0.6343932841636039 0.7730104533627711 0
outer loop
vertex 182.62084974952916 -216.0040275184538 1
vertex 182.8481545717799 -215.8174832717797 0
vertex 182.62084974952953 -216.00402751845382 0
endloop
endfacet
facet normal -0.7730104533627711 0.6343932841636039 0
outer loop
vertex 182.8481545717801 -215.81748327177962 1
vertex 183.03469881845368 -215.59017844952945 1
vertex 183.0346988184538 -215.5901784495294 0
endloop
endfacet
facet normal -0.7730104533627711 0.6343932841636039 0
outer loop
vertex 182.8481545717801 -215.81748327177962 1
vertex 183.0346988184538 -215.5901784495294 0
vertex 182.8481545717799 -215.8174832717797 0
endloop
endfacet
facet normal -0.8819212643483285 0.47139673682604755 0
outer loop
vertex 183.03469881845368 -215.59017844952945 1
vertex 183.173313698767 -215.33084824854754 1
vertex 183.17331369876692 -215.33084824854768 0
endloop
endfacet
facet normal -0.8819212643483285 0.47139673682604755 0
outer loop
vertex 183.03469881845368 -215.59017844952945 1
vertex 183.17331369876692 -215.33084824854768 0
vertex 183.0346988184538 -215.5901784495294 0
endloop
endfacet
facet normal -0.9569403357322042 0.2902846772544779 0
outer loop
vertex 183.173313698767 -215.33084824854754 1
vertex 183.25867232060483 -215.04945858302415 1
vertex 183.25867232060483 -215.0494585830242 0
endloop
endfacet
facet normal -0.9569403357322042 0.2902846772544779 0
outer loop
vertex 183.173313698767 -215.33084824854754 1
vertex 183.25867232060483 -215.0494585830242 0
vertex 183.17331369876692 -215.33084824854768 0
endloop
endfacet
facet normal 0 0 1
outer loop
vertex 111.47374452060487 -213.35202578302417 1
vertex 111.48028243941198 -213.28564517939517 1
vertex 111.48312116645927 -213.25682310000002 1
endloop
endfacet
facet normal 0 0 1
outer loop
vertex 111.47374452060487 -213.35202578302417 1
vertex 111.48312116645927 -213.25682310000002 1
vertex 111.50256660000001 -213.05939030000008 1
endloop
endfacet
facet normal 0 0 1
outer loop
vertex 111.47374452060487 -213.35202578302417 1
vertex 111.50256660000001 -213.05939030000008 1
vertex 111.5025666 -213.05939030000005 0
endloop
endfacet
facet normal 0 0 1
outer loop
vertex 111.47374452060487 -213.35202578302417 1
vertex 111.5025666 -213.05939030000005 0
vertex 111.48312116645927 -213.25682310000002 0
endloop
endfacet
facet normal 0 0 1
outer loop
vertex 111.47374452060487 -213.35202578302417 1
vertex 111.48312116645927 -213.25682310000002 0
vertex 111.48028243941197 -213.28564517939515 0
endloop
endfacet
facet normal 0 0 1
outer loop
vertex 111.47374452060487 -213.35202578302417 1
vertex 111.48028243941197 -213.28564517939515 0
vertex 111.47374452060485 -213.35202578302417 0
endloop
endfacet
facet normal -0.9951847266721969 -0.09801714032956006 0
outer loop
vertex 111.50256660000001 -213.05939030000008 1
vertex 111.47374452060485 -212.76675481697583 1
vertex 111.47374452060482 -212.76675481697578 0
endloop
endfacet
facet normal -0.9951847266721969 -0.09801714032956006 0
outer loop
vertex 111.50256660000001 -213.05939030000008 1
vertex 111.47374452060482 -212.76675481697578 0
vertex 111.5025666 -213.05939030000005 0
endloop
endfacet
facet normal -0.9569403357322133 -0.2902846772544479 0
outer loop
vertex 111.47374452060485 -212.76675481697583 1
vertex 111.38838589876696 -212.4853651514524 1
vertex 111.38838589876693 -212.48536515145236 0
endloop
endfacet
facet normal -0.9569403357322133 -0.2902846772544479 0
outer loop
vertex 111.47374452060485 -212.76675481697583 1
vertex 111.38838589876693 -212.48536515145236 0
vertex 111.47374452060482 -212.76675481697578 0
endloop
endfacet
facet normal -0.881921264348352 -0.47139673682600325 0
outer loop
vertex 111.38838589876696 -212.4853651514524 1
vertex 111.24977101845381 -212.2260349504706 1
vertex 111.24977101845383 -212.22603495047062 0
endloop
endfacet
facet normal -0.881921264348352 -0.47139673682600325 0
outer loop
vertex 111.38838589876696 -212.4853651514524 1
vertex 111.24977101845383 -212.22603495047062 0
vertex 111.38838589876693 -212.48536515145236 0
endloop
endfacet
facet normal -0.7730104533627331 -0.63439328416365 0
outer loop
vertex 111.24977101845381 -212.2260349504706 1
vertex 111.06322677177981 -211.99873012822016 1
vertex 111.06322677177975 -211.9987301282201 0
endloop
endfacet
facet normal -0.7730104533627331 -0.63439328416365 0
outer loop
vertex 111.24977101845381 -212.2260349504706 1
vertex 111.06322677177975 -211.9987301282201 0
vertex 111.24977101845383 -212.22603495047062 0
endloop
endfacet
facet normal -0.6343932841636054 -0.7730104533627697 0
outer loop
vertex 111.06322677177981 -211.99873012822016 1
vertex 110.8359219495293 -211.8121858815461 1
vertex 110.83592194952942 -211.81218588154618 0
endloop
endfacet
facet normal -0.6343932841636054 -0.7730104533627697 0
outer loop
vertex 111.06322677177981 -211.99873012822016 1
vertex 110.83592194952942 -211.81218588154618 0
vertex 111.06322677177975 -211.9987301282201 0
endloop
endfacet
facet normal -0.47139673682604755 -0.8819212643483285 0
outer loop
vertex 110.8359219495293 -211.8121858815461 1
vertex 110.57659174854783 -211.67357100123314 1
vertex 110.5765917485476 -211.67357100123303 0
endloop
endfacet
facet normal -0.47139673682604755 -0.8819212643483285 0
outer loop
vertex 110.8359219495293 -211.8121858815461 1
vertex 110.5765917485476 -211.67357100123303 0
vertex 110.83592194952942 -211.81218588154618 0
endloop
endfacet
facet normal -0.2902846772544479 -0.9569403357322133 0
outer loop
vertex 110.57659174854783 -211.67357100123314 1
vertex 110.29520208302411 -211.58821237939515 1
vertex 110.29520208302428 -211.58821237939515 0
endloop
endfacet
facet normal -0.2902846772544479 -0.9569403357322133 0
outer loop
vertex 110.57659174854783 -211.67357100123314 1
vertex 110.29520208302428 -211.58821237939515 0
vertex 110.5765917485476 -211.67357100123303 0
endloop
endfacet
facet normal -0.09801714032954566 -0.9951847266721985 0
outer loop
vertex 110.29520208302411 -211.58821237939515 1
vertex 110.00256659999995 -211.5593903 1
vertex 110.00256660000008 -211.5593903 0
endloop
endfacet
facet normal -0.09801714032954566 -0.9951847266721985 0
outer loop
vertex 110.29520208302411 -211.58821237939515 1
vertex 110.00256660000008 -211.5593903 0
vertex 110.29520208302428 -211.58821237939515 0
endloop
endfacet
facet normal 0.09801714032957415 -0.9951847266721956 0
outer loop
vertex 110.00256659999995 -211.5593903 1
vertex 109.7099311169758 -211.58821237939515 1
vertex 109.70993111697588 -211.58821237939515 0
endloop
endfacet
facet normal 0.09801714032957415 -0.9951847266721956 0
outer loop
vertex 110.00256659999995 -211.5593903 1
vertex 109.70993111697588 -211.58821237939515 0
vertex 110.00256660000008 -211.5593903 0
endloop
endfacet
facet normal 0.2902846772544479 -0.9569403357322133 0
outer loop
vertex 109.7099311169758 -211.58821237939515 1
vertex 109.42854145145229 -211.67357100123314 1
vertex 109.42854145145239 -211.67357100123303 0
endloop
endfacet
facet normal 0.2902846772544479 -0.9569403357322133 0
outer loop
vertex 109.7099311169758 -211.58821237939515 1
vertex 109.42854145145239 -211.67357100123303 0
vertex 109.70993111697588 -211.58821237939515 0
endloop
endfacet
facet normal 0.4713967368260534 -0.8819212643483252 0
outer loop
vertex 109.42854145145229 -211.67357100123314 1
vertex 109.16921125047045 -211.8121858815461 1
vertex 109.16921125047041 -211.81218588154618 0
endloop
endfacet
facet normal 0.4713967368260534 -0.8819212643483252 0
outer loop
vertex 109.42854145145229 -211.67357100123314 1
vertex 109.16921125047041 -211.81218588154618 0
vertex 109.42854145145239 -211.67357100123303 0
endloop
endfacet
facet normal 0.6343932841636039 -0.7730104533627711 0
outer loop
vertex 109.16921125047045 -211.8121858815461 1
vertex 108.9419064282205 -211.99873012822016 1
vertex 108.9419064282201 -211.9987301282201 0
endloop
endfacet
facet normal 0.6343932841636039 -0.7730104533627711 0
outer loop
vertex 109.16921125047045 -211.8121858815461 1
vertex 108.9419064282201 -211.9987301282201 0
vertex 109.16921125047041 -211.81218588154618 0
endloop
endfacet
facet normal 0.7730104533627319 -0.6343932841636518 0
outer loop
vertex 108.9419064282205 -211.99873012822016 1
vertex 108.75536218154613 -212.2260349504706 1
vertex 108.75536218154635 -212.22603495047062 0
endloop
endfacet
facet normal 0.7730104533627319 -0.6343932841636518 0
outer loop
vertex 108.9419064282205 -211.99873012822016 1
vertex 108.75536218154635 -212.22603495047062 0
vertex 108.9419064282201 -211.9987301282201 0
endloop
endfacet
facet normal 0.8819212643483434 -0.47139673682601946 0
outer loop
vertex 108.75536218154613 -212.2260349504706 1
vertex 108.61674730123302 -212.4853651514524 1
vertex 108.61674730123302 -212.48536515145236 0
endloop
endfacet
facet normal 0.8819212643483434 -0.47139673682601946 0
outer loop
vertex 108.75536218154613 -212.2260349504706 1
vertex 108.61674730123302 -212.48536515145236 0
vertex 108.75536218154635 -212.22603495047062 0
endloop
endfacet
facet normal 0.9569403357322048 -0.29028467725447593 0
outer loop
vertex 108.61674730123302 -212.4853651514524 1
vertex 108.53138867939515 -212.76675481697583 1
vertex 108.53138867939512 -212.76675481697578 0
endloop
endfacet
facet normal 0.9569403357322048 -0.29028467725447593 0
outer loop
vertex 108.61674730123302 -212.4853651514524 1
vertex 108.53138867939512 -212.76675481697578 0
vertex 108.61674730123302 -212.48536515145236 0
endloop
endfacet
facet normal 0.9951847266721956 -0.09801714032957415 0
outer loop
vertex 108.53138867939515 -212.76675481697583 1
vertex 108.5025666 -213.05939030000008 1
vertex 108.50256659999997 -213.05939030000005 0
endloop
endfacet
facet normal 0.9951847266721956 -0.09801714032957415 0
outer loop
vertex 108.53138867939515 -212.76675481697583 1
vertex 108.50256659999997 -213.05939030000005 0
vertex 108.53138867939512 -212.76675481697578 0
endloop
endfacet
facet normal 0.9951847266721969 0.09801714032955997 0
outer loop
vertex 108.5025666 -213.05939030000008 1
vertex 108.53138867939515 -213.35202578302417 1
vertex 108.53138867939515 -213.35202578302417 0
endloop
endfacet
facet normal 0.9951847266721969 0.09801714032955997 0
outer loop
vertex 108.5025666 -213.05939030000008 1
vertex 108.53138867939515 -213.35202578302417 0
vertex 108.50256659999997 -213.05939030000005 0
endloop
endfacet
facet normal 0.9569403357322133 0.2902846772544479 0
outer loop
vertex 108.53138867939515 -213.35202578302417 1
vertex 108.61674730123308 -213.63341544854768 1
vertex 108.6167473012331 -213.63341544854774 0
endloop
endfacet
facet normal 0.9569403357322133 0.2902846772544479 0
outer loop
vertex 108.53138867939515 -213.35202578302417 1
vertex 108.6167473012331 -213.63341544854774 0
vertex 108.53138867939515 -213.35202578302417 0
endloop
endfacet
facet normal 0.8819212643483525 0.47139673682600247 0
outer loop
vertex 108.61674730123308 -213.63341544854768 1
vertex 108.75536218154609 -213.89274564952927 1
vertex 108.75536218154606 -213.89274564952922 0
endloop
endfacet
facet normal 0.8819212643483525 0.47139673682600247 0
outer loop
vertex 108.61674730123308 -213.63341544854768 1
vertex 108.75536218154606 -213.89274564952922 0
vertex 108.6167473012331 -213.63341544854774 0
endloop
endfacet
facet normal 0.7730104533627572 0.6343932841636208 0
outer loop
vertex 108.75536218154609 -213.89274564952927 1
vertex 108.94190642822021 -214.12005047177985 1
vertex 108.94190642822028 -214.1200504717799 0
endloop
endfacet
facet normal 0.7730104533627572 0.6343932841636208 0
outer loop
vertex 108.75536218154609 -213.89274564952927 1
vertex 108.94190642822028 -214.1200504717799 0
vertex 108.75536218154606 -213.89274564952922 0
endloop
endfacet
facet normal 0 0 1
outer loop
vertex 108.94190642822021 -214.12005047177985 1
vertex 109.16701024506632 -214.3047884 1
vertex 109.16921125047061 -214.3065947184538 1
endloop
endfacet
facet normal 0 0 1
outer loop
vertex 108.94190642822021 -214.12005047177985 1
vertex 109.16921125047061 -214.3065947184538 1
vertex 109.16921125047048 -214.3065947184537 0
endloop
endfacet
facet normal 0 0 1
outer loop
vertex 108.94190642822021 -214.12005047177985 1
vertex 109.16921125047048 -214.3065947184537 0
vertex 109.16701024506631 -214.3047884 0
endloop
endfacet
facet normal 0 0 1
outer loop
vertex 108.94190642822021 -214.12005047177985 1
vertex 109.16701024506631 -214.3047884 0
vertex 108.94190642822028 -214.1200504717799 0
endloop
endfacet
facet normal 0 0 -1
outer loop
vertex 109.16921125047061 -214.3065947184538 1
vertex 109.21975418423627 -214.33361047939516 1
vertex 109.37944893350672 -214.4189691012331 1
endloop
endfacet
facet normal 0 0 -1
outer loop
vertex 109.16921125047061 -214.3065947184538 1
vertex 109.37944893350672 -214.4189691012331 1
vertex 109.42854145145236 -214.44520959876692 1
endloop
endfacet
facet normal 0 0 -1
outer loop
vertex 109.16921125047061 -214.3065947184538 1
vertex 109.42854145145236 -214.44520959876692 1
vertex 109.42854145145257 -214.445209598767 0
endloop
endfacet
facet normal 0 0 -1
outer loop
vertex 109.16921125047061 -214.3065947184538 1
vertex 109.42854145145257 -214.445209598767 0
vertex 109.37944893350677 -214.4189691012331 0
endloop
endfacet
facet normal 0 0 -1
outer loop
vertex 109.16921125047061 -214.3065947184538 1
vertex 109.37944893350677 -214.4189691012331 0
vertex 109.21975418423625 -214.33361047939513 0
endloop
endfacet
facet normal 0 0 -1
outer loop
vertex 109.16921125047061 -214.3065947184538 1
vertex 109.21975418423625 -214.33361047939513 0
vertex 109.16921125047048 -214.3065947184537 0
endloop
endfacet
facet normal 0.29028467725447593 0.9569403357322048 0
outer loop
vertex 109.42854145145236 -214.44520959876692 1
vertex 109.70993111697588 -214.53056822060486 1
vertex 109.70993111697574 -214.53056822060483 0
endloop
endfacet
facet normal 0.29028467725447593 0.9569403357322048 0
outer loop
vertex 109.42854145145236 -214.44520959876692 1
vertex 109.70993111697574 -214.53056822060483 0
vertex 109.42854145145257 -214.445209598767 0
endloop
endfacet
facet normal 0 0 -1
outer loop
vertex 109.70993111697588 -214.53056822060486 1
vertex 109.98422674096508 -214.5575839815463 1
vertex 110.0025666000001 -214.55939030000002 1
endloop
endfacet
facet normal 0 0 -1
outer loop
vertex 109.70993111697588 -214.53056822060486 1
vertex 110.0025666000001 -214.55939030000002 1
vertex 110.00256659999995 -214.5593903 0
endloop
endfacet
facet normal 0 0 -1
outer loop
vertex 109.70993111697588 -214.53056822060486 1
vertex 110.00256659999995 -214.5593903 0
vertex 109.98422674096551 -214.55758398154632 0
endloop
endfacet
facet normal 0 0 -1
outer loop
vertex 109.70993111697588 -214.53056822060486 1
vertex 109.98422674096551 -214.55758398154632 0
vertex 109.70993111697574 -214.53056822060483 0
endloop
endfacet
facet normal -0.09801714032957415 0.9951847266721956 0
outer loop
vertex 110.0025666000001 -214.55939030000002 1
vertex 110.29520208302417 -214.53056822060486 1
vertex 110.29520208302414 -214.53056822060483 0
endloop
endfacet
facet normal -0.09801714032957415 0.9951847266721956 0
outer loop
vertex 110.0025666000001 -214.55939030000002 1
vertex 110.29520208302414 -214.53056822060483 0
vertex 110.00256659999995 -214.5593903 0
endloop
endfacet
facet normal 0 0 -1
outer loop
vertex 110.29520208302417 -214.53056822060486 1
vertex 110.51402960683217 -214.46418761697566 1
vertex 110.57659174854757 -214.44520959876692 1
endloop
endfacet
facet normal 0 0 -1
outer loop
vertex 110.29520208302417 -214.53056822060486 1
vertex 110.57659174854757 -214.44520959876692 1
vertex 110.57659174854761 -214.445209598767 0
endloop
endfacet
facet normal 0 0 -1
outer loop
vertex 110.29520208302417 -214.53056822060486 1
vertex 110.57659174854761 -214.445209598767 0
vertex 110.51402960683237 -214.4641876169756 0
endloop
endfacet
facet normal 0 0 -1
outer loop
vertex 110.29520208302417 -214.53056822060486 1
vertex 110.51402960683237 -214.4641876169756 0
vertex 110.29520208302414 -214.53056822060483 0
endloop
endfacet
facet normal -0.4713967368260534 0.8819212643483252 0
outer loop
vertex 110.57659174854757 -214.44520959876692 1
vertex 110.83592194952939 -214.3065947184538 1
vertex 110.83592194952939 -214.3065947184537 0
endloop
endfacet
facet normal -0.4713967368260534 0.8819212643483252 0
outer loop
vertex 110.57659174854757 -214.44520959876692 1
vertex 110.83592194952939 -214.3065947184537 0
vertex 110.57659174854761 -214.445209598767 0
endloop
endfacet
facet normal 0 0 1
outer loop
vertex 110.83592194952939 -214.3065947184538 1
vertex 110.98676874657717 -214.18279795145236 1
vertex 111.06322677177987 -214.12005047177985 1
endloop
endfacet
facet normal 0 0 1
outer loop
vertex 110.83592194952939 -214.3065947184538 1
vertex 111.06322677177987 -214.12005047177985 1
vertex 111.06322677177987 -214.1200504717799 0
endloop
endfacet
facet normal 0 0 1
outer loop
vertex 110.83592194952939 -214.3065947184538 1
vertex 111.06322677177987 -214.1200504717799 0
vertex 110.98676874657701 -214.18279795145233 0
endloop
endfacet
facet normal 0 0 1
outer loop
vertex 110.83592194952939 -214.3065947184538 1
vertex 110.98676874657701 -214.18279795145233 0
vertex 110.83592194952939 -214.3065947184537 0
endloop
endfacet
facet normal 0 0 -1
outer loop
vertex 111.06322677177987 -214.12005047177985 1
vertex 111.2245580418017 -213.92346775047056 1
vertex 111.24977101845391 -213.89274564952927 1
endloop
endfacet
facet normal 0 0 -1
outer loop
vertex 111.06322677177987 -214.12005047177985 1
vertex 111.24977101845391 -213.89274564952927 1
vertex 111.24977101845383 -213.89274564952922 0
endloop
endfacet
facet normal 0 0 -1
outer loop
vertex 111.06322677177987 -214.12005047177985 1
vertex 111.24977101845383 -213.89274564952922 0
vertex 111.22455804180169 -213.92346775047065 0
endloop
endfacet
facet normal 0 0 -1
outer loop
vertex 111.06322677177987 -214.12005047177985 1
vertex 111.22455804180169 -213.92346775047065 0
vertex 111.06322677177987 -214.1200504717799 0
endloop
endfacet
facet normal 0 0 -1
outer loop
vertex 111.24977101845391 -213.89274564952927 1
vertex 111.35484667212911 -213.69616292822013 1
vertex 111.3883858987669 -213.63341544854768 1
endloop
endfacet
facet normal 0 0 -1
outer loop
vertex 111.24977101845391 -213.89274564952927 1
vertex 111.3883858987669 -213.63341544854768 1
vertex 111.38838589876691 -213.63341544854774 0
endloop
endfacet
facet normal 0 0 -1
outer loop
vertex 111.24977101845391 -213.89274564952927 1
vertex 111.38838589876691 -213.63341544854774 0
vertex 111.35484667212917 -213.69616292822002 0
endloop
endfacet
facet normal 0 0 -1
outer loop
vertex 111.24977101845391 -213.89274564952927 1
vertex 111.35484667212917 -213.69616292822002 0
vertex 111.24977101845383 -213.89274564952922 0
endloop
endfacet
facet normal 0 0 1
outer loop
vertex 111.3883858987669 -213.63341544854768 1
vertex 111.42593923747815 -213.5096186815462 1
vertex 111.46798760171977 -213.37100380123303 1
endloop
endfacet
facet normal 0 0 1
outer loop
vertex 111.3883858987669 -213.63341544854768 1
vertex 111.46798760171977 -213.37100380123303 1
vertex 111.47374452060487 -213.35202578302417 1
endloop
endfacet
facet normal 0 0 1
outer loop
vertex 111.3883858987669 -213.63341544854768 1
vertex 111.47374452060487 -213.35202578302417 1
vertex 111.47374452060485 -213.35202578302417 0
endloop
endfacet
facet normal 0 0 1
outer loop
vertex 111.3883858987669 -213.63341544854768 1
vertex 111.47374452060485 -213.35202578302417 0
vertex 111.46798760171974 -213.37100380123306 0
endloop
endfacet
facet normal 0 0 1
outer loop
vertex 111.3883858987669 -213.63341544854768 1
vertex 111.46798760171974 -213.37100380123306 0
vertex 111.4259392374781 -213.50961868154627 0
endloop
endfacet
facet normal 0 0 1
outer loop
vertex 111.3883858987669 -213.63341544854768 1
vertex 111.4259392374781 -213.50961868154627 0
vertex 111.38838589876691 -213.63341544854774 0
endloop
endfacet
facet normal 0 0 1
outer loop
vertex 39.768630620604824 -216.09742388302422 1
vertex 39.77782935961983 -216.0040275184538 1
vertex 39.796202364262975 -215.81748327177962 1
endloop
endfacet
facet normal 0 0 1
outer loop
vertex 39.768630620604824 -216.09742388302422 1
vertex 39.796202364262975 -215.81748327177962 1
vertex 39.797452699999994 -215.80478839999995 1
endloop
endfacet
facet normal 0 0 1
outer loop
vertex 39.768630620604824 -216.09742388302422 1
vertex 39.797452699999994 -215.80478839999995 1
vertex 39.79745270000001 -215.8047884 0
endloop
endfacet
facet normal 0 0 1
outer loop
vertex 39.768630620604824 -216.09742388302422 1
vertex 39.79745270000001 -215.8047884 0
vertex 39.796202364262975 -215.8174832717797 0
endloop
endfacet
facet normal 0 0 1
outer loop
vertex 39.768630620604824 -216.09742388302422 1
vertex 39.796202364262975 -215.8174832717797 0
vertex 39.77782935961984 -216.00402751845382 0
endloop
endfacet
facet normal 0 0 1
outer loop
vertex 39.768630620604824 -216.09742388302422 1
vertex 39.77782935961984 -216.00402751845382 0
vertex 39.76863062060484 -216.09742388302425 0
endloop
endfacet
facet normal 0 0 1
outer loop
vertex 39.797452699999994 -215.80478839999995 1
vertex 39.776315464803744 -215.59017844952945 1
vertex 39.768630620604846 -215.51215291697582 1
endloop
endfacet
facet normal 0 0 1
outer loop
vertex 39.797452699999994 -215.80478839999995 1
vertex 39.768630620604846 -215.51215291697582 1
vertex 39.76863062060484 -215.51215291697577 0
endloop
endfacet
facet normal 0 0 1
outer loop
vertex 39.797452699999994 -215.80478839999995 1
vertex 39.76863062060484 -215.51215291697577 0
vertex 39.776315464803744 -215.5901784495294 0
endloop
endfacet
facet normal 0 0 1
outer loop
vertex 39.797452699999994 -215.80478839999995 1
vertex 39.776315464803744 -215.5901784495294 0
vertex 39.79745270000001 -215.8047884 0
endloop
endfacet
facet normal 0 0 1
outer loop
vertex 39.768630620604846 -215.51215291697582 1
vertex 39.713632450714606 -215.33084824854754 1
vertex 39.68327199876694 -215.23076325145237 1
endloop
endfacet
facet normal 0 0 1
outer loop
vertex 39.768630620604846 -215.51215291697582 1
vertex 39.68327199876694 -215.23076325145237 1
vertex 39.68327199876697 -215.2307632514525 0
endloop
endfacet
facet normal 0 0 1
outer loop
vertex 39.768630620604846 -215.51215291697582 1
vertex 39.68327199876697 -215.2307632514525 0
vertex 39.713632450714655 -215.33084824854768 0
endloop
endfacet
facet normal 0 0 1
outer loop
vertex 39.768630620604846 -215.51215291697582 1
vertex 39.713632450714655 -215.33084824854768 0
vertex 39.76863062060484 -215.51215291697577 0
endloop
endfacet
facet normal 0 0 -1
outer loop
vertex 39.68327199876694 -215.23076325145237 1
vertex 39.58636263449218 -215.04945858302415 1
vertex 39.54465711845375 -214.97143305047047 1
endloop
endfacet
facet normal 0 0 -1
outer loop
vertex 39.68327199876694 -215.23076325145237 1
vertex 39.54465711845375 -214.97143305047047 1
vertex 39.5446571184537 -214.9714330504704 0
endloop
endfacet
facet normal 0 0 -1
outer loop
vertex 39.68327199876694 -215.23076325145237 1
vertex 39.5446571184537 -214.9714330504704 0
vertex 39.58636263449218 -215.0494585830242 0
endloop
endfacet
facet normal 0 0 -1
outer loop
vertex 39.68327199876694 -215.23076325145237 1
vertex 39.58636263449218 -215.0494585830242 0
vertex 39.68327199876697 -215.2307632514525 0
endloop
endfacet
facet normal 0 0 1
outer loop
vertex 39.54465711845375 -214.97143305047047 1
vertex 39.36853128380186 -214.7568231 1
vertex 39.358112871779944 -214.74412822822026 1
endloop
endfacet
facet normal 0 0 1
outer loop
vertex 39.54465711845375 -214.97143305047047 1
vertex 39.358112871779944 -214.74412822822026 1
vertex 39.35811287177995 -214.7441282282203 0
endloop
endfacet
facet normal 0 0 1
outer loop
vertex 39.54465711845375 -214.97143305047047 1
vertex 39.35811287177995 -214.7441282282203 0
vertex 39.36853128380185 -214.7568231 0
endloop
endfacet
facet normal 0 0 1
outer loop
vertex 39.54465711845375 -214.97143305047047 1
vertex 39.36853128380185 -214.7568231 0
vertex 39.5446571184537 -214.9714330504704 0
endloop
endfacet
facet normal 0 0 -1
outer loop
vertex 39.358112871779944 -214.74412822822026 1
vertex 39.13300905493372 -214.55939030000002 1
vertex 39.13080804952952 -214.5575839815463 1
endloop
endfacet
facet normal 0 0 -1
outer loop
vertex 39.358112871779944 -214.74412822822026 1
vertex 39.13080804952952 -214.5575839815463 1
vertex 39.130808049529534 -214.55758398154632 0
endloop
endfacet
facet normal 0 0 -1
outer loop
vertex 39.358112871779944 -214.74412822822026 1
vertex 39.130808049529534 -214.55758398154632 0
vertex 39.13300905493367 -214.5593903 0
endloop
endfacet
facet normal 0 0 -1
outer loop
vertex 39.358112871779944 -214.74412822822026 1
vertex 39.13300905493367 -214.5593903 0
vertex 39.35811287177995 -214.7441282282203 0
endloop
endfacet
facet normal 0 0 -1
outer loop
vertex 39.13080804952952 -214.5575839815463 1
vertex 39.08026511576376 -214.53056822060486 1
vertex 38.9205703664933 -214.44520959876692 1
endloop
endfacet
facet normal 0 0 -1
outer loop
vertex 39.13080804952952 -214.5575839815463 1
vertex 38.9205703664933 -214.44520959876692 1
vertex 38.87147784854764 -214.4189691012331 1
endloop
endfacet
facet normal 0 0 -1
outer loop
vertex 39.13080804952952 -214.5575839815463 1
vertex 38.87147784854764 -214.4189691012331 1
vertex 38.871477848547585 -214.4189691012331 0
endloop
endfacet
facet normal 0 0 -1
outer loop
vertex 39.13080804952952 -214.5575839815463 1
vertex 38.871477848547585 -214.4189691012331 0
vertex 38.92057036649342 -214.445209598767 0
endloop
endfacet
facet normal 0 0 -1
outer loop
vertex 39.13080804952952 -214.5575839815463 1
vertex 38.92057036649342 -214.445209598767 0
vertex 39.080265115763666 -214.53056822060483 0
endloop
endfacet
facet normal 0 0 -1
outer loop
vertex 39.13080804952952 -214.5575839815463 1
vertex 39.080265115763666 -214.53056822060483 0
vertex 39.130808049529534 -214.55758398154632 0
endloop
endfacet
facet normal -0.2902846772544479 -0.9569403357322133 0
outer loop
vertex 38.87147784854764 -214.4189691012331 1
vertex 38.590088183024115 -214.33361047939516 1
vertex 38.590088183023965 -214.33361047939513 0
endloop
endfacet
facet normal -0.2902846772544479 -0.9569403357322133 0
outer loop
vertex 38.87147784854764 -214.4189691012331 1
vertex 38.590088183023965 -214.33361047939513 0
vertex 38.871477848547585 -214.4189691012331 0
endloop
endfacet
facet normal 0 0 -1
outer loop
vertex 38.590088183024115 -214.33361047939516 1
vertex 38.31579255903546 -214.3065947184538 1
vertex 38.29745269999994 -214.3047884 1
endloop
endfacet
facet normal 0 0 -1
outer loop
vertex 38.590088183024115 -214.33361047939516 1
vertex 38.29745269999994 -214.3047884 1
vertex 38.29745270000006 -214.3047884 0
endloop
endfacet
facet normal 0 0 -1
outer loop
vertex 38.590088183024115 -214.33361047939516 1
vertex 38.29745270000006 -214.3047884 0
vertex 38.31579255903478 -214.3065947184537 0
endloop
endfacet
facet normal 0 0 -1
outer loop
vertex 38.590088183024115 -214.33361047939516 1
vertex 38.31579255903478 -214.3065947184537 0
vertex 38.590088183023965 -214.33361047939513 0
endloop
endfacet
facet normal 0.09801714032954566 -0.9951847266721985 0
outer loop
vertex 38.29745269999994 -214.3047884 1
vertex 38.00481721697595 -214.33361047939516 1
vertex 38.00481721697603 -214.33361047939513 0
endloop
endfacet
facet normal 0.09801714032954566 -0.9951847266721985 0
outer loop
vertex 38.29745269999994 -214.3047884 1
vertex 38.00481721697603 -214.33361047939513 0
vertex 38.29745270000006 -214.3047884 0
endloop
endfacet
facet normal 0.2902846772544199 -0.9569403357322217 0
outer loop
vertex 38.00481721697595 -214.33361047939516 1
vertex 37.7234275514523 -214.4189691012331 1
vertex 37.72342755145237 -214.4189691012331 0
endloop
endfacet
facet normal 0.2902846772544199 -0.9569403357322217 0
outer loop
vertex 38.00481721697595 -214.33361047939516 1
vertex 37.72342755145237 -214.4189691012331 0
vertex 38.00481721697603 -214.33361047939513 0
endloop
endfacet
facet normal 0.47139673682602534 -0.8819212643483402 0
outer loop
vertex 37.7234275514523 -214.4189691012331 1
vertex 37.46409735047064 -214.5575839815463 1
vertex 37.46409735047038 -214.55758398154632 0
endloop
endfacet
facet normal 0.47139673682602534 -0.8819212643483402 0
outer loop
vertex 37.7234275514523 -214.4189691012331 1
vertex 37.46409735047038 -214.55758398154632 0
vertex 37.72342755145237 -214.4189691012331 0
endloop
endfacet
facet normal 0.634393284163597 -0.7730104533627769 0
outer loop
vertex 37.46409735047064 -214.5575839815463 1
vertex 37.23679252822009 -214.74412822822026 1
vertex 37.23679252822025 -214.7441282282203 0
endloop
endfacet
facet normal 0.634393284163597 -0.7730104533627769 0
outer loop
vertex 37.46409735047064 -214.5575839815463 1
vertex 37.23679252822025 -214.7441282282203 0
vertex 37.46409735047038 -214.55758398154632 0
endloop
endfacet
facet normal 0.7730104533627572 -0.6343932841636208 0
outer loop
vertex 37.23679252822009 -214.74412822822026 1
vertex 37.0502482815462 -214.97143305047047 1
vertex 37.050248281546374 -214.9714330504704 0
endloop
endfacet
facet normal 0.7730104533627572 -0.6343932841636208 0
outer loop
vertex 37.23679252822009 -214.74412822822026 1
vertex 37.050248281546374 -214.9714330504704 0
vertex 37.23679252822025 -214.7441282282203 0
endloop
endfacet
facet normal 0.8819212643483567 -0.47139673682599437 0
outer loop
vertex 37.0502482815462 -214.97143305047047 1
vertex 36.911633401233075 -215.23076325145237 1
vertex 36.911633401233 -215.2307632514525 0
endloop
endfacet
facet normal 0.8819212643483567 -0.47139673682599437 0
outer loop
vertex 37.0502482815462 -214.97143305047047 1
vertex 36.911633401233 -215.2307632514525 0
vertex 37.050248281546374 -214.9714330504704 0
endloop
endfacet
facet normal 0.9569403357322133 -0.2902846772544479 0
outer loop
vertex 36.911633401233075 -215.23076325145237 1
vertex 36.82627477939515 -215.51215291697582 1
vertex 36.826274779395185 -215.51215291697577 0
endloop
endfacet
facet normal 0.9569403357322133 -0.2902846772544479 0
outer loop
vertex 36.911633401233075 -215.23076325145237 1
vertex 36.826274779395185 -215.51215291697577 0
vertex 36.911633401233 -215.2307632514525 0
endloop
endfacet
facet normal 0.9951847266721956 -0.09801714032957423 0
outer loop
vertex 36.82627477939515 -215.51215291697582 1
vertex 36.79745270000001 -215.80478839999995 1
vertex 36.79745269999999 -215.8047884 0
endloop
endfacet
facet normal 0.9951847266721956 -0.09801714032957423 0
outer loop
vertex 36.82627477939515 -215.51215291697582 1
vertex 36.79745269999999 -215.8047884 0
vertex 36.826274779395185 -215.51215291697577 0
endloop
endfacet
facet normal 0.9951847266721956 0.0980171403295742 0
outer loop
vertex 36.79745270000001 -215.80478839999995 1
vertex 36.82627477939516 -216.09742388302422 1
vertex 36.82627477939517 -216.09742388302425 0
endloop
endfacet
facet normal 0.9951847266721956 0.0980171403295742 0
outer loop
vertex 36.79745270000001 -215.80478839999995 1
vertex 36.82627477939517 -216.09742388302425 0
vertex 36.79745269999999 -215.8047884 0
endloop
endfacet
facet normal 0.9569403357322133 0.2902846772544477 0
outer loop
vertex 36.82627477939516 -216.09742388302422 1
vertex 36.91163340123305 -216.37881354854756 1
vertex 36.911633401233026 -216.37881354854753 0
endloop
endfacet
facet normal 0.9569403357322133 0.2902846772544477 0
outer loop
vertex 36.82627477939516 -216.09742388302422 1
vertex 36.911633401233026 -216.37881354854753 0
vertex 36.82627477939517 -216.09742388302425 0
endloop
endfacet
facet normal 0.8819212643483568 0.4713967368259944 0
outer loop
vertex 36.91163340123305 -216.37881354854756 1
vertex 37.0502482815462 -216.63814374952943 1
vertex 37.050248281546196 -216.6381437495294 0
endloop
endfacet
facet normal 0.8819212643483568 0.4713967368259944 0
outer loop
vertex 36.91163340123305 -216.37881354854756 1
vertex 37.050248281546196 -216.6381437495294 0
vertex 36.911633401233026 -216.37881354854753 0
endloop
endfacet
facet normal 0.7730104533627641 0.6343932841636124 0
outer loop
vertex 37.0502482815462 -216.63814374952943 1
vertex 37.23679252822021 -216.86544857177987 1
vertex 37.23679252822029 -216.86544857177995 0
endloop
endfacet
facet normal 0.7730104533627641 0.6343932841636124 0
outer loop
vertex 37.0502482815462 -216.63814374952943 1
vertex 37.23679252822029 -216.86544857177995 0
vertex 37.050248281546196 -216.6381437495294 0
endloop
endfacet
facet normal 0.634393284163597 0.7730104533627769 0
outer loop
vertex 37.23679252822021 -216.86544857177987 1
vertex 37.464097350470624 -217.05199281845384 1
vertex 37.4640973504705 -217.05199281845375 0
endloop
endfacet
facet normal 0.634393284163597 0.7730104533627769 0
outer loop
vertex 37.23679252822021 -216.86544857177987 1
vertex 37.4640973504705 -217.05199281845375 0
vertex 37.23679252822029 -216.86544857177995 0
endloop
endfacet
facet normal 0.47139673682601946 0.8819212643483434 0
outer loop
vertex 37.464097350470624 -217.05199281845384 1
vertex 37.72342755145239 -217.19060769876697 1
vertex 37.72342755145233 -217.1906076987669 0
endloop
endfacet
facet normal 0.47139673682601946 0.8819212643483434 0
outer loop
vertex 37.464097350470624 -217.05199281845384 1
vertex 37.72342755145233 -217.1906076987669 0
vertex 37.4640973504705 -217.05199281845375 0
endloop
endfacet
facet normal 0.2902846772544479 0.9569403357322133 0
outer loop
vertex 37.72342755145239 -217.19060769876697 1
vertex 38.00481721697578 -217.27596632060485 1
vertex 38.00481721697595 -217.27596632060488 0
endloop
endfacet
facet normal 0.2902846772544479 0.9569403357322133 0
outer loop
vertex 37.72342755145239 -217.19060769876697 1
vertex 38.00481721697595 -217.27596632060488 0
vertex 37.72342755145233 -217.1906076987669 0
endloop
endfacet
facet normal 0.09801714032957415 0.9951847266721956 0
outer loop
vertex 38.00481721697578 -217.27596632060485 1
vertex 38.29745269999996 -217.3047884 1
vertex 38.29745269999984 -217.3047884 0
endloop
endfacet
facet normal 0.09801714032957415 0.9951847266721956 0
outer loop
vertex 38.00481721697578 -217.27596632060485 1
vertex 38.29745269999984 -217.3047884 0
vertex 38.00481721697595 -217.27596632060488 0
endloop
endfacet
facet normal -0.09801714032960263 0.9951847266721927 0
outer loop
vertex 38.29745269999996 -217.3047884 1
vertex 38.5900881830241 -217.27596632060485 1
vertex 38.590088183024335 -217.27596632060488 0
endloop
endfacet
facet normal -0.09801714032960263 0.9951847266721927 0
outer loop
vertex 38.29745269999996 -217.3047884 1
vertex 38.590088183024335 -217.27596632060488 0
vertex 38.29745269999984 -217.3047884 0
endloop
endfacet
facet normal -0.2902846772544179 0.9569403357322224 0
outer loop
vertex 38.5900881830241 -217.27596632060485 1
vertex 38.871477848547634 -217.19060769876697 1
vertex 38.871477848547556 -217.1906076987669 0
endloop
endfacet
facet normal -0.2902846772544179 0.9569403357322224 0
outer loop
vertex 38.5900881830241 -217.27596632060485 1
vertex 38.871477848547556 -217.1906076987669 0
vertex 38.590088183024335 -217.27596632060488 0
endloop
endfacet
facet normal -0.47139673682604744 0.8819212643483284 0
outer loop
vertex 38.871477848547634 -217.19060769876697 1
vertex 39.130808049529406 -217.05199281845384 1
vertex 39.13080804952946 -217.05199281845375 0
endloop
endfacet
facet normal -0.47139673682604744 0.8819212643483284 0
outer loop
vertex 38.871477848547634 -217.19060769876697 1
vertex 39.13080804952946 -217.05199281845375 0
vertex 38.871477848547556 -217.1906076987669 0
endloop
endfacet
facet normal -0.63439328416359 0.7730104533627824 0
outer loop
vertex 39.130808049529406 -217.05199281845384 1
vertex 39.35811287177973 -216.86544857177987 1
vertex 39.35811287177981 -216.86544857177995 0
endloop
endfacet
facet normal -0.63439328416359 0.7730104533627824 0
outer loop
vertex 39.130808049529406 -217.05199281845384 1
vertex 39.35811287177981 -216.86544857177995 0
vertex 39.13080804952946 -217.05199281845375 0
endloop
endfacet
facet normal -0.7730104533627572 0.6343932841636208 0
outer loop
vertex 39.35811287177973 -216.86544857177987 1
vertex 39.54465711845386 -216.63814374952943 1
vertex 39.54465711845384 -216.6381437495294 0
endloop
endfacet
facet normal -0.7730104533627572 0.6343932841636208 0
outer loop
vertex 39.35811287177973 -216.86544857177987 1
vertex 39.54465711845384 -216.6381437495294 0
vertex 39.35811287177981 -216.86544857177995 0
endloop
endfacet
facet normal -0.8819212643483494 0.47139673682600847 0
outer loop
vertex 39.54465711845386 -216.63814374952943 1
vertex 39.68327199876696 -216.37881354854756 1
vertex 39.68327199876697 -216.37881354854753 0
endloop
endfacet
facet normal -0.8819212643483494 0.47139673682600847 0
outer loop
vertex 39.54465711845386 -216.63814374952943 1
vertex 39.68327199876697 -216.37881354854753 0
vertex 39.54465711845384 -216.6381437495294 0
endloop
endfacet
facet normal 0 0 -1
outer loop
vertex 39.68327199876696 -216.37881354854756 1
vertex 39.720277396765624 -216.25682309999996 1
vertex 39.729020478964806 -216.22800102060484 1
endloop
endfacet
facet normal 0 0 -1
outer loop
vertex 39.68327199876696 -216.37881354854756 1
vertex 39.729020478964806 -216.22800102060484 1
vertex 39.75491373381662 -216.14264239876695 1
endloop
endfacet
facet normal 0 0 -1
outer loop
vertex 39.68327199876696 -216.37881354854756 1
vertex 39.75491373381662 -216.14264239876695 1
vertex 39.768630620604824 -216.09742388302422 1
endloop
endfacet
facet normal 0 0 -1
outer loop
vertex 39.68327199876696 -216.37881354854756 1
vertex 39.768630620604824 -216.09742388302422 1
vertex 39.76863062060484 -216.09742388302425 0
endloop
endfacet
facet normal 0 0 -1
outer loop
vertex 39.68327199876696 -216.37881354854756 1
vertex 39.76863062060484 -216.09742388302425 0
vertex 39.754913733816636 -216.14264239876698 0
endloop
endfacet
facet normal 0 0 -1
outer loop
vertex 39.68327199876696 -216.37881354854756 1
vertex 39.754913733816636 -216.14264239876698 0
vertex 39.729020478964834 -216.2280010206048 0
endloop
endfacet
facet normal 0 0 -1
outer loop
vertex 39.68327199876696 -216.37881354854756 1
vertex 39.729020478964834 -216.2280010206048 0
vertex 39.72027739676564 -216.2568231 0
endloop
endfacet
facet normal 0 0 -1
outer loop
vertex 39.68327199876696 -216.37881354854756 1
vertex 39.72027739676564 -216.2568231 0
vertex 39.68327199876697 -216.37881354854753 0
endloop
endfacet
endsolid csg.js
